#include "stdafx.h"

UCHAR PI_GCS2_DLL_data[0x2B000] = {
0xE0,0x23,0x4D,0x10,0x00,0x00,0x00,0x00,0x2E,0x3F,0x41,0x56,0x77,0x78,0x44,0x4C,0x4C,0x41,0x70,0x70,0x40,0x40,0x00,0x00,0xE0,0x23,0x4D,0x10,0x00,0x00,0x00,0x00,0x2E,0x3F,0x41,0x56,0x77,0x78,0x41,0x70,0x70,0x40,0x40,0x00,0xE0,0x23,0x4D,0x10,0x00,0x00,
0x00,0x00,0x2E,0x3F,0x41,0x56,0x77,0x78,0x41,0x70,0x70,0x42,0x61,0x73,0x65,0x40,0x40,0x00,0xE0,0x23,0x4D,0x10,0x00,0x00,0x00,0x00,0x2E,0x3F,0x41,0x56,0x77,0x78,0x41,0x70,0x70,0x43,0x6F,0x6E,0x73,0x6F,0x6C,0x65,0x40,0x40,0x00,0x00,0xE0,0x23,0x4D,0x10,
0x00,0x00,0x00,0x00,0x2E,0x3F,0x41,0x56,0x77,0x78,0x45,0x76,0x74,0x48,0x61,0x6E,0x64,0x6C,0x65,0x72,0x40,0x40,0x00,0x00,0xE0,0x23,0x4D,0x10,0x00,0x00,0x00,0x00,0x2E,0x3F,0x41,0x56,0x77,0x78,0x4F,0x62,0x6A,0x65,0x63,0x74,0x40,0x40,0x00,0x00,0xE0,0x23,
0x4D,0x10,0x00,0x00,0x00,0x00,0x2E,0x3F,0x41,0x56,0x43,0x6E,0x43,0x6F,0x6E,0x66,0x69,0x67,0x75,0x72,0x61,0x74,0x69,0x6F,0x6E,0x44,0x65,0x70,0x65,0x6E,0x64,0x65,0x6E,0x74,0x42,0x65,0x68,0x61,0x76,0x69,0x6F,0x72,0x40,0x40,0x00,0x00,0xE0,0x23,0x4D,0x10,
0x00,0x00,0x00,0x00,0x2E,0x3F,0x41,0x56,0x62,0x61,0x64,0x5F,0x61,0x6C,0x6C,0x6F,0x63,0x40,0x73,0x74,0x64,0x40,0x40,0x00,0xE0,0x23,0x4D,0x10,0x00,0x00,0x00,0x00,0x2E,0x3F,0x41,0x56,0x65,0x78,0x63,0x65,0x70,0x74,0x69,0x6F,0x6E,0x40,0x73,0x74,0x64,0x40,
0x40,0x00,0xE0,0x23,0x4D,0x10,0x00,0x00,0x00,0x00,0x2E,0x3F,0x41,0x56,0x73,0x70,0x5F,0x63,0x6F,0x75,0x6E,0x74,0x65,0x64,0x5F,0x62,0x61,0x73,0x65,0x40,0x64,0x65,0x74,0x61,0x69,0x6C,0x40,0x62,0x6F,0x6F,0x73,0x74,0x40,0x40,0x00,0x00,0xE0,0x23,0x4D,0x10,
0x00,0x00,0x00,0x00,0x2E,0x3F,0x41,0x56,0x43,0x6E,0x42,0x65,0x68,0x61,0x76,0x69,0x6F,0x72,0x46,0x6F,0x72,0x43,0x6F,0x6E,0x66,0x69,0x67,0x75,0x72,0x61,0x74,0x69,0x6F,0x6E,0x57,0x69,0x74,0x68,0x47,0x55,0x49,0x40,0x40,0x00,0xE0,0x23,0x4D,0x10,0x00,0x00,
0x00,0x00,0x2E,0x3F,0x41,0x56,0x3F,0x24,0x73,0x70,0x5F,0x63,0x6F,0x75,0x6E,0x74,0x65,0x64,0x5F,0x69,0x6D,0x70,0x6C,0x5F,0x70,0x40,0x56,0x43,0x6E,0x42,0x65,0x68,0x61,0x76,0x69,0x6F,0x72,0x46,0x6F,0x72,0x43,0x6F,0x6E,0x66,0x69,0x67,0x75,0x72,0x61,0x74,
0x69,0x6F,0x6E,0x57,0x69,0x74,0x68,0x47,0x55,0x49,0x40,0x40,0x40,0x64,0x65,0x74,0x61,0x69,0x6C,0x40,0x62,0x6F,0x6F,0x73,0x74,0x40,0x40,0x00,0xE0,0x23,0x4D,0x10,0x00,0x00,0x00,0x00,0x2E,0x3F,0x41,0x56,0x43,0x43,0x34,0x31,0x33,0x5F,0x47,0x43,0x53,0x32,
0x5F,0x43,0x6F,0x6E,0x74,0x72,0x6F,0x6C,0x6C,0x65,0x72,0x40,0x40,0x00,0xE0,0x23,0x4D,0x10,0x00,0x00,0x00,0x00,0x2E,0x3F,0x41,0x56,0x43,0x50,0x69,0x47,0x47,0x63,0x73,0x32,0x43,0x6F,0x6E,0x74,0x72,0x6F,0x6C,0x6C,0x65,0x72,0x40,0x40,0x00,0x00,0x00,0x00,
0xE0,0x23,0x4D,0x10,0x00,0x00,0x00,0x00,0x2E,0x3F,0x41,0x56,0x43,0x43,0x36,0x36,0x33,0x5F,0x47,0x43,0x53,0x32,0x5F,0x43,0x6F,0x6E,0x74,0x72,0x6F,0x6C,0x6C,0x65,0x72,0x40,0x40,0x00,0xE0,0x23,0x4D,0x10,0x00,0x00,0x00,0x00,0x2E,0x3F,0x41,0x56,0x50,0x49,
0x5F,0x54,0x49,0x5F,0x44,0x53,0x50,0x5F,0x47,0x43,0x53,0x32,0x5F,0x43,0x6F,0x6E,0x74,0x72,0x6F,0x6C,0x6C,0x65,0x72,0x40,0x40,0x00,0xE0,0x23,0x4D,0x10,0x00,0x00,0x00,0x00,0x2E,0x3F,0x41,0x56,0x43,0x43,0x38,0x36,0x33,0x5F,0x47,0x43,0x53,0x32,0x5F,0x43,
0x6F,0x6E,0x74,0x72,0x6F,0x6C,0x6C,0x65,0x72,0x40,0x40,0x00,0xE0,0x23,0x4D,0x10,0x00,0x00,0x00,0x00,0x2E,0x3F,0x41,0x56,0x43,0x43,0x38,0x36,0x37,0x5F,0x47,0x43,0x53,0x32,0x5F,0x43,0x6F,0x6E,0x74,0x72,0x6F,0x6C,0x6C,0x65,0x72,0x40,0x40,0x00,0xE0,0x23,
0x4D,0x10,0x00,0x00,0x00,0x00,0x2E,0x3F,0x41,0x56,0x43,0x43,0x38,0x38,0x34,0x5F,0x47,0x43,0x53,0x32,0x5F,0x43,0x6F,0x6E,0x74,0x72,0x6F,0x6C,0x6C,0x65,0x72,0x40,0x40,0x00,0xE0,0x23,0x4D,0x10,0x00,0x00,0x00,0x00,0x2E,0x3F,0x41,0x56,0x43,0x6E,0x42,0x65,
0x68,0x61,0x76,0x69,0x6F,0x72,0x46,0x6F,0x72,0x43,0x6F,0x6E,0x66,0x69,0x67,0x75,0x72,0x61,0x74,0x69,0x6F,0x6E,0x57,0x69,0x74,0x68,0x6F,0x75,0x74,0x47,0x55,0x49,0x40,0x40,0x00,0x00,0xE0,0x23,0x4D,0x10,0x00,0x00,0x00,0x00,0x2E,0x3F,0x41,0x56,0x43,0x6E,
0x43,0x38,0x38,0x35,0x5F,0x47,0x43,0x53,0x32,0x5F,0x43,0x6F,0x6E,0x74,0x72,0x6F,0x6C,0x6C,0x65,0x72,0x40,0x40,0x00,0x00,0x00,0x00,0xE0,0x23,0x4D,0x10,0x00,0x00,0x00,0x00,0x2E,0x3F,0x41,0x56,0x43,0x6E,0x43,0x38,0x39,0x31,0x5F,0x47,0x43,0x53,0x32,0x5F,
0x43,0x6F,0x6E,0x74,0x72,0x6F,0x6C,0x6C,0x65,0x72,0x40,0x40,0x00,0x00,0x00,0x00,0xE0,0x23,0x4D,0x10,0x00,0x00,0x00,0x00,0x2E,0x3F,0x41,0x56,0x3F,0x24,0x73,0x70,0x5F,0x63,0x6F,0x75,0x6E,0x74,0x65,0x64,0x5F,0x69,0x6D,0x70,0x6C,0x5F,0x70,0x40,0x56,0x43,
0x6E,0x53,0x74,0x61,0x67,0x65,0x43,0x6F,0x6E,0x66,0x69,0x67,0x75,0x72,0x61,0x74,0x6F,0x72,0x40,0x53,0x74,0x61,0x67,0x65,0x43,0x6F,0x6E,0x66,0x69,0x67,0x75,0x72,0x61,0x74,0x6F,0x72,0x40,0x50,0x49,0x40,0x40,0x40,0x64,0x65,0x74,0x61,0x69,0x6C,0x40,0x62,
0x6F,0x6F,0x73,0x74,0x40,0x40,0x00,0x00,0xE0,0x23,0x4D,0x10,0x00,0x00,0x00,0x00,0x2E,0x3F,0x41,0x56,0x43,0x6E,0x53,0x74,0x61,0x67,0x65,0x43,0x6F,0x6E,0x66,0x69,0x67,0x75,0x72,0x61,0x74,0x6F,0x72,0x41,0x67,0x65,0x6E,0x74,0x40,0x53,0x74,0x61,0x67,0x65,
0x43,0x6F,0x6E,0x66,0x69,0x67,0x75,0x72,0x61,0x74,0x6F,0x72,0x40,0x50,0x49,0x40,0x40,0x00,0xE0,0x23,0x4D,0x10,0x00,0x00,0x00,0x00,0x2E,0x3F,0x41,0x56,0x49,0x6E,0x53,0x74,0x61,0x67,0x65,0x43,0x6F,0x6E,0x66,0x69,0x67,0x75,0x72,0x61,0x74,0x6F,0x72,0x41,
0x67,0x65,0x6E,0x74,0x40,0x53,0x74,0x61,0x67,0x65,0x43,0x6F,0x6E,0x66,0x69,0x67,0x75,0x72,0x61,0x74,0x6F,0x72,0x40,0x50,0x49,0x40,0x40,0x00,0xE0,0x23,0x4D,0x10,0x00,0x00,0x00,0x00,0x2E,0x3F,0x41,0x56,0x43,0x6E,0x45,0x37,0x35,0x34,0x47,0x63,0x73,0x32,
0x43,0x6F,0x6E,0x74,0x72,0x6F,0x6C,0x6C,0x65,0x72,0x40,0x50,0x49,0x5F,0x47,0x43,0x53,0x32,0x5F,0x44,0x4C,0x4C,0x40,0x50,0x49,0x40,0x40,0x00,0x00,0x00,0xE0,0x23,0x4D,0x10,0x00,0x00,0x00,0x00,0x2E,0x3F,0x41,0x56,0x43,0x50,0x49,0x5F,0x47,0x43,0x53,0x32,
0x5F,0x4D,0x6F,0x64,0x46,0x69,0x72,0x6D,0x77,0x61,0x72,0x65,0x40,0x40,0x00,0x00,0xE0,0x23,0x4D,0x10,0x00,0x00,0x00,0x00,0x2E,0x3F,0x41,0x56,0x43,0x6E,0x45,0x38,0x35,0x32,0x5F,0x47,0x43,0x53,0x32,0x5F,0x43,0x6F,0x6E,0x74,0x72,0x6F,0x6C,0x6C,0x65,0x72,
0x40,0x40,0x00,0x00,0x00,0x00,0x00,0x00,0x00,0x00,0xE0,0x23,0x4D,0x10,0x00,0x00,0x00,0x00,0x2E,0x3F,0x41,0x56,0x3F,0x24,0x73,0x70,0x5F,0x63,0x6F,0x75,0x6E,0x74,0x65,0x64,0x5F,0x69,0x6D,0x70,0x6C,0x5F,0x70,0x40,0x56,0x43,0x50,0x49,0x43,0x72,0x69,0x74,
0x69,0x63,0x61,0x6C,0x53,0x65,0x63,0x74,0x69,0x6F,0x6E,0x40,0x40,0x40,0x64,0x65,0x74,0x61,0x69,0x6C,0x40,0x62,0x6F,0x6F,0x73,0x74,0x40,0x40,0x00,0x00,0x00,0x00,0xE0,0x23,0x4D,0x10,0x00,0x00,0x00,0x00,0x2E,0x3F,0x41,0x56,0x43,0x6E,0x45,0x38,0x37,0x32,
0x47,0x43,0x53,0x32,0x43,0x6F,0x6E,0x74,0x72,0x6F,0x6C,0x6C,0x65,0x72,0x40,0x40,0x00,0x00,0xE0,0x23,0x4D,0x10,0x00,0x00,0x00,0x00,0x2E,0x3F,0x41,0x56,0x43,0x6E,0x45,0x38,0x37,0x33,0x5F,0x47,0x43,0x53,0x32,0x5F,0x43,0x6F,0x6E,0x74,0x72,0x6F,0x6C,0x6C,
0x65,0x72,0x40,0x40,0x00,0x00,0x00,0x00,0xE0,0x23,0x4D,0x10,0x00,0x00,0x00,0x00,0x2E,0x3F,0x41,0x56,0x43,0x6E,0x53,0x74,0x61,0x67,0x65,0x49,0x6E,0x66,0x6F,0x46,0x69,0x6C,0x65,0x43,0x6F,0x6E,0x74,0x72,0x6F,0x6C,0x6C,0x65,0x72,0x40,0x40,0x00,0xE0,0x23,
0x4D,0x10,0x00,0x00,0x00,0x00,0x2E,0x3F,0x41,0x56,0x43,0x45,0x35,0x31,0x37,0x47,0x63,0x73,0x32,0x43,0x6F,0x6E,0x74,0x72,0x6F,0x6C,0x6C,0x65,0x72,0x5F,0x30,0x5F,0x30,0x30,0x30,0x40,0x40,0x00,0xE0,0x23,0x4D,0x10,0x00,0x00,0x00,0x00,0x2E,0x3F,0x41,0x56,
0x43,0x45,0x35,0x31,0x38,0x47,0x63,0x73,0x32,0x43,0x6F,0x6E,0x74,0x72,0x6F,0x6C,0x6C,0x65,0x72,0x5F,0x30,0x5F,0x30,0x30,0x30,0x40,0x40,0x00,0xE0,0x23,0x4D,0x10,0x00,0x00,0x00,0x00,0x2E,0x3F,0x41,0x56,0x43,0x45,0x37,0x30,0x39,0x47,0x63,0x73,0x32,0x43,
0x6F,0x6E,0x74,0x72,0x6F,0x6C,0x6C,0x65,0x72,0x5F,0x30,0x5F,0x30,0x30,0x30,0x40,0x40,0x00,0xE0,0x23,0x4D,0x10,0x00,0x00,0x00,0x00,0x2E,0x3F,0x41,0x56,0x43,0x45,0x37,0x31,0x32,0x47,0x63,0x73,0x32,0x43,0x6F,0x6E,0x74,0x72,0x6F,0x6C,0x6C,0x65,0x72,0x5F,
0x30,0x5F,0x30,0x30,0x30,0x40,0x40,0x00,0xE0,0x23,0x4D,0x10,0x00,0x00,0x00,0x00,0x2E,0x3F,0x41,0x56,0x43,0x45,0x37,0x32,0x33,0x47,0x63,0x73,0x32,0x43,0x6F,0x6E,0x74,0x72,0x6F,0x6C,0x6C,0x65,0x72,0x5F,0x30,0x5F,0x30,0x30,0x30,0x40,0x40,0x00,0xE0,0x23,
0x4D,0x10,0x00,0x00,0x00,0x00,0x2E,0x3F,0x41,0x56,0x43,0x45,0x37,0x32,0x35,0x47,0x63,0x73,0x32,0x43,0x6F,0x6E,0x74,0x72,0x6F,0x6C,0x6C,0x65,0x72,0x5F,0x30,0x5F,0x30,0x30,0x30,0x40,0x40,0x00,0xE0,0x23,0x4D,0x10,0x00,0x00,0x00,0x00,0x2E,0x3F,0x41,0x56,
0x43,0x45,0x37,0x32,0x37,0x47,0x63,0x73,0x32,0x43,0x6F,0x6E,0x74,0x72,0x6F,0x6C,0x6C,0x65,0x72,0x5F,0x30,0x5F,0x30,0x30,0x30,0x40,0x40,0x00,0xE0,0x23,0x4D,0x10,0x00,0x00,0x00,0x00,0x2E,0x3F,0x41,0x56,0x43,0x45,0x37,0x35,0x33,0x47,0x63,0x73,0x32,0x43,
0x6F,0x6E,0x74,0x72,0x6F,0x6C,0x6C,0x65,0x72,0x5F,0x30,0x5F,0x30,0x30,0x30,0x40,0x40,0x00,0xE0,0x23,0x4D,0x10,0x00,0x00,0x00,0x00,0x2E,0x3F,0x41,0x56,0x43,0x45,0x37,0x35,0x35,0x47,0x63,0x73,0x32,0x43,0x6F,0x6E,0x74,0x72,0x6F,0x6C,0x6C,0x65,0x72,0x5F,
0x32,0x5F,0x30,0x33,0x32,0x40,0x40,0x00,0xE0,0x23,0x4D,0x10,0x00,0x00,0x00,0x00,0x2E,0x3F,0x41,0x56,0x43,0x45,0x37,0x35,0x35,0x47,0x63,0x73,0x32,0x43,0x6F,0x6E,0x74,0x72,0x6F,0x6C,0x6C,0x65,0x72,0x5F,0x32,0x5F,0x30,0x33,0x32,0x5F,0x5F,0x31,0x30,0x31,
0x40,0x40,0x00,0x00,0x00,0x00,0xE0,0x23,0x4D,0x10,0x00,0x00,0x00,0x00,0x2E,0x3F,0x41,0x56,0x43,0x45,0x37,0x35,0x35,0x47,0x63,0x73,0x32,0x43,0x6F,0x6E,0x74,0x72,0x6F,0x6C,0x6C,0x65,0x72,0x5F,0x32,0x5F,0x31,0x31,0x40,0x40,0x00,0x00,0xE0,0x23,0x4D,0x10,
0x00,0x00,0x00,0x00,0x2E,0x3F,0x41,0x56,0x43,0x45,0x38,0x36,0x31,0x5F,0x47,0x43,0x53,0x32,0x5F,0x43,0x6F,0x6E,0x74,0x72,0x6F,0x6C,0x6C,0x65,0x72,0x40,0x40,0x00,0xE0,0x23,0x4D,0x10,0x00,0x00,0x00,0x00,0x2E,0x3F,0x41,0x56,0x43,0x45,0x38,0x37,0x30,0x5F,
0x47,0x43,0x53,0x32,0x5F,0x43,0x6F,0x6E,0x74,0x72,0x6F,0x6C,0x6C,0x65,0x72,0x40,0x40,0x00,0xE0,0x23,0x4D,0x10,0x00,0x00,0x00,0x00,0x2E,0x3F,0x41,0x56,0x43,0x45,0x38,0x37,0x31,0x5F,0x47,0x43,0x53,0x32,0x5F,0x43,0x6F,0x6E,0x74,0x72,0x6F,0x6C,0x6C,0x65,
0x72,0x40,0x40,0x00,0xE0,0x23,0x4D,0x10,0x00,0x00,0x00,0x00,0x2E,0x3F,0x41,0x56,0x47,0x43,0x53,0x45,0x72,0x72,0x6F,0x72,0x45,0x78,0x65,0x70,0x74,0x69,0x6F,0x6E,0x40,0x53,0x74,0x61,0x67,0x65,0x43,0x6F,0x6E,0x66,0x69,0x67,0x75,0x72,0x61,0x74,0x6F,0x72,
0x40,0x50,0x49,0x40,0x40,0x00,0x00,0x00,0x00,0x00,0xE0,0x23,0x4D,0x10,0x00,0x00,0x00,0x00,0x2E,0x3F,0x41,0x56,0x3F,0x24,0x73,0x70,0x5F,0x63,0x6F,0x75,0x6E,0x74,0x65,0x64,0x5F,0x69,0x6D,0x70,0x6C,0x5F,0x70,0x64,0x40,0x50,0x41,0x56,0x43,0x6E,0x52,0x75,
0x6E,0x43,0x6D,0x64,0x73,0x4F,0x6E,0x43,0x6F,0x6E,0x74,0x72,0x6F,0x6C,0x6C,0x65,0x72,0x56,0x69,0x61,0x47,0x43,0x53,0x43,0x6F,0x6D,0x6D,0x61,0x6E,0x64,0x73,0x40,0x40,0x56,0x3F,0x24,0x73,0x70,0x5F,0x6D,0x73,0x5F,0x64,0x65,0x6C,0x65,0x74,0x65,0x72,0x40,
0x56,0x43,0x6E,0x52,0x75,0x6E,0x43,0x6D,0x64,0x73,0x4F,0x6E,0x43,0x6F,0x6E,0x74,0x72,0x6F,0x6C,0x6C,0x65,0x72,0x56,0x69,0x61,0x47,0x43,0x53,0x43,0x6F,0x6D,0x6D,0x61,0x6E,0x64,0x73,0x40,0x40,0x40,0x64,0x65,0x74,0x61,0x69,0x6C,0x40,0x62,0x6F,0x6F,0x73,
0x74,0x40,0x40,0x40,0x64,0x65,0x74,0x61,0x69,0x6C,0x40,0x62,0x6F,0x6F,0x73,0x74,0x40,0x40,0x00,0x00,0xE0,0x23,0x4D,0x10,0x00,0x00,0x00,0x00,0x2E,0x3F,0x41,0x56,0x3F,0x24,0x73,0x70,0x5F,0x6D,0x73,0x5F,0x64,0x65,0x6C,0x65,0x74,0x65,0x72,0x40,0x56,0x43,
0x6E,0x52,0x75,0x6E,0x43,0x6D,0x64,0x73,0x4F,0x6E,0x43,0x6F,0x6E,0x74,0x72,0x6F,0x6C,0x6C,0x65,0x72,0x56,0x69,0x61,0x47,0x43,0x53,0x43,0x6F,0x6D,0x6D,0x61,0x6E,0x64,0x73,0x40,0x40,0x40,0x64,0x65,0x74,0x61,0x69,0x6C,0x40,0x62,0x6F,0x6F,0x73,0x74,0x40,
0x40,0x00,0x00,0x00,0xE0,0x23,0x4D,0x10,0x00,0x00,0x00,0x00,0x2E,0x3F,0x41,0x56,0x43,0x48,0x65,0x78,0x61,0x70,0x6F,0x64,0x47,0x63,0x73,0x32,0x43,0x6F,0x6E,0x74,0x72,0x6F,0x6C,0x6C,0x65,0x72,0x5F,0x30,0x5F,0x30,0x30,0x30,0x40,0x40,0x00,0x00,0xE0,0x23,
0x4D,0x10,0x00,0x00,0x00,0x00,0x2E,0x3F,0x41,0x56,0x72,0x75,0x6E,0x74,0x69,0x6D,0x65,0x5F,0x65,0x72,0x72,0x6F,0x72,0x40,0x73,0x74,0x64,0x40,0x40,0x00,0xE0,0x23,0x4D,0x10,0x00,0x00,0x00,0x00,0x2E,0x3F,0x41,0x56,0x66,0x61,0x63,0x65,0x74,0x40,0x6C,0x6F,
0x63,0x61,0x6C,0x65,0x40,0x73,0x74,0x64,0x40,0x40,0x00,0x00,0xE0,0x23,0x4D,0x10,0x00,0x00,0x00,0x00,0x2E,0x3F,0x41,0x55,0x63,0x74,0x79,0x70,0x65,0x5F,0x62,0x61,0x73,0x65,0x40,0x73,0x74,0x64,0x40,0x40,0x00,0x00,0x00,0x00,0xE0,0x23,0x4D,0x10,0x00,0x00,
0x00,0x00,0x2E,0x3F,0x41,0x56,0x69,0x6F,0x73,0x5F,0x62,0x61,0x73,0x65,0x40,0x73,0x74,0x64,0x40,0x40,0x00,0x00,0xE0,0x23,0x4D,0x10,0x00,0x00,0x00,0x00,0x2E,0x3F,0x41,0x56,0x3F,0x24,0x5F,0x49,0x6F,0x73,0x62,0x40,0x48,0x40,0x73,0x74,0x64,0x40,0x40,0x00,
0xE0,0x23,0x4D,0x10,0x00,0x00,0x00,0x00,0x2E,0x3F,0x41,0x56,0x3F,0x24,0x62,0x61,0x73,0x69,0x63,0x5F,0x69,0x73,0x74,0x72,0x65,0x61,0x6D,0x40,0x44,0x55,0x3F,0x24,0x63,0x68,0x61,0x72,0x5F,0x74,0x72,0x61,0x69,0x74,0x73,0x40,0x44,0x40,0x73,0x74,0x64,0x40,
0x40,0x40,0x73,0x74,0x64,0x40,0x40,0x00,0x00,0x00,0xE0,0x23,0x4D,0x10,0x00,0x00,0x00,0x00,0x2E,0x3F,0x41,0x56,0x3F,0x24,0x62,0x61,0x73,0x69,0x63,0x5F,0x69,0x6F,0x73,0x40,0x44,0x55,0x3F,0x24,0x63,0x68,0x61,0x72,0x5F,0x74,0x72,0x61,0x69,0x74,0x73,0x40,
0x44,0x40,0x73,0x74,0x64,0x40,0x40,0x40,0x73,0x74,0x64,0x40,0x40,0x00,0x00,0x00,0xE0,0x23,0x4D,0x10,0x00,0x00,0x00,0x00,0x2E,0x3F,0x41,0x56,0x3F,0x24,0x63,0x74,0x79,0x70,0x65,0x40,0x44,0x40,0x73,0x74,0x64,0x40,0x40,0x00,0xE0,0x23,0x4D,0x10,0x00,0x00,
0x00,0x00,0x2E,0x3F,0x41,0x56,0x73,0x79,0x73,0x74,0x65,0x6D,0x5F,0x65,0x72,0x72,0x6F,0x72,0x40,0x73,0x74,0x64,0x40,0x40,0x00,0x00,0xE0,0x23,0x4D,0x10,0x00,0x00,0x00,0x00,0x2E,0x3F,0x41,0x56,0x66,0x61,0x69,0x6C,0x75,0x72,0x65,0x40,0x69,0x6F,0x73,0x5F,
0x62,0x61,0x73,0x65,0x40,0x73,0x74,0x64,0x40,0x40,0x00,0x00,0xE0,0x23,0x4D,0x10,0x00,0x00,0x00,0x00,0x2E,0x3F,0x41,0x56,0x3F,0x24,0x62,0x61,0x73,0x69,0x63,0x5F,0x73,0x74,0x72,0x65,0x61,0x6D,0x62,0x75,0x66,0x40,0x44,0x55,0x3F,0x24,0x63,0x68,0x61,0x72,
0x5F,0x74,0x72,0x61,0x69,0x74,0x73,0x40,0x44,0x40,0x73,0x74,0x64,0x40,0x40,0x40,0x73,0x74,0x64,0x40,0x40,0x00,0xE0,0x23,0x4D,0x10,0x00,0x00,0x00,0x00,0x2E,0x3F,0x41,0x56,0x3F,0x24,0x62,0x61,0x73,0x69,0x63,0x5F,0x73,0x74,0x72,0x69,0x6E,0x67,0x62,0x75,
0x66,0x40,0x44,0x55,0x3F,0x24,0x63,0x68,0x61,0x72,0x5F,0x74,0x72,0x61,0x69,0x74,0x73,0x40,0x44,0x40,0x73,0x74,0x64,0x40,0x40,0x56,0x3F,0x24,0x61,0x6C,0x6C,0x6F,0x63,0x61,0x74,0x6F,0x72,0x40,0x44,0x40,0x32,0x40,0x40,0x73,0x74,0x64,0x40,0x40,0x00,0x00,
0x00,0x00,0xE0,0x23,0x4D,0x10,0x00,0x00,0x00,0x00,0x2E,0x3F,0x41,0x56,0x3F,0x24,0x62,0x61,0x73,0x69,0x63,0x5F,0x69,0x73,0x74,0x72,0x69,0x6E,0x67,0x73,0x74,0x72,0x65,0x61,0x6D,0x40,0x44,0x55,0x3F,0x24,0x63,0x68,0x61,0x72,0x5F,0x74,0x72,0x61,0x69,0x74,
0x73,0x40,0x44,0x40,0x73,0x74,0x64,0x40,0x40,0x56,0x3F,0x24,0x61,0x6C,0x6C,0x6F,0x63,0x61,0x74,0x6F,0x72,0x40,0x44,0x40,0x32,0x40,0x40,0x73,0x74,0x64,0x40,0x40,0x00,0x00,0x00,0x00,0xE0,0x23,0x4D,0x10,0x00,0x00,0x00,0x00,0x2E,0x3F,0x41,0x56,0x62,0x61,
0x64,0x5F,0x63,0x61,0x73,0x74,0x40,0x73,0x74,0x64,0x40,0x40,0x00,0x00,0xE0,0x23,0x4D,0x10,0x00,0x00,0x00,0x00,0x2E,0x3F,0x41,0x56,0x45,0x47,0x43,0x53,0x41,0x72,0x72,0x61,0x79,0x45,0x78,0x63,0x65,0x70,0x74,0x69,0x6F,0x6E,0x40,0x40,0x00,0x00,0x00,0x00,
0xE0,0x23,0x4D,0x10,0x00,0x00,0x00,0x00,0x2E,0x3F,0x41,0x56,0x43,0x50,0x69,0x47,0x63,0x73,0x32,0x46,0x75,0x6E,0x63,0x74,0x69,0x6F,0x6E,0x73,0x40,0x40,0x00,0x00,0x00,0x00,0x00,0x00,0x00,0x00,0x00,0x00,0x00,0x00,0x00,0x00,0x00,0x00,0x00,0x00,0x00,0x00,
0x00,0x00,0x0F,0x00,0x00,0x00,0x00,0x00,0x00,0x00,0x00,0x00,0x00,0x00,0x00,0x00,0x00,0x00,0x00,0x00,0x00,0x00,0x00,0x00,0x00,0x00,0x00,0x00,0x00,0x00,0x0F,0x00,0x00,0x00,0x00,0x00,0x00,0x00,0xE0,0x23,0x4D,0x10,0x00,0x00,0x00,0x00,0x2E,0x3F,0x41,0x56,
0x63,0x6C,0x6F,0x6E,0x65,0x5F,0x62,0x61,0x73,0x65,0x40,0x65,0x78,0x63,0x65,0x70,0x74,0x69,0x6F,0x6E,0x5F,0x64,0x65,0x74,0x61,0x69,0x6C,0x40,0x62,0x6F,0x6F,0x73,0x74,0x40,0x40,0x00,0xE0,0x23,0x4D,0x10,0x00,0x00,0x00,0x00,0x2E,0x3F,0x41,0x56,0x74,0x68,
0x72,0x65,0x61,0x64,0x5F,0x65,0x78,0x63,0x65,0x70,0x74,0x69,0x6F,0x6E,0x40,0x62,0x6F,0x6F,0x73,0x74,0x40,0x40,0x00,0x00,0x00,0x00,0xE0,0x23,0x4D,0x10,0x00,0x00,0x00,0x00,0x2E,0x3F,0x41,0x56,0x74,0x68,0x72,0x65,0x61,0x64,0x5F,0x72,0x65,0x73,0x6F,0x75,
0x72,0x63,0x65,0x5F,0x65,0x72,0x72,0x6F,0x72,0x40,0x62,0x6F,0x6F,0x73,0x74,0x40,0x40,0x00,0x00,0x00,0xE0,0x23,0x4D,0x10,0x00,0x00,0x00,0x00,0x2E,0x3F,0x41,0x56,0x54,0x72,0x79,0x43,0x6F,0x6E,0x6E,0x65,0x63,0x74,0x54,0x68,0x72,0x65,0x61,0x64,0x40,0x40,
0x00,0x00,0xE0,0x23,0x4D,0x10,0x00,0x00,0x00,0x00,0x2E,0x3F,0x41,0x56,0x54,0x72,0x79,0x43,0x6F,0x6E,0x6E,0x65,0x63,0x74,0x55,0x53,0x42,0x54,0x68,0x72,0x65,0x61,0x64,0x40,0x40,0x00,0x00,0x00,0x00,0x00,0x00,0x00,0xE0,0x23,0x4D,0x10,0x00,0x00,0x00,0x00,
0x2E,0x3F,0x41,0x56,0x3F,0x24,0x73,0x70,0x5F,0x63,0x6F,0x75,0x6E,0x74,0x65,0x64,0x5F,0x69,0x6D,0x70,0x6C,0x5F,0x70,0x40,0x56,0x43,0x6E,0x47,0x43,0x53,0x32,0x5F,0x48,0x65,0x6C,0x70,0x65,0x72,0x46,0x75,0x6E,0x63,0x74,0x69,0x6F,0x6E,0x73,0x40,0x40,0x40,
0x64,0x65,0x74,0x61,0x69,0x6C,0x40,0x62,0x6F,0x6F,0x73,0x74,0x40,0x40,0x00,0x00,0x00,0x00,0x00,0x00,0x00,0x00,0xE0,0x23,0x4D,0x10,0x00,0x00,0x00,0x00,0x2E,0x3F,0x41,0x56,0x3F,0x24,0x73,0x70,0x5F,0x63,0x6F,0x75,0x6E,0x74,0x65,0x64,0x5F,0x69,0x6D,0x70,
0x6C,0x5F,0x70,0x40,0x56,0x54,0x72,0x79,0x43,0x6F,0x6E,0x6E,0x65,0x63,0x74,0x52,0x53,0x32,0x33,0x32,0x54,0x68,0x72,0x65,0x61,0x64,0x40,0x40,0x40,0x64,0x65,0x74,0x61,0x69,0x6C,0x40,0x62,0x6F,0x6F,0x73,0x74,0x40,0x40,0x00,0xE0,0x23,0x4D,0x10,0x00,0x00,
0x00,0x00,0x2E,0x3F,0x41,0x56,0x3F,0x24,0x73,0x70,0x5F,0x63,0x6F,0x75,0x6E,0x74,0x65,0x64,0x5F,0x69,0x6D,0x70,0x6C,0x5F,0x70,0x40,0x56,0x54,0x72,0x79,0x43,0x6F,0x6E,0x6E,0x65,0x63,0x74,0x55,0x53,0x42,0x54,0x68,0x72,0x65,0x61,0x64,0x40,0x40,0x40,0x64,
0x65,0x74,0x61,0x69,0x6C,0x40,0x62,0x6F,0x6F,0x73,0x74,0x40,0x40,0x00,0x00,0x00,0xE0,0x23,0x4D,0x10,0x00,0x00,0x00,0x00,0x2E,0x3F,0x41,0x56,0x65,0x78,0x63,0x65,0x70,0x74,0x69,0x6F,0x6E,0x40,0x62,0x6F,0x6F,0x73,0x74,0x40,0x40,0x00,0x00,0x00,0xE0,0x23,
0x4D,0x10,0x00,0x00,0x00,0x00,0x2E,0x3F,0x41,0x55,0x3F,0x24,0x65,0x72,0x72,0x6F,0x72,0x5F,0x69,0x6E,0x66,0x6F,0x5F,0x69,0x6E,0x6A,0x65,0x63,0x74,0x6F,0x72,0x40,0x56,0x74,0x68,0x72,0x65,0x61,0x64,0x5F,0x72,0x65,0x73,0x6F,0x75,0x72,0x63,0x65,0x5F,0x65,
0x72,0x72,0x6F,0x72,0x40,0x62,0x6F,0x6F,0x73,0x74,0x40,0x40,0x40,0x65,0x78,0x63,0x65,0x70,0x74,0x69,0x6F,0x6E,0x5F,0x64,0x65,0x74,0x61,0x69,0x6C,0x40,0x62,0x6F,0x6F,0x73,0x74,0x40,0x40,0x00,0x00,0x00,0xE0,0x23,0x4D,0x10,0x00,0x00,0x00,0x00,0x2E,0x3F,
0x41,0x56,0x43,0x6E,0x38,0x37,0x37,0x5F,0x47,0x43,0x53,0x32,0x5F,0x43,0x6F,0x6E,0x74,0x72,0x6F,0x6C,0x6C,0x65,0x72,0x40,0x40,0x00,0xE0,0x23,0x4D,0x10,0x00,0x00,0x00,0x00,0x2E,0x3F,0x41,0x56,0x3F,0x24,0x63,0x6C,0x6F,0x6E,0x65,0x5F,0x69,0x6D,0x70,0x6C,
0x40,0x55,0x3F,0x24,0x65,0x72,0x72,0x6F,0x72,0x5F,0x69,0x6E,0x66,0x6F,0x5F,0x69,0x6E,0x6A,0x65,0x63,0x74,0x6F,0x72,0x40,0x56,0x74,0x68,0x72,0x65,0x61,0x64,0x5F,0x72,0x65,0x73,0x6F,0x75,0x72,0x63,0x65,0x5F,0x65,0x72,0x72,0x6F,0x72,0x40,0x62,0x6F,0x6F,
0x73,0x74,0x40,0x40,0x40,0x65,0x78,0x63,0x65,0x70,0x74,0x69,0x6F,0x6E,0x5F,0x64,0x65,0x74,0x61,0x69,0x6C,0x40,0x62,0x6F,0x6F,0x73,0x74,0x40,0x40,0x40,0x65,0x78,0x63,0x65,0x70,0x74,0x69,0x6F,0x6E,0x5F,0x64,0x65,0x74,0x61,0x69,0x6C,0x40,0x62,0x6F,0x6F,
0x73,0x74,0x40,0x40,0x00,0x00,0x00,0x00,0xE0,0x23,0x4D,0x10,0x00,0x00,0x00,0x00,0x2E,0x3F,0x41,0x56,0x43,0x50,0x69,0x47,0x47,0x63,0x73,0x32,0x43,0x6F,0x6C,0x6C,0x65,0x63,0x74,0x69,0x6F,0x6E,0x40,0x40,0x00,0x00,0x00,0x00,0xE0,0x23,0x4D,0x10,0x00,0x00,
0x00,0x00,0x2E,0x3F,0x41,0x56,0x43,0x4F,0x62,0x73,0x65,0x72,0x76,0x65,0x72,0x40,0x40,0x00,0xE0,0x23,0x4D,0x10,0x00,0x00,0x00,0x00,0x2E,0x48,0x00,0x00,0x00,0x00,0x00,0x00,0xE0,0x23,0x4D,0x10,0x00,0x00,0x00,0x00,0x2E,0x3F,0x41,0x56,0x3F,0x24,0x73,0x70,
0x5F,0x63,0x6F,0x75,0x6E,0x74,0x65,0x64,0x5F,0x69,0x6D,0x70,0x6C,0x5F,0x70,0x40,0x56,0x43,0x6E,0x53,0x74,0x61,0x67,0x65,0x43,0x6F,0x6E,0x66,0x69,0x67,0x75,0x72,0x61,0x74,0x6F,0x72,0x41,0x67,0x65,0x6E,0x74,0x40,0x53,0x74,0x61,0x67,0x65,0x43,0x6F,0x6E,
0x66,0x69,0x67,0x75,0x72,0x61,0x74,0x6F,0x72,0x40,0x50,0x49,0x40,0x40,0x40,0x64,0x65,0x74,0x61,0x69,0x6C,0x40,0x62,0x6F,0x6F,0x73,0x74,0x40,0x40,0x00,0xE0,0x23,0x4D,0x10,0x00,0x00,0x00,0x00,0x2E,0x3F,0x41,0x56,0x3F,0x24,0x73,0x70,0x5F,0x63,0x6F,0x75,
0x6E,0x74,0x65,0x64,0x5F,0x69,0x6D,0x70,0x6C,0x5F,0x70,0x40,0x56,0x43,0x50,0x69,0x47,0x63,0x73,0x32,0x46,0x75,0x6E,0x63,0x74,0x69,0x6F,0x6E,0x73,0x40,0x40,0x40,0x64,0x65,0x74,0x61,0x69,0x6C,0x40,0x62,0x6F,0x6F,0x73,0x74,0x40,0x40,0x00,0x00,0x00,0x00,
0x00,0x00,0xE0,0x23,0x4D,0x10,0x00,0x00,0x00,0x00,0x2E,0x3F,0x41,0x56,0x3F,0x24,0x73,0x70,0x5F,0x63,0x6F,0x75,0x6E,0x74,0x65,0x64,0x5F,0x69,0x6D,0x70,0x6C,0x5F,0x70,0x64,0x40,0x50,0x41,0x55,0x68,0x65,0x78,0x5F,0x66,0x61,0x63,0x65,0x5F,0x73,0x74,0x72,
0x5F,0x76,0x36,0x54,0x41,0x47,0x40,0x40,0x56,0x3F,0x24,0x73,0x70,0x5F,0x6D,0x73,0x5F,0x64,0x65,0x6C,0x65,0x74,0x65,0x72,0x40,0x55,0x68,0x65,0x78,0x5F,0x66,0x61,0x63,0x65,0x5F,0x73,0x74,0x72,0x5F,0x76,0x36,0x54,0x41,0x47,0x40,0x40,0x40,0x64,0x65,0x74,
0x61,0x69,0x6C,0x40,0x62,0x6F,0x6F,0x73,0x74,0x40,0x40,0x40,0x64,0x65,0x74,0x61,0x69,0x6C,0x40,0x62,0x6F,0x6F,0x73,0x74,0x40,0x40,0x00,0x00,0x00,0x00,0xE0,0x23,0x4D,0x10,0x00,0x00,0x00,0x00,0x2E,0x3F,0x41,0x56,0x3F,0x24,0x73,0x70,0x5F,0x6D,0x73,0x5F,
0x64,0x65,0x6C,0x65,0x74,0x65,0x72,0x40,0x55,0x68,0x65,0x78,0x5F,0x66,0x61,0x63,0x65,0x5F,0x73,0x74,0x72,0x5F,0x76,0x36,0x54,0x41,0x47,0x40,0x40,0x40,0x64,0x65,0x74,0x61,0x69,0x6C,0x40,0x62,0x6F,0x6F,0x73,0x74,0x40,0x40,0x00,0x00,0x00,0x00,0x00,0x00,
0x00,0x00,0x00,0x00,0x00,0x00,0x00,0x00,0x00,0x00,0x00,0x00,0x00,0x00,0x00,0x00,0x00,0x00,0x00,0x00,0x00,0x00,0x00,0x00,0x00,0x00,0x0F,0x00,0x00,0x00,0x00,0x00,0x00,0x00,0xE0,0x23,0x4D,0x10,0x00,0x00,0x00,0x00,0x2E,0x3F,0x41,0x55,0x74,0x68,0x72,0x65,
0x61,0x64,0x5F,0x64,0x61,0x74,0x61,0x5F,0x62,0x61,0x73,0x65,0x40,0x64,0x65,0x74,0x61,0x69,0x6C,0x40,0x62,0x6F,0x6F,0x73,0x74,0x40,0x40,0x00,0xE0,0x23,0x4D,0x10,0x00,0x00,0x00,0x00,0x2E,0x3F,0x41,0x56,0x54,0x72,0x79,0x43,0x6F,0x6E,0x6E,0x65,0x63,0x74,
0x52,0x53,0x32,0x33,0x32,0x54,0x68,0x72,0x65,0x61,0x64,0x40,0x40,0x00,0xE0,0x23,0x4D,0x10,0x00,0x00,0x00,0x00,0x2E,0x3F,0x41,0x55,0x3F,0x24,0x65,0x72,0x72,0x6F,0x72,0x5F,0x69,0x6E,0x66,0x6F,0x5F,0x69,0x6E,0x6A,0x65,0x63,0x74,0x6F,0x72,0x40,0x56,0x62,
0x61,0x64,0x5F,0x61,0x6C,0x6C,0x6F,0x63,0x40,0x73,0x74,0x64,0x40,0x40,0x40,0x65,0x78,0x63,0x65,0x70,0x74,0x69,0x6F,0x6E,0x5F,0x64,0x65,0x74,0x61,0x69,0x6C,0x40,0x62,0x6F,0x6F,0x73,0x74,0x40,0x40,0x00,0x00,0x00,0x00,0x00,0xE0,0x23,0x4D,0x10,0x00,0x00,
0x00,0x00,0x2E,0x3F,0x41,0x56,0x3F,0x24,0x63,0x6C,0x6F,0x6E,0x65,0x5F,0x69,0x6D,0x70,0x6C,0x40,0x55,0x3F,0x24,0x65,0x72,0x72,0x6F,0x72,0x5F,0x69,0x6E,0x66,0x6F,0x5F,0x69,0x6E,0x6A,0x65,0x63,0x74,0x6F,0x72,0x40,0x56,0x62,0x61,0x64,0x5F,0x61,0x6C,0x6C,
0x6F,0x63,0x40,0x73,0x74,0x64,0x40,0x40,0x40,0x65,0x78,0x63,0x65,0x70,0x74,0x69,0x6F,0x6E,0x5F,0x64,0x65,0x74,0x61,0x69,0x6C,0x40,0x62,0x6F,0x6F,0x73,0x74,0x40,0x40,0x40,0x65,0x78,0x63,0x65,0x70,0x74,0x69,0x6F,0x6E,0x5F,0x64,0x65,0x74,0x61,0x69,0x6C,
0x40,0x62,0x6F,0x6F,0x73,0x74,0x40,0x40,0x00,0x00,0x00,0x00,0x00,0x00,0xE0,0x23,0x4D,0x10,0x00,0x00,0x00,0x00,0x2E,0x3F,0x41,0x56,0x3F,0x24,0x74,0x68,0x72,0x65,0x61,0x64,0x5F,0x64,0x61,0x74,0x61,0x40,0x56,0x3F,0x24,0x62,0x69,0x6E,0x64,0x5F,0x74,0x40,
0x48,0x56,0x3F,0x24,0x6D,0x66,0x30,0x40,0x48,0x56,0x54,0x72,0x79,0x43,0x6F,0x6E,0x6E,0x65,0x63,0x74,0x52,0x53,0x32,0x33,0x32,0x54,0x68,0x72,0x65,0x61,0x64,0x40,0x40,0x40,0x5F,0x6D,0x66,0x69,0x40,0x62,0x6F,0x6F,0x73,0x74,0x40,0x40,0x56,0x3F,0x24,0x6C,
0x69,0x73,0x74,0x31,0x40,0x56,0x3F,0x24,0x76,0x61,0x6C,0x75,0x65,0x40,0x50,0x41,0x56,0x54,0x72,0x79,0x43,0x6F,0x6E,0x6E,0x65,0x63,0x74,0x52,0x53,0x32,0x33,0x32,0x54,0x68,0x72,0x65,0x61,0x64,0x40,0x40,0x40,0x5F,0x62,0x69,0x40,0x62,0x6F,0x6F,0x73,0x74,
0x40,0x40,0x40,0x5F,0x62,0x69,0x40,0x33,0x40,0x40,0x5F,0x62,0x69,0x40,0x62,0x6F,0x6F,0x73,0x74,0x40,0x40,0x40,0x64,0x65,0x74,0x61,0x69,0x6C,0x40,0x62,0x6F,0x6F,0x73,0x74,0x40,0x40,0x00,0x00,0x00,0x00,0xE0,0x23,0x4D,0x10,0x00,0x00,0x00,0x00,0x2E,0x3F,
0x41,0x56,0x6C,0x6F,0x67,0x69,0x63,0x5F,0x65,0x72,0x72,0x6F,0x72,0x40,0x73,0x74,0x64,0x40,0x40,0x00,0x00,0x00,0xE0,0x23,0x4D,0x10,0x00,0x00,0x00,0x00,0x2E,0x3F,0x41,0x56,0x6F,0x75,0x74,0x5F,0x6F,0x66,0x5F,0x72,0x61,0x6E,0x67,0x65,0x40,0x73,0x74,0x64,
0x40,0x40,0x00,0x00,0xE0,0x23,0x4D,0x10,0x00,0x00,0x00,0x00,0x2E,0x3F,0x41,0x55,0x62,0x61,0x64,0x5F,0x79,0x65,0x61,0x72,0x40,0x67,0x72,0x65,0x67,0x6F,0x72,0x69,0x61,0x6E,0x40,0x62,0x6F,0x6F,0x73,0x74,0x40,0x40,0x00,0x00,0xE0,0x23,0x4D,0x10,0x00,0x00,
0x00,0x00,0x2E,0x3F,0x41,0x55,0x62,0x61,0x64,0x5F,0x6D,0x6F,0x6E,0x74,0x68,0x40,0x67,0x72,0x65,0x67,0x6F,0x72,0x69,0x61,0x6E,0x40,0x62,0x6F,0x6F,0x73,0x74,0x40,0x40,0x00,0xE0,0x23,0x4D,0x10,0x00,0x00,0x00,0x00,0x2E,0x3F,0x41,0x55,0x62,0x61,0x64,0x5F,
0x64,0x61,0x79,0x5F,0x6F,0x66,0x5F,0x6D,0x6F,0x6E,0x74,0x68,0x40,0x67,0x72,0x65,0x67,0x6F,0x72,0x69,0x61,0x6E,0x40,0x62,0x6F,0x6F,0x73,0x74,0x40,0x40,0x00,0x00,0xE0,0x23,0x4D,0x10,0x00,0x00,0x00,0x00,0x2E,0x3F,0x41,0x55,0x3F,0x24,0x65,0x72,0x72,0x6F,
0x72,0x5F,0x69,0x6E,0x66,0x6F,0x5F,0x69,0x6E,0x6A,0x65,0x63,0x74,0x6F,0x72,0x40,0x56,0x72,0x75,0x6E,0x74,0x69,0x6D,0x65,0x5F,0x65,0x72,0x72,0x6F,0x72,0x40,0x73,0x74,0x64,0x40,0x40,0x40,0x65,0x78,0x63,0x65,0x70,0x74,0x69,0x6F,0x6E,0x5F,0x64,0x65,0x74,
0x61,0x69,0x6C,0x40,0x62,0x6F,0x6F,0x73,0x74,0x40,0x40,0x00,0xE0,0x23,0x4D,0x10,0x00,0x00,0x00,0x00,0x2E,0x3F,0x41,0x55,0x3F,0x24,0x65,0x72,0x72,0x6F,0x72,0x5F,0x69,0x6E,0x66,0x6F,0x5F,0x69,0x6E,0x6A,0x65,0x63,0x74,0x6F,0x72,0x40,0x55,0x62,0x61,0x64,
0x5F,0x79,0x65,0x61,0x72,0x40,0x67,0x72,0x65,0x67,0x6F,0x72,0x69,0x61,0x6E,0x40,0x62,0x6F,0x6F,0x73,0x74,0x40,0x40,0x40,0x65,0x78,0x63,0x65,0x70,0x74,0x69,0x6F,0x6E,0x5F,0x64,0x65,0x74,0x61,0x69,0x6C,0x40,0x62,0x6F,0x6F,0x73,0x74,0x40,0x40,0x00,0x00,
0xE0,0x23,0x4D,0x10,0x00,0x00,0x00,0x00,0x2E,0x3F,0x41,0x55,0x3F,0x24,0x65,0x72,0x72,0x6F,0x72,0x5F,0x69,0x6E,0x66,0x6F,0x5F,0x69,0x6E,0x6A,0x65,0x63,0x74,0x6F,0x72,0x40,0x55,0x62,0x61,0x64,0x5F,0x6D,0x6F,0x6E,0x74,0x68,0x40,0x67,0x72,0x65,0x67,0x6F,
0x72,0x69,0x61,0x6E,0x40,0x62,0x6F,0x6F,0x73,0x74,0x40,0x40,0x40,0x65,0x78,0x63,0x65,0x70,0x74,0x69,0x6F,0x6E,0x5F,0x64,0x65,0x74,0x61,0x69,0x6C,0x40,0x62,0x6F,0x6F,0x73,0x74,0x40,0x40,0x00,0xE0,0x23,0x4D,0x10,0x00,0x00,0x00,0x00,0x2E,0x3F,0x41,0x55,
0x3F,0x24,0x65,0x72,0x72,0x6F,0x72,0x5F,0x69,0x6E,0x66,0x6F,0x5F,0x69,0x6E,0x6A,0x65,0x63,0x74,0x6F,0x72,0x40,0x55,0x62,0x61,0x64,0x5F,0x64,0x61,0x79,0x5F,0x6F,0x66,0x5F,0x6D,0x6F,0x6E,0x74,0x68,0x40,0x67,0x72,0x65,0x67,0x6F,0x72,0x69,0x61,0x6E,0x40,
0x62,0x6F,0x6F,0x73,0x74,0x40,0x40,0x40,0x65,0x78,0x63,0x65,0x70,0x74,0x69,0x6F,0x6E,0x5F,0x64,0x65,0x74,0x61,0x69,0x6C,0x40,0x62,0x6F,0x6F,0x73,0x74,0x40,0x40,0x00,0x00,0xE0,0x23,0x4D,0x10,0x00,0x00,0x00,0x00,0x2E,0x3F,0x41,0x56,0x3F,0x24,0x63,0x6C,
0x6F,0x6E,0x65,0x5F,0x69,0x6D,0x70,0x6C,0x40,0x55,0x3F,0x24,0x65,0x72,0x72,0x6F,0x72,0x5F,0x69,0x6E,0x66,0x6F,0x5F,0x69,0x6E,0x6A,0x65,0x63,0x74,0x6F,0x72,0x40,0x56,0x72,0x75,0x6E,0x74,0x69,0x6D,0x65,0x5F,0x65,0x72,0x72,0x6F,0x72,0x40,0x73,0x74,0x64,
0x40,0x40,0x40,0x65,0x78,0x63,0x65,0x70,0x74,0x69,0x6F,0x6E,0x5F,0x64,0x65,0x74,0x61,0x69,0x6C,0x40,0x62,0x6F,0x6F,0x73,0x74,0x40,0x40,0x40,0x65,0x78,0x63,0x65,0x70,0x74,0x69,0x6F,0x6E,0x5F,0x64,0x65,0x74,0x61,0x69,0x6C,0x40,0x62,0x6F,0x6F,0x73,0x74,
0x40,0x40,0x00,0x00,0xE0,0x23,0x4D,0x10,0x00,0x00,0x00,0x00,0x2E,0x3F,0x41,0x56,0x3F,0x24,0x63,0x6C,0x6F,0x6E,0x65,0x5F,0x69,0x6D,0x70,0x6C,0x40,0x55,0x3F,0x24,0x65,0x72,0x72,0x6F,0x72,0x5F,0x69,0x6E,0x66,0x6F,0x5F,0x69,0x6E,0x6A,0x65,0x63,0x74,0x6F,
0x72,0x40,0x55,0x62,0x61,0x64,0x5F,0x64,0x61,0x79,0x5F,0x6F,0x66,0x5F,0x6D,0x6F,0x6E,0x74,0x68,0x40,0x67,0x72,0x65,0x67,0x6F,0x72,0x69,0x61,0x6E,0x40,0x62,0x6F,0x6F,0x73,0x74,0x40,0x40,0x40,0x65,0x78,0x63,0x65,0x70,0x74,0x69,0x6F,0x6E,0x5F,0x64,0x65,
0x74,0x61,0x69,0x6C,0x40,0x62,0x6F,0x6F,0x73,0x74,0x40,0x40,0x40,0x65,0x78,0x63,0x65,0x70,0x74,0x69,0x6F,0x6E,0x5F,0x64,0x65,0x74,0x61,0x69,0x6C,0x40,0x62,0x6F,0x6F,0x73,0x74,0x40,0x40,0x00,0x00,0x00,0xE0,0x23,0x4D,0x10,0x00,0x00,0x00,0x00,0x2E,0x3F,
0x41,0x56,0x3F,0x24,0x63,0x6C,0x6F,0x6E,0x65,0x5F,0x69,0x6D,0x70,0x6C,0x40,0x55,0x3F,0x24,0x65,0x72,0x72,0x6F,0x72,0x5F,0x69,0x6E,0x66,0x6F,0x5F,0x69,0x6E,0x6A,0x65,0x63,0x74,0x6F,0x72,0x40,0x55,0x62,0x61,0x64,0x5F,0x79,0x65,0x61,0x72,0x40,0x67,0x72,
0x65,0x67,0x6F,0x72,0x69,0x61,0x6E,0x40,0x62,0x6F,0x6F,0x73,0x74,0x40,0x40,0x40,0x65,0x78,0x63,0x65,0x70,0x74,0x69,0x6F,0x6E,0x5F,0x64,0x65,0x74,0x61,0x69,0x6C,0x40,0x62,0x6F,0x6F,0x73,0x74,0x40,0x40,0x40,0x65,0x78,0x63,0x65,0x70,0x74,0x69,0x6F,0x6E,
0x5F,0x64,0x65,0x74,0x61,0x69,0x6C,0x40,0x62,0x6F,0x6F,0x73,0x74,0x40,0x40,0x00,0x00,0x00,0xE0,0x23,0x4D,0x10,0x00,0x00,0x00,0x00,0x2E,0x3F,0x41,0x56,0x3F,0x24,0x63,0x6C,0x6F,0x6E,0x65,0x5F,0x69,0x6D,0x70,0x6C,0x40,0x55,0x3F,0x24,0x65,0x72,0x72,0x6F,
0x72,0x5F,0x69,0x6E,0x66,0x6F,0x5F,0x69,0x6E,0x6A,0x65,0x63,0x74,0x6F,0x72,0x40,0x55,0x62,0x61,0x64,0x5F,0x6D,0x6F,0x6E,0x74,0x68,0x40,0x67,0x72,0x65,0x67,0x6F,0x72,0x69,0x61,0x6E,0x40,0x62,0x6F,0x6F,0x73,0x74,0x40,0x40,0x40,0x65,0x78,0x63,0x65,0x70,
0x74,0x69,0x6F,0x6E,0x5F,0x64,0x65,0x74,0x61,0x69,0x6C,0x40,0x62,0x6F,0x6F,0x73,0x74,0x40,0x40,0x40,0x65,0x78,0x63,0x65,0x70,0x74,0x69,0x6F,0x6E,0x5F,0x64,0x65,0x74,0x61,0x69,0x6C,0x40,0x62,0x6F,0x6F,0x73,0x74,0x40,0x40,0x00,0x00,0xE0,0x23,0x4D,0x10,
0x00,0x00,0x00,0x00,0x2E,0x3F,0x41,0x56,0x3F,0x24,0x74,0x68,0x72,0x65,0x61,0x64,0x5F,0x64,0x61,0x74,0x61,0x40,0x56,0x3F,0x24,0x62,0x69,0x6E,0x64,0x5F,0x74,0x40,0x48,0x56,0x3F,0x24,0x6D,0x66,0x30,0x40,0x48,0x56,0x54,0x72,0x79,0x43,0x6F,0x6E,0x6E,0x65,
0x63,0x74,0x55,0x53,0x42,0x54,0x68,0x72,0x65,0x61,0x64,0x40,0x40,0x40,0x5F,0x6D,0x66,0x69,0x40,0x62,0x6F,0x6F,0x73,0x74,0x40,0x40,0x56,0x3F,0x24,0x6C,0x69,0x73,0x74,0x31,0x40,0x56,0x3F,0x24,0x76,0x61,0x6C,0x75,0x65,0x40,0x50,0x41,0x56,0x54,0x72,0x79,
0x43,0x6F,0x6E,0x6E,0x65,0x63,0x74,0x55,0x53,0x42,0x54,0x68,0x72,0x65,0x61,0x64,0x40,0x40,0x40,0x5F,0x62,0x69,0x40,0x62,0x6F,0x6F,0x73,0x74,0x40,0x40,0x40,0x5F,0x62,0x69,0x40,0x33,0x40,0x40,0x5F,0x62,0x69,0x40,0x62,0x6F,0x6F,0x73,0x74,0x40,0x40,0x40,
0x64,0x65,0x74,0x61,0x69,0x6C,0x40,0x62,0x6F,0x6F,0x73,0x74,0x40,0x40,0x00,0x00,0x00,0x00,0xE0,0x23,0x4D,0x10,0x00,0x00,0x00,0x00,0x2E,0x3F,0x41,0x56,0x49,0x6E,0x47,0x43,0x53,0x32,0x5F,0x48,0x65,0x6C,0x70,0x65,0x72,0x46,0x75,0x6E,0x63,0x74,0x69,0x6F,
0x6E,0x73,0x40,0x40,0x00,0x00,0x00,0x00,0xE0,0x23,0x4D,0x10,0x00,0x00,0x00,0x00,0x2E,0x3F,0x41,0x56,0x43,0x6E,0x47,0x43,0x53,0x32,0x5F,0x48,0x65,0x6C,0x70,0x65,0x72,0x46,0x75,0x6E,0x63,0x74,0x69,0x6F,0x6E,0x73,0x40,0x40,0x00,0x00,0x00,0x00,0xE0,0x23,
0x4D,0x10,0x00,0x00,0x00,0x00,0x2E,0x3F,0x41,0x56,0x49,0x6E,0x52,0x75,0x6E,0x43,0x6D,0x64,0x73,0x4F,0x6E,0x43,0x6F,0x6E,0x74,0x72,0x6F,0x6C,0x6C,0x65,0x72,0x56,0x69,0x61,0x47,0x43,0x53,0x43,0x6F,0x6D,0x6D,0x61,0x6E,0x64,0x73,0x40,0x40,0x00,0x00,0x00,
0xE0,0x23,0x4D,0x10,0x00,0x00,0x00,0x00,0x2E,0x3F,0x41,0x56,0x3F,0x24,0x73,0x70,0x5F,0x63,0x6F,0x75,0x6E,0x74,0x65,0x64,0x5F,0x69,0x6D,0x70,0x6C,0x5F,0x70,0x40,0x56,0x43,0x6E,0x43,0x6F,0x6E,0x66,0x69,0x67,0x75,0x72,0x61,0x74,0x6F,0x72,0x42,0x75,0x69,
0x6C,0x64,0x65,0x72,0x40,0x53,0x74,0x61,0x67,0x65,0x43,0x6F,0x6E,0x66,0x69,0x67,0x75,0x72,0x61,0x74,0x6F,0x72,0x40,0x50,0x49,0x40,0x40,0x40,0x64,0x65,0x74,0x61,0x69,0x6C,0x40,0x62,0x6F,0x6F,0x73,0x74,0x40,0x40,0x00,0x00,0x00,0x00,0xE0,0x23,0x4D,0x10,
0x00,0x00,0x00,0x00,0x2E,0x3F,0x41,0x56,0x43,0x6E,0x52,0x75,0x6E,0x43,0x6D,0x64,0x73,0x4F,0x6E,0x43,0x6F,0x6E,0x74,0x72,0x6F,0x6C,0x6C,0x65,0x72,0x56,0x69,0x61,0x47,0x43,0x53,0x43,0x6F,0x6D,0x6D,0x61,0x6E,0x64,0x73,0x40,0x40,0x00,0x00,0x00,0x00,0x00,
0x00,0x00,0x00,0x00,0x00,0x00,0x00,0x00,0x00,0x00,0x00,0x00,0x00,0x00,0x00,0x00,0x00,0x00,0x0F,0x00,0x00,0x00,0x00,0x00,0x00,0x00,0x00,0x00,0x00,0x00,0x00,0x00,0x00,0x00,0x00,0x00,0x00,0x00,0x00,0x00,0x00,0x00,0x00,0x00,0x00,0x00,0x0F,0x00,0x00,0x00,
0x00,0x00,0x00,0x00,0x00,0x00,0x00,0x00,0x00,0x00,0x00,0x00,0x00,0x00,0x00,0x00,0x00,0x00,0x00,0x00,0x00,0x00,0x00,0x00,0x0F,0x00,0x00,0x00,0x00,0x00,0x00,0x00,0x00,0x00,0x00,0x00,0x00,0x00,0x00,0x00,0x00,0x00,0x00,0x00,0x00,0x00,0x00,0x00,0x00,0x00,
0x00,0x00,0x0F,0x00,0x00,0x00,0x00,0x00,0x00,0x00,0x00,0x00,0x00,0x00,0x00,0x00,0x00,0x00,0x00,0x00,0x00,0x00,0x00,0x00,0x00,0x00,0x00,0x00,0x00,0x00,0x00,0x00,0x00,0x00,0x00,0x00,0x00,0x00,0x0F,0x00,0x00,0x00,0x00,0x00,0x00,0x00,0x00,0x00,0x00,0x00,
0x00,0x00,0x00,0x00,0x00,0x00,0x00,0x00,0x00,0x00,0x00,0x00,0x00,0x00,0x00,0x00,0x00,0x00,0x00,0x00,0x00,0x00,0x00,0x00,0x0F,0x00,0x00,0x00,0x00,0x00,0x00,0x00,0x00,0x00,0x00,0x00,0x00,0x00,0x00,0x00,0x00,0x00,0x00,0x00,0x00,0x00,0x00,0x00,0x00,0x00,
0x00,0x00,0x00,0x00,0x00,0x00,0x00,0x00,0x00,0x00,0x0F,0x00,0x00,0x00,0x00,0x00,0x00,0x00,0x00,0x00,0x00,0x00,0x00,0x00,0x00,0x00,0x00,0x00,0x00,0x00,0x00,0x00,0x00,0x00,0x00,0x00,0x00,0x00,0x00,0x00,0x00,0x00,0x00,0x00,0x00,0x00,0x0F,0x00,0x00,0x00,
0x00,0x00,0x00,0x00,0x00,0x00,0x00,0x00,0x00,0x00,0x00,0x00,0x00,0x00,0x00,0x00,0x00,0x00,0x00,0x00,0x00,0x00,0x00,0x00,0x0F,0x00,0x00,0x00,0x00,0x00,0x00,0x00,0x00,0x00,0x00,0x00,0x00,0x00,0x00,0x00,0x00,0x00,0x00,0x00,0x00,0x00,0x00,0x00,0x00,0x00,
0x00,0x00,0x0F,0x00,0x00,0x00,0x00,0x00,0x00,0x00,0x00,0x00,0x00,0x00,0x00,0x00,0x00,0x00,0x00,0x00,0x00,0x00,0x00,0x00,0x00,0x00,0x00,0x00,0x00,0x00,0x00,0x00,0x00,0x00,0x00,0x00,0x00,0x00,0x0F,0x00,0x00,0x00,0x00,0x00,0x00,0x00,0x00,0x00,0x00,0x00,
0x00,0x00,0x00,0x00,0x00,0x00,0x00,0x00,0x00,0x00,0x00,0x00,0x00,0x00,0x00,0x00,0x0F,0x00,0x00,0x00,0x00,0x00,0x00,0x00,0x00,0x00,0x00,0x00,0x00,0x00,0x00,0x00,0x00,0x00,0x00,0x00,0x00,0x00,0x00,0x00,0x00,0x00,0x00,0x00,0x0F,0x00,0x00,0x00,0x00,0x00,
0x00,0x00,0x00,0x00,0x00,0x00,0x00,0x00,0x00,0x00,0x00,0x00,0x00,0x00,0x00,0x00,0x00,0x00,0x00,0x00,0x00,0x00,0x0F,0x00,0x00,0x00,0x00,0x00,0x00,0x00,0x00,0x00,0x00,0x00,0x00,0x00,0x00,0x00,0x00,0x00,0x00,0x00,0x00,0x00,0x00,0x00,0x00,0x00,0x00,0x00,
0x0F,0x00,0x00,0x00,0x00,0x00,0x00,0x00,0x00,0x00,0x00,0x00,0x00,0x00,0x00,0x00,0x00,0x00,0x00,0x00,0x00,0x00,0x00,0x00,0x00,0x00,0x00,0x00,0x0F,0x00,0x00,0x00,0x00,0x00,0x00,0x00,0x00,0x00,0x00,0x00,0x00,0x00,0x00,0x00,0x00,0x00,0x00,0x00,0x00,0x00,
0x00,0x00,0x00,0x00,0x00,0x00,0x0F,0x00,0x00,0x00,0x00,0x00,0x00,0x00,0x00,0x00,0x00,0x00,0x00,0x00,0x00,0x00,0x00,0x00,0x00,0x00,0x00,0x00,0x00,0x00,0x00,0x00,0x00,0x00,0x00,0x00,0x00,0x00,0x00,0x00,0x00,0x00,0x0F,0x00,0x00,0x00,0x00,0x00,0x00,0x00,
0x00,0x00,0x00,0x00,0x00,0x00,0x00,0x00,0x00,0x00,0x00,0x00,0x00,0x00,0x00,0x00,0x00,0x00,0x00,0x00,0x00,0x00,0x00,0x00,0x00,0x00,0x00,0x00,0x0F,0x00,0x00,0x00,0x00,0x00,0x00,0x00,0x00,0x00,0x00,0x00,0x00,0x00,0x00,0x00,0x00,0x00,0x00,0x00,0x00,0x00,
0x00,0x00,0x00,0x00,0x00,0x00,0x00,0x00,0x00,0x00,0x00,0x00,0x00,0x00,0x0F,0x00,0x00,0x00,0x00,0x00,0x00,0x00,0x00,0x00,0x00,0x00,0x00,0x00,0x00,0x00,0x00,0x00,0x00,0x00,0x00,0x00,0x00,0x00,0x00,0x00,0x00,0x00,0x00,0x00,0x00,0x00,0x00,0x00,0x00,0x00,
0x0F,0x00,0x00,0x00,0x00,0x00,0x00,0x00,0x00,0x00,0x00,0x00,0x00,0x00,0x00,0x00,0x00,0x00,0x00,0x00,0x00,0x00,0x00,0x00,0x00,0x00,0x00,0x00,0x00,0x00,0x00,0x00,0x00,0x00,0x00,0x00,0x0F,0x00,0x00,0x00,0x00,0x00,0x00,0x00,0x00,0x00,0x00,0x00,0x00,0x00,
0x00,0x00,0x00,0x00,0x00,0x00,0x00,0x00,0x00,0x00,0x00,0x00,0x00,0x00,0x00,0x00,0x00,0x00,0x00,0x00,0x00,0x00,0x0F,0x00,0x00,0x00,0x00,0x00,0x00,0x00,0x00,0x00,0x00,0x00,0x00,0x00,0x00,0x00,0x00,0x00,0x00,0x00,0x00,0x00,0x00,0x00,0x00,0x00,0x00,0x00,
0x00,0x00,0x00,0x00,0x00,0x00,0x00,0x00,0x0F,0x00,0x00,0x00,0x00,0x00,0x00,0x00,0xE0,0x23,0x4D,0x10,0x00,0x00,0x00,0x00,0x2E,0x3F,0x41,0x56,0x62,0x61,0x64,0x5F,0x67,0x65,0x74,0x40,0x62,0x6F,0x6F,0x73,0x74,0x40,0x40,0x00,0xE0,0x23,0x4D,0x10,0x00,0x00,
0x00,0x00,0x2E,0x3F,0x41,0x56,0x3F,0x24,0x73,0x70,0x5F,0x63,0x6F,0x75,0x6E,0x74,0x65,0x64,0x5F,0x69,0x6D,0x70,0x6C,0x5F,0x70,0x40,0x56,0x43,0x6E,0x43,0x6F,0x6E,0x74,0x72,0x6F,0x6C,0x6C,0x65,0x72,0x57,0x72,0x61,0x70,0x70,0x65,0x72,0x46,0x6F,0x72,0x53,
0x74,0x61,0x67,0x65,0x43,0x6F,0x6E,0x66,0x69,0x67,0x75,0x72,0x61,0x74,0x69,0x6F,0x6E,0x40,0x53,0x74,0x61,0x67,0x65,0x43,0x6F,0x6E,0x66,0x69,0x67,0x75,0x72,0x61,0x74,0x6F,0x72,0x40,0x50,0x49,0x40,0x40,0x40,0x64,0x65,0x74,0x61,0x69,0x6C,0x40,0x62,0x6F,
0x6F,0x73,0x74,0x40,0x40,0x00,0xE0,0x23,0x4D,0x10,0x00,0x00,0x00,0x00,0x2E,0x3F,0x41,0x56,0x3F,0x24,0x73,0x70,0x5F,0x63,0x6F,0x75,0x6E,0x74,0x65,0x64,0x5F,0x69,0x6D,0x70,0x6C,0x5F,0x70,0x40,0x56,0x43,0x6E,0x50,0x49,0x53,0x74,0x61,0x67,0x65,0x73,0x33,
0x40,0x50,0x49,0x53,0x74,0x61,0x67,0x65,0x73,0x33,0x40,0x50,0x61,0x72,0x61,0x6D,0x65,0x74,0x65,0x72,0x4C,0x69,0x62,0x40,0x50,0x49,0x40,0x40,0x40,0x64,0x65,0x74,0x61,0x69,0x6C,0x40,0x62,0x6F,0x6F,0x73,0x74,0x40,0x40,0x00,0xE0,0x23,0x4D,0x10,0x00,0x00,
0x00,0x00,0x2E,0x3F,0x41,0x56,0x3F,0x24,0x73,0x70,0x5F,0x6D,0x73,0x5F,0x64,0x65,0x6C,0x65,0x74,0x65,0x72,0x40,0x56,0x43,0x6E,0x50,0x61,0x72,0x61,0x6D,0x65,0x74,0x65,0x72,0x53,0x65,0x74,0x74,0x65,0x72,0x40,0x53,0x74,0x61,0x67,0x65,0x43,0x6F,0x6E,0x66,
0x69,0x67,0x75,0x72,0x61,0x74,0x6F,0x72,0x40,0x50,0x49,0x40,0x40,0x40,0x64,0x65,0x74,0x61,0x69,0x6C,0x40,0x62,0x6F,0x6F,0x73,0x74,0x40,0x40,0x00,0x00,0x00,0x00,0xE0,0x23,0x4D,0x10,0x00,0x00,0x00,0x00,0x2E,0x3F,0x41,0x56,0x3F,0x24,0x73,0x70,0x5F,0x63,
0x6F,0x75,0x6E,0x74,0x65,0x64,0x5F,0x69,0x6D,0x70,0x6C,0x5F,0x70,0x64,0x40,0x50,0x41,0x56,0x43,0x6E,0x50,0x61,0x72,0x61,0x6D,0x65,0x74,0x65,0x72,0x53,0x65,0x74,0x74,0x65,0x72,0x40,0x53,0x74,0x61,0x67,0x65,0x43,0x6F,0x6E,0x66,0x69,0x67,0x75,0x72,0x61,
0x74,0x6F,0x72,0x40,0x50,0x49,0x40,0x40,0x56,0x3F,0x24,0x73,0x70,0x5F,0x6D,0x73,0x5F,0x64,0x65,0x6C,0x65,0x74,0x65,0x72,0x40,0x56,0x43,0x6E,0x50,0x61,0x72,0x61,0x6D,0x65,0x74,0x65,0x72,0x53,0x65,0x74,0x74,0x65,0x72,0x40,0x53,0x74,0x61,0x67,0x65,0x43,
0x6F,0x6E,0x66,0x69,0x67,0x75,0x72,0x61,0x74,0x6F,0x72,0x40,0x50,0x49,0x40,0x40,0x40,0x64,0x65,0x74,0x61,0x69,0x6C,0x40,0x62,0x6F,0x6F,0x73,0x74,0x40,0x40,0x40,0x64,0x65,0x74,0x61,0x69,0x6C,0x40,0x62,0x6F,0x6F,0x73,0x74,0x40,0x40,0x00,0x00,0x00,0x00,
0xE0,0x23,0x4D,0x10,0x00,0x00,0x00,0x00,0x2E,0x3F,0x41,0x56,0x69,0x6E,0x76,0x61,0x6C,0x69,0x64,0x5F,0x61,0x72,0x67,0x75,0x6D,0x65,0x6E,0x74,0x40,0x73,0x74,0x64,0x40,0x40,0x00,0x00,0xE0,0x23,0x4D,0x10,0x00,0x00,0x00,0x00,0x2E,0x3F,0x41,0x56,0x62,0x61,
0x64,0x5F,0x6C,0x65,0x78,0x69,0x63,0x61,0x6C,0x5F,0x63,0x61,0x73,0x74,0x40,0x62,0x6F,0x6F,0x73,0x74,0x40,0x40,0x00,0x00,0x00,0x00,0xE0,0x23,0x4D,0x10,0x00,0x00,0x00,0x00,0x2E,0x3F,0x41,0x56,0x3F,0x24,0x62,0x61,0x73,0x69,0x63,0x5F,0x6F,0x73,0x74,0x72,
0x65,0x61,0x6D,0x40,0x44,0x55,0x3F,0x24,0x63,0x68,0x61,0x72,0x5F,0x74,0x72,0x61,0x69,0x74,0x73,0x40,0x44,0x40,0x73,0x74,0x64,0x40,0x40,0x40,0x73,0x74,0x64,0x40,0x40,0x00,0x00,0x00,0xE0,0x23,0x4D,0x10,0x00,0x00,0x00,0x00,0x2E,0x3F,0x41,0x56,0x3F,0x24,
0x62,0x61,0x73,0x69,0x63,0x5F,0x69,0x6F,0x73,0x74,0x72,0x65,0x61,0x6D,0x40,0x44,0x55,0x3F,0x24,0x63,0x68,0x61,0x72,0x5F,0x74,0x72,0x61,0x69,0x74,0x73,0x40,0x44,0x40,0x73,0x74,0x64,0x40,0x40,0x40,0x73,0x74,0x64,0x40,0x40,0x00,0x00,0x00,0x00,0x00,0x00,
0xE0,0x23,0x4D,0x10,0x00,0x00,0x00,0x00,0x2E,0x3F,0x41,0x56,0x3F,0x24,0x6E,0x75,0x6D,0x5F,0x67,0x65,0x74,0x40,0x44,0x56,0x3F,0x24,0x69,0x73,0x74,0x72,0x65,0x61,0x6D,0x62,0x75,0x66,0x5F,0x69,0x74,0x65,0x72,0x61,0x74,0x6F,0x72,0x40,0x44,0x55,0x3F,0x24,
0x63,0x68,0x61,0x72,0x5F,0x74,0x72,0x61,0x69,0x74,0x73,0x40,0x44,0x40,0x73,0x74,0x64,0x40,0x40,0x40,0x73,0x74,0x64,0x40,0x40,0x40,0x73,0x74,0x64,0x40,0x40,0x00,0x00,0x00,0x00,0x00,0x00,0x00,0xE0,0x23,0x4D,0x10,0x00,0x00,0x00,0x00,0x2E,0x3F,0x41,0x55,
0x3F,0x24,0x65,0x72,0x72,0x6F,0x72,0x5F,0x69,0x6E,0x66,0x6F,0x5F,0x69,0x6E,0x6A,0x65,0x63,0x74,0x6F,0x72,0x40,0x56,0x6C,0x6F,0x67,0x69,0x63,0x5F,0x65,0x72,0x72,0x6F,0x72,0x40,0x73,0x74,0x64,0x40,0x40,0x40,0x65,0x78,0x63,0x65,0x70,0x74,0x69,0x6F,0x6E,
0x5F,0x64,0x65,0x74,0x61,0x69,0x6C,0x40,0x62,0x6F,0x6F,0x73,0x74,0x40,0x40,0x00,0x00,0x00,0xE0,0x23,0x4D,0x10,0x00,0x00,0x00,0x00,0x2E,0x3F,0x41,0x55,0x3F,0x24,0x65,0x72,0x72,0x6F,0x72,0x5F,0x69,0x6E,0x66,0x6F,0x5F,0x69,0x6E,0x6A,0x65,0x63,0x74,0x6F,
0x72,0x40,0x56,0x62,0x61,0x64,0x5F,0x6C,0x65,0x78,0x69,0x63,0x61,0x6C,0x5F,0x63,0x61,0x73,0x74,0x40,0x62,0x6F,0x6F,0x73,0x74,0x40,0x40,0x40,0x65,0x78,0x63,0x65,0x70,0x74,0x69,0x6F,0x6E,0x5F,0x64,0x65,0x74,0x61,0x69,0x6C,0x40,0x62,0x6F,0x6F,0x73,0x74,
0x40,0x40,0x00,0x00,0x00,0x00,0xE0,0x23,0x4D,0x10,0x00,0x00,0x00,0x00,0x2E,0x3F,0x41,0x56,0x3F,0x24,0x6E,0x75,0x6D,0x70,0x75,0x6E,0x63,0x74,0x40,0x44,0x40,0x73,0x74,0x64,0x40,0x40,0x00,0x00,0xE0,0x23,0x4D,0x10,0x00,0x00,0x00,0x00,0x2E,0x3F,0x41,0x56,
0x3F,0x24,0x62,0x61,0x73,0x69,0x63,0x5F,0x73,0x74,0x72,0x69,0x6E,0x67,0x73,0x74,0x72,0x65,0x61,0x6D,0x40,0x44,0x55,0x3F,0x24,0x63,0x68,0x61,0x72,0x5F,0x74,0x72,0x61,0x69,0x74,0x73,0x40,0x44,0x40,0x73,0x74,0x64,0x40,0x40,0x56,0x3F,0x24,0x61,0x6C,0x6C,
0x6F,0x63,0x61,0x74,0x6F,0x72,0x40,0x44,0x40,0x32,0x40,0x40,0x73,0x74,0x64,0x40,0x40,0x00,0xE0,0x23,0x4D,0x10,0x00,0x00,0x00,0x00,0x2E,0x3F,0x41,0x56,0x3F,0x24,0x63,0x6C,0x6F,0x6E,0x65,0x5F,0x69,0x6D,0x70,0x6C,0x40,0x55,0x3F,0x24,0x65,0x72,0x72,0x6F,
0x72,0x5F,0x69,0x6E,0x66,0x6F,0x5F,0x69,0x6E,0x6A,0x65,0x63,0x74,0x6F,0x72,0x40,0x56,0x6C,0x6F,0x67,0x69,0x63,0x5F,0x65,0x72,0x72,0x6F,0x72,0x40,0x73,0x74,0x64,0x40,0x40,0x40,0x65,0x78,0x63,0x65,0x70,0x74,0x69,0x6F,0x6E,0x5F,0x64,0x65,0x74,0x61,0x69,
0x6C,0x40,0x62,0x6F,0x6F,0x73,0x74,0x40,0x40,0x40,0x65,0x78,0x63,0x65,0x70,0x74,0x69,0x6F,0x6E,0x5F,0x64,0x65,0x74,0x61,0x69,0x6C,0x40,0x62,0x6F,0x6F,0x73,0x74,0x40,0x40,0x00,0x00,0x00,0x00,0xE0,0x23,0x4D,0x10,0x00,0x00,0x00,0x00,0x2E,0x3F,0x41,0x56,
0x3F,0x24,0x63,0x6C,0x6F,0x6E,0x65,0x5F,0x69,0x6D,0x70,0x6C,0x40,0x55,0x3F,0x24,0x65,0x72,0x72,0x6F,0x72,0x5F,0x69,0x6E,0x66,0x6F,0x5F,0x69,0x6E,0x6A,0x65,0x63,0x74,0x6F,0x72,0x40,0x56,0x62,0x61,0x64,0x5F,0x6C,0x65,0x78,0x69,0x63,0x61,0x6C,0x5F,0x63,
0x61,0x73,0x74,0x40,0x62,0x6F,0x6F,0x73,0x74,0x40,0x40,0x40,0x65,0x78,0x63,0x65,0x70,0x74,0x69,0x6F,0x6E,0x5F,0x64,0x65,0x74,0x61,0x69,0x6C,0x40,0x62,0x6F,0x6F,0x73,0x74,0x40,0x40,0x40,0x65,0x78,0x63,0x65,0x70,0x74,0x69,0x6F,0x6E,0x5F,0x64,0x65,0x74,
0x61,0x69,0x6C,0x40,0x62,0x6F,0x6F,0x73,0x74,0x40,0x40,0x00,0xE0,0x23,0x4D,0x10,0x00,0x00,0x00,0x00,0x2E,0x3F,0x41,0x55,0x3F,0x24,0x48,0x65,0x78,0x54,0x6F,0x40,0x5F,0x4A,0x40,0x53,0x74,0x61,0x67,0x65,0x43,0x6F,0x6E,0x66,0x69,0x67,0x75,0x72,0x61,0x74,
0x6F,0x72,0x40,0x50,0x49,0x40,0x40,0x00,0x00,0x00,0xE0,0x23,0x4D,0x10,0x00,0x00,0x00,0x00,0x2E,0x3F,0x41,0x55,0x3F,0x24,0x73,0x75,0x62,0x5F,0x6D,0x61,0x74,0x63,0x68,0x40,0x50,0x42,0x44,0x40,0x62,0x6F,0x6F,0x73,0x74,0x40,0x40,0x00,0xE0,0x23,0x4D,0x10,
0x00,0x00,0x00,0x00,0x2E,0x3F,0x41,0x56,0x3F,0x24,0x62,0x61,0x73,0x69,0x63,0x5F,0x73,0x74,0x72,0x69,0x6E,0x67,0x40,0x44,0x55,0x3F,0x24,0x63,0x68,0x61,0x72,0x5F,0x74,0x72,0x61,0x69,0x74,0x73,0x40,0x44,0x40,0x73,0x74,0x64,0x40,0x40,0x56,0x3F,0x24,0x61,
0x6C,0x6C,0x6F,0x63,0x61,0x74,0x6F,0x72,0x40,0x44,0x40,0x32,0x40,0x40,0x73,0x74,0x64,0x40,0x40,0x00,0x00,0x00,0x00,0x00,0x00,0x00,0x22,0x28,0x30,0x78,0x5B,0x5C,0x64,0x41,0x42,0x43,0x44,0x45,0x46,0x61,0x62,0x63,0x64,0x65,0x66,0x5D,0x2B,0x29,0x3D,0x5C,
0x74,0x28,0x5C,0x64,0x2B,0x29,0x5C,0x74,0x28,0x5C,0x64,0x2B,0x29,0x5C,0x74,0x28,0x49,0x4E,0x54,0x7C,0x43,0x48,0x41,0x52,0x7C,0x46,0x4C,0x4F,0x41,0x54,0x29,0x5C,0x74,0x28,0x5B,0x5E,0x5C,0x74,0x5D,0x2A,0x29,0x5C,0x74,0x28,0x5B,0x5E,0x5C,0x74,0x5D,0x2E,
0x2A,0x29,0x2E,0x2A,0x22,0x00,0x00,0x00,0x00,0x00,0x00,0x00,0x00,0x00,0x00,0x00,0x00,0x00,0x00,0x00,0x00,0x00,0x00,0x00,0x00,0x00,0x0F,0x00,0x00,0x00,0x00,0x00,0x00,0x00,0xE0,0x23,0x4D,0x10,0x00,0x00,0x00,0x00,0x2E,0x3F,0x41,0x56,0x3F,0x24,0x73,0x70,
0x5F,0x63,0x6F,0x75,0x6E,0x74,0x65,0x64,0x5F,0x69,0x6D,0x70,0x6C,0x5F,0x70,0x40,0x56,0x43,0x47,0x43,0x53,0x43,0x6F,0x6D,0x6D,0x61,0x6E,0x64,0x73,0x40,0x40,0x40,0x64,0x65,0x74,0x61,0x69,0x6C,0x40,0x62,0x6F,0x6F,0x73,0x74,0x40,0x40,0x00,0x00,0x00,0x00,
0x00,0x00,0xE0,0x23,0x4D,0x10,0x00,0x00,0x00,0x00,0x2E,0x3F,0x41,0x56,0x3F,0x24,0x6E,0x75,0x6D,0x5F,0x70,0x75,0x74,0x40,0x44,0x56,0x3F,0x24,0x6F,0x73,0x74,0x72,0x65,0x61,0x6D,0x62,0x75,0x66,0x5F,0x69,0x74,0x65,0x72,0x61,0x74,0x6F,0x72,0x40,0x44,0x55,
0x3F,0x24,0x63,0x68,0x61,0x72,0x5F,0x74,0x72,0x61,0x69,0x74,0x73,0x40,0x44,0x40,0x73,0x74,0x64,0x40,0x40,0x40,0x73,0x74,0x64,0x40,0x40,0x40,0x73,0x74,0x64,0x40,0x40,0x00,0x00,0x00,0x22,0x28,0x2E,0x2A,0x29,0x5C,0x28,0x28,0x2E,0x2A,0x29,0x5C,0x29,0x22,
0x00,0x00,0x00,0x00,0x00,0x00,0x22,0x28,0x30,0x78,0x5B,0x5C,0x64,0x41,0x42,0x43,0x44,0x45,0x46,0x5D,0x2B,0x29,0x3D,0x5C,0x74,0x28,0x5C,0x64,0x2B,0x29,0x5C,0x74,0x28,0x5C,0x64,0x2B,0x29,0x5C,0x74,0x28,0x49,0x4E,0x54,0x7C,0x43,0x48,0x41,0x52,0x7C,0x46,
0x4C,0x4F,0x41,0x54,0x29,0x5C,0x74,0x28,0x5B,0x5E,0x5C,0x74,0x5D,0x2A,0x29,0x5C,0x74,0x28,0x5B,0x5E,0x5C,0x74,0x5D,0x2A,0x29,0x2E,0x2A,0x22,0x00,0x00,0x00,0x00,0xE0,0x23,0x4D,0x10,0x00,0x00,0x00,0x00,0x2E,0x3F,0x41,0x56,0x43,0x6E,0x50,0x61,0x72,0x61,
0x6D,0x65,0x74,0x65,0x72,0x43,0x68,0x65,0x63,0x6B,0x65,0x72,0x40,0x53,0x74,0x61,0x67,0x65,0x43,0x6F,0x6E,0x66,0x69,0x67,0x75,0x72,0x61,0x74,0x6F,0x72,0x40,0x50,0x49,0x40,0x40,0x00,0x00,0x00,0x00,0x00,0x00,0x00,0x00,0x00,0x00,0x00,0x00,0x00,0x00,0x00,
0x00,0x00,0x00,0x00,0x00,0x00,0x00,0x00,0x00,0x00,0x00,0x00,0x00,0x00,0x00,0x00,0x0F,0x00,0x00,0x00,0x00,0x00,0x00,0x00,0x00,0x00,0x00,0x00,0x00,0x00,0x00,0x00,0x00,0x00,0x00,0x00,0x00,0x00,0x00,0x00,0x00,0x00,0x00,0x00,0x00,0x00,0x00,0x00,0x00,0x00,
0x00,0x00,0x0F,0x00,0x00,0x00,0x00,0x00,0x00,0x00,0x00,0x00,0x00,0x00,0x00,0x00,0x00,0x00,0x00,0x00,0x00,0x00,0x00,0x00,0x00,0x00,0x00,0x00,0x00,0x00,0x00,0x00,0x00,0x00,0x00,0x00,0x00,0x00,0x0F,0x00,0x00,0x00,0x00,0x00,0x00,0x00,0x00,0x00,0x00,0x00,
0x00,0x00,0x00,0x00,0x00,0x00,0x00,0x00,0x00,0x00,0x00,0x00,0x00,0x00,0x00,0x00,0x00,0x00,0x00,0x00,0x00,0x00,0x00,0x00,0x0F,0x00,0x00,0x00,0x00,0x00,0x00,0x00,0x00,0x00,0x00,0x00,0x00,0x00,0x00,0x00,0x00,0x00,0x00,0x00,0x00,0x00,0x00,0x00,0x00,0x00,
0x00,0x00,0x00,0x00,0x00,0x00,0x00,0x00,0x00,0x00,0x0F,0x00,0x00,0x00,0x00,0x00,0x00,0x00,0x00,0x00,0x00,0x00,0x00,0x00,0x00,0x00,0x00,0x00,0x00,0x00,0x00,0x00,0x00,0x00,0x00,0x00,0x00,0x00,0x00,0x00,0x00,0x00,0x00,0x00,0x00,0x00,0x0F,0x00,0x00,0x00,
0x00,0x00,0x00,0x00,0x00,0x00,0x00,0x00,0xE0,0x23,0x4D,0x10,0x00,0x00,0x00,0x00,0x2E,0x3F,0x41,0x56,0x49,0x43,0x6F,0x6E,0x74,0x72,0x6F,0x6C,0x6C,0x65,0x72,0x57,0x72,0x61,0x70,0x70,0x65,0x72,0x46,0x6F,0x72,0x53,0x74,0x61,0x67,0x65,0x43,0x6F,0x6E,0x66,
0x69,0x67,0x75,0x72,0x61,0x74,0x69,0x6F,0x6E,0x40,0x53,0x74,0x61,0x67,0x65,0x43,0x6F,0x6E,0x66,0x69,0x67,0x75,0x72,0x61,0x74,0x6F,0x72,0x40,0x50,0x49,0x40,0x40,0x00,0x00,0x00,0x00,0x00,0x00,0xE0,0x23,0x4D,0x10,0x00,0x00,0x00,0x00,0x2E,0x3F,0x41,0x56,
0x3F,0x24,0x73,0x70,0x5F,0x63,0x6F,0x75,0x6E,0x74,0x65,0x64,0x5F,0x69,0x6D,0x70,0x6C,0x5F,0x70,0x40,0x56,0x43,0x6E,0x52,0x65,0x63,0x6F,0x6E,0x6E,0x65,0x63,0x74,0x43,0x6F,0x6E,0x74,0x72,0x6F,0x6C,0x6C,0x65,0x72,0x41,0x66,0x74,0x65,0x72,0x52,0x65,0x62,
0x6F,0x6F,0x74,0x40,0x53,0x74,0x61,0x67,0x65,0x43,0x6F,0x6E,0x66,0x69,0x67,0x75,0x72,0x61,0x74,0x6F,0x72,0x40,0x50,0x49,0x40,0x40,0x40,0x64,0x65,0x74,0x61,0x69,0x6C,0x40,0x62,0x6F,0x6F,0x73,0x74,0x40,0x40,0x00,0xE0,0x23,0x4D,0x10,0x00,0x00,0x00,0x00,
0x2E,0x3F,0x41,0x56,0x43,0x6E,0x43,0x6F,0x6E,0x74,0x72,0x6F,0x6C,0x6C,0x65,0x72,0x50,0x61,0x72,0x61,0x6D,0x65,0x74,0x65,0x72,0x49,0x6E,0x66,0x6F,0x56,0x69,0x61,0x5F,0x71,0x53,0x50,0x41,0x40,0x53,0x74,0x61,0x67,0x65,0x43,0x6F,0x6E,0x66,0x69,0x67,0x75,
0x72,0x61,0x74,0x6F,0x72,0x40,0x50,0x49,0x40,0x40,0x00,0x00,0x00,0x00,0xE0,0x23,0x4D,0x10,0x00,0x00,0x00,0x00,0x2E,0x3F,0x41,0x56,0x43,0x6E,0x56,0x69,0x73,0x69,0x74,0x6F,0x72,0x40,0x53,0x74,0x61,0x67,0x65,0x43,0x6F,0x6E,0x66,0x69,0x67,0x75,0x72,0x61,
0x74,0x6F,0x72,0x40,0x50,0x49,0x40,0x40,0x00,0x00,0x00,0x00,0xE0,0x23,0x4D,0x10,0x00,0x00,0x00,0x00,0x2E,0x3F,0x41,0x56,0x3F,0x24,0x73,0x74,0x61,0x74,0x69,0x63,0x5F,0x76,0x69,0x73,0x69,0x74,0x6F,0x72,0x40,0x5F,0x4E,0x40,0x62,0x6F,0x6F,0x73,0x74,0x40,
0x40,0x00,0xE0,0x23,0x4D,0x10,0x00,0x00,0x00,0x00,0x2E,0x3F,0x41,0x55,0x69,0x73,0x5F,0x73,0x74,0x61,0x74,0x69,0x63,0x5F,0x76,0x69,0x73,0x69,0x74,0x6F,0x72,0x5F,0x74,0x61,0x67,0x40,0x64,0x65,0x74,0x61,0x69,0x6C,0x40,0x62,0x6F,0x6F,0x73,0x74,0x40,0x40,
0x00,0x00,0x00,0x00,0xE0,0x23,0x4D,0x10,0x00,0x00,0x00,0x00,0x2E,0x3F,0x41,0x56,0x43,0x6E,0x56,0x69,0x73,0x69,0x74,0x6F,0x72,0x5F,0x53,0x45,0x50,0x40,0x53,0x74,0x61,0x67,0x65,0x43,0x6F,0x6E,0x66,0x69,0x67,0x75,0x72,0x61,0x74,0x6F,0x72,0x40,0x50,0x49,
0x40,0x40,0x00,0x00,0x00,0x00,0xE0,0x23,0x4D,0x10,0x00,0x00,0x00,0x00,0x2E,0x3F,0x41,0x56,0x43,0x6E,0x56,0x69,0x73,0x69,0x74,0x6F,0x72,0x5F,0x71,0x53,0x45,0x50,0x40,0x53,0x74,0x61,0x67,0x65,0x43,0x6F,0x6E,0x66,0x69,0x67,0x75,0x72,0x61,0x74,0x6F,0x72,
0x40,0x50,0x49,0x40,0x40,0x00,0x00,0x00,0xE0,0x23,0x4D,0x10,0x00,0x00,0x00,0x00,0x2E,0x3F,0x41,0x56,0x43,0x6E,0x56,0x69,0x73,0x69,0x74,0x6F,0x72,0x5F,0x71,0x53,0x50,0x41,0x40,0x53,0x74,0x61,0x67,0x65,0x43,0x6F,0x6E,0x66,0x69,0x67,0x75,0x72,0x61,0x74,
0x6F,0x72,0x40,0x50,0x49,0x40,0x40,0x00,0x00,0x00,0xE0,0x23,0x4D,0x10,0x00,0x00,0x00,0x00,0x2E,0x3F,0x41,0x56,0x43,0x6E,0x56,0x69,0x73,0x69,0x74,0x6F,0x72,0x5F,0x53,0x50,0x41,0x40,0x53,0x74,0x61,0x67,0x65,0x43,0x6F,0x6E,0x66,0x69,0x67,0x75,0x72,0x61,
0x74,0x6F,0x72,0x40,0x50,0x49,0x40,0x40,0x00,0x00,0x00,0x00,0x00,0x00,0x00,0x00,0xE0,0x23,0x4D,0x10,0x00,0x00,0x00,0x00,0x2E,0x3F,0x41,0x56,0x43,0x6E,0x43,0x6F,0x6E,0x74,0x72,0x6F,0x6C,0x6C,0x65,0x72,0x57,0x72,0x61,0x70,0x70,0x65,0x72,0x46,0x6F,0x72,
0x53,0x74,0x61,0x67,0x65,0x43,0x6F,0x6E,0x66,0x69,0x67,0x75,0x72,0x61,0x74,0x69,0x6F,0x6E,0x40,0x53,0x74,0x61,0x67,0x65,0x43,0x6F,0x6E,0x66,0x69,0x67,0x75,0x72,0x61,0x74,0x6F,0x72,0x40,0x50,0x49,0x40,0x40,0x00,0x00,0x00,0x00,0x00,0x00,0x00,0x00,0x00,
0x00,0x00,0x00,0x00,0x00,0x00,0x00,0x00,0x00,0x00,0x00,0x00,0x0F,0x00,0x00,0x00,0x00,0x00,0x00,0x00,0x00,0x00,0x00,0x00,0x00,0x00,0x00,0x00,0x00,0x00,0x00,0x00,0x00,0x00,0x00,0x00,0x00,0x00,0x00,0x00,0x00,0x00,0x00,0x00,0x00,0x00,0x00,0x00,0x0F,0x00,
0x00,0x00,0x00,0x00,0x00,0x00,0x00,0x00,0x00,0x00,0xE0,0x23,0x4D,0x10,0x00,0x00,0x00,0x00,0x2E,0x3F,0x41,0x56,0x43,0x6E,0x52,0x65,0x63,0x6F,0x6E,0x6E,0x65,0x63,0x74,0x43,0x6F,0x6E,0x74,0x72,0x6F,0x6C,0x6C,0x65,0x72,0x41,0x66,0x74,0x65,0x72,0x52,0x65,
0x62,0x6F,0x6F,0x74,0x40,0x53,0x74,0x61,0x67,0x65,0x43,0x6F,0x6E,0x66,0x69,0x67,0x75,0x72,0x61,0x74,0x6F,0x72,0x40,0x50,0x49,0x40,0x40,0x00,0xE0,0x23,0x4D,0x10,0x00,0x00,0x00,0x00,0x2E,0x3F,0x41,0x56,0x43,0x6E,0x53,0x74,0x61,0x67,0x65,0x43,0x6F,0x6E,
0x66,0x69,0x67,0x75,0x72,0x61,0x74,0x6F,0x72,0x40,0x53,0x74,0x61,0x67,0x65,0x43,0x6F,0x6E,0x66,0x69,0x67,0x75,0x72,0x61,0x74,0x6F,0x72,0x40,0x50,0x49,0x40,0x40,0x00,0x00,0x00,0x00,0x00,0x00,0x03,0x00,0x00,0x00,0x00,0x00,0x00,0x00,0x00,0x00,0x00,0x00,
0x00,0x00,0x00,0x00,0x14,0x00,0x00,0x00,0x00,0x00,0x00,0x00,0x00,0x00,0x00,0x00,0x00,0x00,0x00,0x00,0xE0,0x23,0x4D,0x10,0x00,0x00,0x00,0x00,0x2E,0x3F,0x41,0x56,0x3F,0x24,0x6C,0x65,0x78,0x69,0x63,0x61,0x6C,0x5F,0x73,0x74,0x72,0x65,0x61,0x6D,0x5F,0x6C,
0x69,0x6D,0x69,0x74,0x65,0x64,0x5F,0x73,0x72,0x63,0x40,0x44,0x56,0x3F,0x24,0x62,0x61,0x73,0x69,0x63,0x5F,0x73,0x74,0x72,0x65,0x61,0x6D,0x62,0x75,0x66,0x40,0x44,0x55,0x3F,0x24,0x63,0x68,0x61,0x72,0x5F,0x74,0x72,0x61,0x69,0x74,0x73,0x40,0x44,0x40,0x73,
0x74,0x64,0x40,0x40,0x40,0x73,0x74,0x64,0x40,0x40,0x55,0x3F,0x24,0x63,0x68,0x61,0x72,0x5F,0x74,0x72,0x61,0x69,0x74,0x73,0x40,0x44,0x40,0x32,0x40,0x40,0x64,0x65,0x74,0x61,0x69,0x6C,0x40,0x62,0x6F,0x6F,0x73,0x74,0x40,0x40,0x00,0x00,0x00,0x00,0xE0,0x23,
0x4D,0x10,0x00,0x00,0x00,0x00,0x2E,0x5F,0x4A,0x00,0xE0,0x23,0x4D,0x10,0x00,0x00,0x00,0x00,0x2E,0x4E,0x00,0x00,0xE0,0x23,0x4D,0x10,0x00,0x00,0x00,0x00,0x2E,0x3F,0x41,0x56,0x43,0x6E,0x56,0x69,0x73,0x69,0x74,0x6F,0x72,0x5F,0x47,0x65,0x74,0x4E,0x6F,0x72,
0x6D,0x61,0x6C,0x44,0x61,0x74,0x61,0x74,0x79,0x70,0x65,0x73,0x40,0x53,0x74,0x61,0x67,0x65,0x43,0x6F,0x6E,0x66,0x69,0x67,0x75,0x72,0x61,0x74,0x6F,0x72,0x40,0x50,0x49,0x40,0x40,0x00,0x00,0x00,0x00,0x00,0x00,0x00,0x00,0x00,0x00,0x00,0x00,0x00,0x00,0x00,
0x00,0x00,0x00,0x00,0x00,0x00,0x0F,0x00,0x00,0x00,0x00,0x00,0x00,0x00,0xE0,0x23,0x4D,0x10,0x00,0x00,0x00,0x00,0x2E,0x3F,0x41,0x56,0x43,0x6E,0x56,0x69,0x73,0x69,0x74,0x6F,0x72,0x5F,0x57,0x50,0x41,0x40,0x53,0x74,0x61,0x67,0x65,0x43,0x6F,0x6E,0x66,0x69,
0x67,0x75,0x72,0x61,0x74,0x6F,0x72,0x40,0x50,0x49,0x40,0x40,0x00,0x00,0x00,0x00,0x00,0x00,0x00,0x00,0x00,0x00,0x00,0x00,0x00,0x00,0x00,0x00,0x00,0x00,0x00,0x00,0x00,0x00,0x00,0x00,0x0F,0x00,0x00,0x00,0x00,0x00,0x00,0x00,0xE0,0x23,0x4D,0x10,0x00,0x00,
0x00,0x00,0x2E,0x3F,0x41,0x56,0x49,0x6E,0x53,0x65,0x74,0x50,0x61,0x72,0x61,0x6D,0x65,0x74,0x65,0x72,0x40,0x53,0x74,0x61,0x67,0x65,0x43,0x6F,0x6E,0x66,0x69,0x67,0x75,0x72,0x61,0x74,0x6F,0x72,0x40,0x50,0x49,0x40,0x40,0x00,0x00,0x00,0xE0,0x23,0x4D,0x10,
0x00,0x00,0x00,0x00,0x2E,0x3F,0x41,0x56,0x3F,0x24,0x73,0x70,0x5F,0x63,0x6F,0x75,0x6E,0x74,0x65,0x64,0x5F,0x69,0x6D,0x70,0x6C,0x5F,0x70,0x40,0x56,0x43,0x6E,0x53,0x65,0x74,0x50,0x61,0x72,0x61,0x6D,0x65,0x74,0x65,0x72,0x56,0x69,0x61,0x53,0x50,0x41,0x40,
0x53,0x74,0x61,0x67,0x65,0x43,0x6F,0x6E,0x66,0x69,0x67,0x75,0x72,0x61,0x74,0x6F,0x72,0x40,0x50,0x49,0x40,0x40,0x40,0x64,0x65,0x74,0x61,0x69,0x6C,0x40,0x62,0x6F,0x6F,0x73,0x74,0x40,0x40,0x00,0xE0,0x23,0x4D,0x10,0x00,0x00,0x00,0x00,0x2E,0x3F,0x41,0x56,
0x43,0x6E,0x53,0x65,0x74,0x50,0x61,0x72,0x61,0x6D,0x65,0x74,0x65,0x72,0x56,0x69,0x61,0x53,0x50,0x41,0x40,0x53,0x74,0x61,0x67,0x65,0x43,0x6F,0x6E,0x66,0x69,0x67,0x75,0x72,0x61,0x74,0x6F,0x72,0x40,0x50,0x49,0x40,0x40,0x00,0x00,0x00,0x00,0x00,0xE0,0x23,
0x4D,0x10,0x00,0x00,0x00,0x00,0x2E,0x3F,0x41,0x56,0x3F,0x24,0x73,0x70,0x5F,0x63,0x6F,0x75,0x6E,0x74,0x65,0x64,0x5F,0x69,0x6D,0x70,0x6C,0x5F,0x70,0x40,0x56,0x43,0x6E,0x53,0x65,0x74,0x50,0x61,0x72,0x61,0x6D,0x65,0x74,0x65,0x72,0x56,0x69,0x61,0x53,0x45,
0x50,0x57,0x69,0x74,0x68,0x52,0x65,0x62,0x6F,0x6F,0x74,0x40,0x53,0x74,0x61,0x67,0x65,0x43,0x6F,0x6E,0x66,0x69,0x67,0x75,0x72,0x61,0x74,0x6F,0x72,0x40,0x50,0x49,0x40,0x40,0x40,0x64,0x65,0x74,0x61,0x69,0x6C,0x40,0x62,0x6F,0x6F,0x73,0x74,0x40,0x40,0x00,
0x00,0x00,0xE0,0x23,0x4D,0x10,0x00,0x00,0x00,0x00,0x2E,0x3F,0x41,0x56,0x43,0x6E,0x53,0x65,0x74,0x50,0x61,0x72,0x61,0x6D,0x65,0x74,0x65,0x72,0x56,0x69,0x61,0x53,0x45,0x50,0x57,0x69,0x74,0x68,0x52,0x65,0x62,0x6F,0x6F,0x74,0x40,0x53,0x74,0x61,0x67,0x65,
0x43,0x6F,0x6E,0x66,0x69,0x67,0x75,0x72,0x61,0x74,0x6F,0x72,0x40,0x50,0x49,0x40,0x40,0x00,0x00,0x00,0x00,0x00,0x00,0x00,0xE0,0x23,0x4D,0x10,0x00,0x00,0x00,0x00,0x2E,0x3F,0x41,0x56,0x3F,0x24,0x73,0x70,0x5F,0x63,0x6F,0x75,0x6E,0x74,0x65,0x64,0x5F,0x69,
0x6D,0x70,0x6C,0x5F,0x70,0x40,0x56,0x43,0x6E,0x53,0x65,0x74,0x50,0x61,0x72,0x61,0x6D,0x65,0x74,0x65,0x72,0x56,0x69,0x61,0x53,0x45,0x50,0x57,0x69,0x74,0x68,0x6F,0x75,0x74,0x52,0x65,0x62,0x6F,0x6F,0x74,0x40,0x53,0x74,0x61,0x67,0x65,0x43,0x6F,0x6E,0x66,
0x69,0x67,0x75,0x72,0x61,0x74,0x6F,0x72,0x40,0x50,0x49,0x40,0x40,0x40,0x64,0x65,0x74,0x61,0x69,0x6C,0x40,0x62,0x6F,0x6F,0x73,0x74,0x40,0x40,0x00,0x00,0x00,0x00,0x00,0x00,0x00,0x00,0xE0,0x23,0x4D,0x10,0x00,0x00,0x00,0x00,0x2E,0x3F,0x41,0x56,0x43,0x6E,
0x53,0x65,0x74,0x50,0x61,0x72,0x61,0x6D,0x65,0x74,0x65,0x72,0x56,0x69,0x61,0x53,0x45,0x50,0x57,0x69,0x74,0x68,0x6F,0x75,0x74,0x52,0x65,0x62,0x6F,0x6F,0x74,0x40,0x53,0x74,0x61,0x67,0x65,0x43,0x6F,0x6E,0x66,0x69,0x67,0x75,0x72,0x61,0x74,0x6F,0x72,0x40,
0x50,0x49,0x40,0x40,0x00,0x00,0x00,0x00,0xE0,0x23,0x4D,0x10,0x00,0x00,0x00,0x00,0x2E,0x3F,0x41,0x56,0x50,0x49,0x53,0x74,0x72,0x69,0x6E,0x67,0x40,0x40,0x00,0x00,0xE0,0x23,0x4D,0x10,0x00,0x00,0x00,0x00,0x2E,0x3F,0x41,0x56,0x3F,0x24,0x73,0x70,0x5F,0x63,
0x6F,0x75,0x6E,0x74,0x65,0x64,0x5F,0x69,0x6D,0x70,0x6C,0x5F,0x70,0x40,0x56,0x43,0x6E,0x53,0x65,0x74,0x50,0x61,0x72,0x61,0x6D,0x65,0x74,0x65,0x72,0x56,0x69,0x61,0x53,0x50,0x41,0x41,0x6E,0x64,0x53,0x61,0x76,0x65,0x57,0x69,0x74,0x68,0x57,0x50,0x41,0x31,
0x30,0x31,0x40,0x53,0x74,0x61,0x67,0x65,0x43,0x6F,0x6E,0x66,0x69,0x67,0x75,0x72,0x61,0x74,0x6F,0x72,0x40,0x50,0x49,0x40,0x40,0x40,0x64,0x65,0x74,0x61,0x69,0x6C,0x40,0x62,0x6F,0x6F,0x73,0x74,0x40,0x40,0x00,0x00,0x00,0x00,0xE0,0x23,0x4D,0x10,0x00,0x00,
0x00,0x00,0x2E,0x3F,0x41,0x56,0x43,0x6E,0x53,0x65,0x74,0x50,0x61,0x72,0x61,0x6D,0x65,0x74,0x65,0x72,0x56,0x69,0x61,0x53,0x50,0x41,0x41,0x6E,0x64,0x53,0x61,0x76,0x65,0x57,0x69,0x74,0x68,0x57,0x50,0x41,0x31,0x30,0x31,0x40,0x53,0x74,0x61,0x67,0x65,0x43,
0x6F,0x6E,0x66,0x69,0x67,0x75,0x72,0x61,0x74,0x6F,0x72,0x40,0x50,0x49,0x40,0x40,0x00,0x00,0x00,0x00,0x00,0x00,0x00,0x00,0xE0,0x23,0x4D,0x10,0x00,0x00,0x00,0x00,0x2E,0x3F,0x41,0x56,0x3F,0x24,0x73,0x70,0x5F,0x63,0x6F,0x75,0x6E,0x74,0x65,0x64,0x5F,0x69,
0x6D,0x70,0x6C,0x5F,0x70,0x40,0x56,0x43,0x6E,0x53,0x65,0x74,0x50,0x61,0x72,0x61,0x6D,0x65,0x74,0x65,0x72,0x56,0x69,0x61,0x53,0x50,0x41,0x41,0x6E,0x64,0x53,0x61,0x76,0x65,0x57,0x69,0x74,0x68,0x57,0x50,0x41,0x31,0x30,0x30,0x40,0x53,0x74,0x61,0x67,0x65,
0x43,0x6F,0x6E,0x66,0x69,0x67,0x75,0x72,0x61,0x74,0x6F,0x72,0x40,0x50,0x49,0x40,0x40,0x40,0x64,0x65,0x74,0x61,0x69,0x6C,0x40,0x62,0x6F,0x6F,0x73,0x74,0x40,0x40,0x00,0x00,0x00,0x00,0xE0,0x23,0x4D,0x10,0x00,0x00,0x00,0x00,0x2E,0x3F,0x41,0x56,0x43,0x6E,
0x53,0x65,0x74,0x50,0x61,0x72,0x61,0x6D,0x65,0x74,0x65,0x72,0x56,0x69,0x61,0x53,0x50,0x41,0x41,0x6E,0x64,0x53,0x61,0x76,0x65,0x57,0x69,0x74,0x68,0x57,0x50,0x41,0x31,0x30,0x30,0x40,0x53,0x74,0x61,0x67,0x65,0x43,0x6F,0x6E,0x66,0x69,0x67,0x75,0x72,0x61,
0x74,0x6F,0x72,0x40,0x50,0x49,0x40,0x40,0x00,0x00,0x00,0x00,0xE0,0x23,0x4D,0x10,0x00,0x00,0x00,0x00,0x2E,0x3F,0x41,0x56,0x43,0x6E,0x48,0x61,0x6E,0x64,0x6C,0x65,0x53,0x65,0x72,0x76,0x6F,0x53,0x74,0x61,0x74,0x65,0x40,0x53,0x74,0x61,0x67,0x65,0x43,0x6F,
0x6E,0x66,0x69,0x67,0x75,0x72,0x61,0x74,0x6F,0x72,0x40,0x50,0x49,0x40,0x40,0x00,0x00,0x00,0x00,0x00,0x00,0x00,0x00,0x00,0x00,0x00,0x00,0x00,0x00,0x00,0x00,0x00,0x00,0x00,0x00,0x00,0x00,0x00,0x0F,0x00,0x00,0x00,0x00,0x00,0x00,0x00,0x00,0x00,0x00,0x00,
0x00,0x00,0x00,0x00,0x00,0x00,0x00,0x00,0x00,0x00,0x00,0x00,0x00,0x00,0x00,0x00,0x0F,0x00,0x00,0x00,0x00,0x00,0x00,0x00,0x00,0x00,0x00,0x00,0x00,0x00,0x00,0x00,0x00,0x00,0x00,0x00,0x00,0x00,0x00,0x00,0x00,0x00,0x00,0x00,0x00,0x00,0x00,0x00,0x00,0x00,
0x00,0x00,0x0F,0x00,0x00,0x00,0x00,0x00,0x00,0x00,0x00,0x00,0x00,0x00,0x00,0x00,0x00,0x00,0x00,0x00,0x00,0x00,0x00,0x00,0x00,0x00,0x00,0x00,0x00,0x00,0x00,0x00,0x00,0x00,0x00,0x00,0x00,0x00,0x0F,0x00,0x00,0x00,0x00,0x00,0x00,0x00,0x00,0x00,0x00,0x00,
0x00,0x00,0x00,0x00,0x00,0x00,0x00,0x00,0x00,0x00,0x00,0x00,0x00,0x00,0x00,0x00,0x00,0x00,0x00,0x00,0x00,0x00,0x00,0x00,0x0F,0x00,0x00,0x00,0x00,0x00,0x00,0x00,0x00,0x00,0x00,0x00,0x00,0x00,0x00,0x00,0x00,0x00,0x00,0x00,0x00,0x00,0x00,0x00,0x00,0x00,
0x00,0x00,0x00,0x00,0x00,0x00,0x00,0x00,0x00,0x00,0x0F,0x00,0x00,0x00,0x00,0x00,0x00,0x00,0x00,0x00,0x00,0x00,0x00,0x00,0x00,0x00,0x00,0x00,0x00,0x00,0x00,0x00,0x00,0x00,0x00,0x00,0x00,0x00,0x0F,0x00,0x00,0x00,0x00,0x00,0x00,0x00,0x00,0x00,0x00,0x00,
0x00,0x00,0x00,0x00,0x00,0x00,0x00,0x00,0x00,0x00,0x00,0x00,0x00,0x00,0x00,0x00,0x0F,0x00,0x00,0x00,0x00,0x00,0x00,0x00,0x00,0x00,0x00,0x00,0x00,0x00,0x00,0x00,0x00,0x00,0x00,0x00,0x00,0x00,0x00,0x00,0x00,0x00,0x00,0x00,0x00,0x00,0x00,0x00,0x00,0x00,
0x00,0x00,0x0F,0x00,0x00,0x00,0x00,0x00,0x00,0x00,0x00,0x00,0x00,0x00,0x00,0x00,0x00,0x00,0x00,0x00,0x00,0x00,0x00,0x00,0x00,0x00,0x00,0x00,0x00,0x00,0x0F,0x00,0x00,0x00,0x00,0x00,0x00,0x00,0x00,0x00,0x00,0x00,0x00,0x00,0x00,0x00,0x00,0x00,0x00,0x00,
0x00,0x00,0x00,0x00,0x00,0x00,0x00,0x00,0x0F,0x00,0x00,0x00,0x00,0x00,0x00,0x00,0x00,0x00,0x00,0x00,0x00,0x00,0x00,0x00,0x00,0x00,0x00,0x00,0x00,0x00,0x00,0x00,0x00,0x00,0x00,0x00,0x0F,0x00,0x00,0x00,0x00,0x00,0x00,0x00,0x00,0x00,0x00,0x00,0x00,0x00,
0x00,0x00,0x00,0x00,0x00,0x00,0x00,0x00,0x00,0x00,0x00,0x00,0x00,0x00,0x0F,0x00,0x00,0x00,0x00,0x00,0x00,0x00,0x00,0x00,0x00,0x00,0x00,0x00,0x00,0x00,0x00,0x00,0x00,0x00,0x00,0x00,0x00,0x00,0x00,0x00,0x00,0x00,0x0F,0x00,0x00,0x00,0x00,0x00,0x00,0x00,
0x00,0x00,0x00,0x00,0x00,0x00,0x00,0x00,0x00,0x00,0x00,0x00,0x00,0x00,0x00,0x00,0x00,0x00,0x00,0x00,0x0F,0x00,0x00,0x00,0x00,0x00,0x00,0x00,0x00,0x00,0x00,0x00,0x00,0x00,0x00,0x00,0x00,0x00,0x00,0x00,0x00,0x00,0x00,0x00,0x00,0x00,0x00,0x00,0x00,0x00,
0x00,0x00,0x00,0x00,0x00,0x00,0x0F,0x00,0x00,0x00,0x00,0x00,0x00,0x00,0x00,0x00,0x00,0x00,0x00,0x00,0x00,0x00,0x00,0x00,0x00,0x00,0x00,0x00,0x00,0x00,0x00,0x00,0x00,0x00,0x00,0x00,0x00,0x00,0x00,0x00,0x00,0x00,0x0F,0x00,0x00,0x00,0x00,0x00,0x00,0x00,
0x00,0x00,0x00,0x00,0x00,0x00,0x00,0x00,0x00,0x00,0x00,0x00,0x00,0x00,0x00,0x00,0x00,0x00,0x00,0x00,0x00,0x00,0x00,0x00,0x00,0x00,0x00,0x00,0x0F,0x00,0x00,0x00,0x00,0x00,0x00,0x00,0x00,0x00,0x00,0x00,0x00,0x00,0x00,0x00,0x00,0x00,0x00,0x00,0x00,0x00,
0x00,0x00,0x00,0x00,0x00,0x00,0x00,0x00,0x00,0x00,0x00,0x00,0x00,0x00,0x0F,0x00,0x00,0x00,0x00,0x00,0x00,0x00,0x00,0x00,0x00,0x00,0x00,0x00,0x00,0x00,0x00,0x00,0x00,0x00,0x00,0x00,0x00,0x00,0x00,0x00,0x00,0x00,0x00,0x00,0x00,0x00,0x00,0x00,0x00,0x00,
0x0F,0x00,0x00,0x00,0x00,0x00,0x00,0x00,0x00,0x00,0x00,0x00,0x00,0x00,0x00,0x00,0x00,0x00,0x00,0x00,0x00,0x00,0x00,0x00,0x00,0x00,0x00,0x00,0x00,0x00,0x00,0x00,0x00,0x00,0x00,0x00,0x0F,0x00,0x00,0x00,0x00,0x00,0x00,0x00,0x00,0x00,0x00,0x00,0x00,0x00,
0x00,0x00,0x00,0x00,0x00,0x00,0x00,0x00,0x00,0x00,0x00,0x00,0x00,0x00,0x00,0x00,0x00,0x00,0x00,0x00,0x00,0x00,0x0F,0x00,0x00,0x00,0x00,0x00,0x00,0x00,0x00,0x00,0x00,0x00,0xE0,0x23,0x4D,0x10,0x00,0x00,0x00,0x00,0x2E,0x3F,0x41,0x56,0x3F,0x24,0x73,0x70,
0x5F,0x63,0x6F,0x75,0x6E,0x74,0x65,0x64,0x5F,0x69,0x6D,0x70,0x6C,0x5F,0x70,0x64,0x40,0x50,0x41,0x44,0x55,0x3F,0x24,0x63,0x68,0x65,0x63,0x6B,0x65,0x64,0x5F,0x61,0x72,0x72,0x61,0x79,0x5F,0x64,0x65,0x6C,0x65,0x74,0x65,0x72,0x40,0x44,0x40,0x62,0x6F,0x6F,
0x73,0x74,0x40,0x40,0x40,0x64,0x65,0x74,0x61,0x69,0x6C,0x40,0x62,0x6F,0x6F,0x73,0x74,0x40,0x40,0x00,0x00,0x00,0xE0,0x23,0x4D,0x10,0x00,0x00,0x00,0x00,0x2E,0x3F,0x41,0x55,0x3F,0x24,0x63,0x68,0x65,0x63,0x6B,0x65,0x64,0x5F,0x61,0x72,0x72,0x61,0x79,0x5F,
0x64,0x65,0x6C,0x65,0x74,0x65,0x72,0x40,0x44,0x40,0x62,0x6F,0x6F,0x73,0x74,0x40,0x40,0x00,0x00,0x00,0xE0,0x23,0x4D,0x10,0x00,0x00,0x00,0x00,0x2E,0x3F,0x41,0x56,0x3F,0x24,0x73,0x70,0x5F,0x63,0x6F,0x75,0x6E,0x74,0x65,0x64,0x5F,0x69,0x6D,0x70,0x6C,0x5F,
0x70,0x40,0x56,0x3F,0x24,0x63,0x6C,0x6F,0x6E,0x65,0x5F,0x69,0x6D,0x70,0x6C,0x40,0x55,0x62,0x61,0x64,0x5F,0x61,0x6C,0x6C,0x6F,0x63,0x5F,0x40,0x65,0x78,0x63,0x65,0x70,0x74,0x69,0x6F,0x6E,0x5F,0x64,0x65,0x74,0x61,0x69,0x6C,0x40,0x62,0x6F,0x6F,0x73,0x74,
0x40,0x40,0x40,0x65,0x78,0x63,0x65,0x70,0x74,0x69,0x6F,0x6E,0x5F,0x64,0x65,0x74,0x61,0x69,0x6C,0x40,0x62,0x6F,0x6F,0x73,0x74,0x40,0x40,0x40,0x64,0x65,0x74,0x61,0x69,0x6C,0x40,0x62,0x6F,0x6F,0x73,0x74,0x40,0x40,0x00,0x00,0xE0,0x23,0x4D,0x10,0x00,0x00,
0x00,0x00,0x2E,0x3F,0x41,0x55,0x62,0x61,0x64,0x5F,0x61,0x6C,0x6C,0x6F,0x63,0x5F,0x40,0x65,0x78,0x63,0x65,0x70,0x74,0x69,0x6F,0x6E,0x5F,0x64,0x65,0x74,0x61,0x69,0x6C,0x40,0x62,0x6F,0x6F,0x73,0x74,0x40,0x40,0x00,0x00,0x00,0x00,0x00,0xE0,0x23,0x4D,0x10,
0x00,0x00,0x00,0x00,0x2E,0x3F,0x41,0x56,0x3F,0x24,0x63,0x6C,0x6F,0x6E,0x65,0x5F,0x69,0x6D,0x70,0x6C,0x40,0x55,0x62,0x61,0x64,0x5F,0x61,0x6C,0x6C,0x6F,0x63,0x5F,0x40,0x65,0x78,0x63,0x65,0x70,0x74,0x69,0x6F,0x6E,0x5F,0x64,0x65,0x74,0x61,0x69,0x6C,0x40,
0x62,0x6F,0x6F,0x73,0x74,0x40,0x40,0x40,0x65,0x78,0x63,0x65,0x70,0x74,0x69,0x6F,0x6E,0x5F,0x64,0x65,0x74,0x61,0x69,0x6C,0x40,0x62,0x6F,0x6F,0x73,0x74,0x40,0x40,0x00,0x00,0xE0,0x23,0x4D,0x10,0x00,0x00,0x00,0x00,0x2E,0x3F,0x41,0x56,0x3F,0x24,0x74,0x68,
0x72,0x65,0x61,0x64,0x5F,0x64,0x61,0x74,0x61,0x40,0x56,0x3F,0x24,0x62,0x69,0x6E,0x64,0x5F,0x74,0x40,0x58,0x56,0x3F,0x24,0x6D,0x66,0x33,0x40,0x5F,0x4E,0x56,0x43,0x50,0x49,0x4C,0x64,0x61,0x70,0x43,0x6C,0x69,0x65,0x6E,0x74,0x40,0x40,0x41,0x41,0x56,0x3F,
0x24,0x6D,0x61,0x70,0x40,0x56,0x50,0x49,0x53,0x74,0x72,0x69,0x6E,0x67,0x40,0x40,0x5F,0x4E,0x55,0x3F,0x24,0x6C,0x65,0x73,0x73,0x40,0x56,0x50,0x49,0x53,0x74,0x72,0x69,0x6E,0x67,0x40,0x40,0x40,0x73,0x74,0x64,0x40,0x40,0x56,0x3F,0x24,0x61,0x6C,0x6C,0x6F,
0x63,0x61,0x74,0x6F,0x72,0x40,0x55,0x3F,0x24,0x70,0x61,0x69,0x72,0x40,0x24,0x24,0x43,0x42,0x56,0x50,0x49,0x53,0x74,0x72,0x69,0x6E,0x67,0x40,0x40,0x5F,0x4E,0x40,0x73,0x74,0x64,0x40,0x40,0x40,0x33,0x40,0x40,0x73,0x74,0x64,0x40,0x40,0x50,0x41,0x44,0x50,
0x41,0x44,0x40,0x5F,0x6D,0x66,0x69,0x40,0x62,0x6F,0x6F,0x73,0x74,0x40,0x40,0x56,0x3F,0x24,0x6C,0x69,0x73,0x74,0x34,0x40,0x56,0x3F,0x24,0x76,0x61,0x6C,0x75,0x65,0x40,0x50,0x41,0x56,0x43,0x50,0x49,0x4C,0x64,0x61,0x70,0x43,0x6C,0x69,0x65,0x6E,0x74,0x40,
0x40,0x40,0x5F,0x62,0x69,0x40,0x62,0x6F,0x6F,0x73,0x74,0x40,0x40,0x56,0x3F,0x24,0x72,0x65,0x66,0x65,0x72,0x65,0x6E,0x63,0x65,0x5F,0x77,0x72,0x61,0x70,0x70,0x65,0x72,0x40,0x56,0x3F,0x24,0x6D,0x61,0x70,0x40,0x56,0x50,0x49,0x53,0x74,0x72,0x69,0x6E,0x67,
0x40,0x40,0x5F,0x4E,0x55,0x3F,0x24,0x6C,0x65,0x73,0x73,0x40,0x56,0x50,0x49,0x53,0x74,0x72,0x69,0x6E,0x67,0x40,0x40,0x40,0x73,0x74,0x64,0x40,0x40,0x56,0x3F,0x24,0x61,0x6C,0x6C,0x6F,0x63,0x61,0x74,0x6F,0x72,0x40,0x55,0x3F,0x24,0x70,0x61,0x69,0x72,0x40,
0x24,0x24,0x43,0x42,0x56,0x50,0x49,0x53,0x74,0x72,0x69,0x6E,0x67,0x40,0x40,0x5F,0x4E,0x40,0x73,0x74,0x64,0x40,0x40,0x40,0x33,0x40,0x40,0x73,0x74,0x64,0x40,0x40,0x40,0x33,0x40,0x56,0x3F,0x24,0x76,0x61,0x6C,0x75,0x65,0x40,0x50,0x41,0x44,0x40,0x32,0x33,
0x40,0x56,0x35,0x32,0x33,0x40,0x40,0x5F,0x62,0x69,0x40,0x33,0x40,0x40,0x5F,0x62,0x69,0x40,0x62,0x6F,0x6F,0x73,0x74,0x40,0x40,0x40,0x64,0x65,0x74,0x61,0x69,0x6C,0x40,0x62,0x6F,0x6F,0x73,0x74,0x40,0x40,0x00,0x00,0xE0,0x23,0x4D,0x10,0x00,0x00,0x00,0x00,
0x2E,0x3F,0x41,0x56,0x63,0x6F,0x64,0x65,0x63,0x76,0x74,0x5F,0x62,0x61,0x73,0x65,0x40,0x73,0x74,0x64,0x40,0x40,0x00,0x00,0xE0,0x23,0x4D,0x10,0x00,0x00,0x00,0x00,0x2E,0x3F,0x41,0x56,0x3F,0x24,0x73,0x70,0x5F,0x63,0x6F,0x75,0x6E,0x74,0x65,0x64,0x5F,0x69,
0x6D,0x70,0x6C,0x5F,0x70,0x40,0x56,0x53,0x79,0x6E,0x63,0x68,0x72,0x6F,0x6E,0x69,0x7A,0x65,0x45,0x76,0x65,0x6E,0x74,0x40,0x40,0x40,0x64,0x65,0x74,0x61,0x69,0x6C,0x40,0x62,0x6F,0x6F,0x73,0x74,0x40,0x40,0x00,0x00,0xE0,0x23,0x4D,0x10,0x00,0x00,0x00,0x00,
0x2E,0x3F,0x41,0x56,0x3F,0x24,0x63,0x6F,0x64,0x65,0x63,0x76,0x74,0x40,0x44,0x44,0x48,0x40,0x73,0x74,0x64,0x40,0x40,0x00,0xE0,0x23,0x4D,0x10,0x00,0x00,0x00,0x00,0x2E,0x3F,0x41,0x56,0x3F,0x24,0x62,0x61,0x73,0x69,0x63,0x5F,0x66,0x69,0x6C,0x65,0x62,0x75,
0x66,0x40,0x44,0x55,0x3F,0x24,0x63,0x68,0x61,0x72,0x5F,0x74,0x72,0x61,0x69,0x74,0x73,0x40,0x44,0x40,0x73,0x74,0x64,0x40,0x40,0x40,0x73,0x74,0x64,0x40,0x40,0x00,0x00,0x00,0xE0,0x23,0x4D,0x10,0x00,0x00,0x00,0x00,0x2E,0x3F,0x41,0x56,0x3F,0x24,0x62,0x61,
0x73,0x69,0x63,0x5F,0x69,0x66,0x73,0x74,0x72,0x65,0x61,0x6D,0x40,0x44,0x55,0x3F,0x24,0x63,0x68,0x61,0x72,0x5F,0x74,0x72,0x61,0x69,0x74,0x73,0x40,0x44,0x40,0x73,0x74,0x64,0x40,0x40,0x40,0x73,0x74,0x64,0x40,0x40,0x00,0x00,0xE0,0x23,0x4D,0x10,0x00,0x00,
0x00,0x00,0x2E,0x3F,0x41,0x56,0x43,0x47,0x43,0x53,0x43,0x6F,0x6D,0x6D,0x61,0x6E,0x64,0x73,0x40,0x40,0x00,0x00,0xE0,0x23,0x4D,0x10,0x00,0x00,0x00,0x00,0x2E,0x3F,0x41,0x56,0x43,0x6E,0x47,0x43,0x53,0x43,0x6F,0x6D,0x6D,0x61,0x6E,0x64,0x73,0x47,0x65,0x6E,
0x65,0x72,0x61,0x74,0x65,0x64,0x40,0x40,0x00,0x00,0x00,0x00,0xE0,0x23,0x4D,0x10,0x00,0x00,0x00,0x00,0x2E,0x3F,0x41,0x56,0x6E,0x6F,0x6E,0x63,0x6F,0x70,0x79,0x61,0x62,0x6C,0x65,0x40,0x6E,0x6F,0x6E,0x63,0x6F,0x70,0x79,0x61,0x62,0x6C,0x65,0x5F,0x40,0x62,
0x6F,0x6F,0x73,0x74,0x40,0x40,0x00,0x00,0x00,0x00,0xE0,0x23,0x4D,0x10,0x00,0x00,0x00,0x00,0x2E,0x3F,0x41,0x56,0x3F,0x24,0x73,0x70,0x5F,0x63,0x6F,0x75,0x6E,0x74,0x65,0x64,0x5F,0x69,0x6D,0x70,0x6C,0x5F,0x70,0x40,0x56,0x43,0x6F,0x6D,0x6D,0x61,0x6E,0x64,
0x4C,0x6F,0x67,0x67,0x65,0x72,0x40,0x40,0x40,0x64,0x65,0x74,0x61,0x69,0x6C,0x40,0x62,0x6F,0x6F,0x73,0x74,0x40,0x40,0x00,0xE0,0x23,0x4D,0x10,0x00,0x00,0x00,0x00,0x2E,0x3F,0x41,0x56,0x43,0x6F,0x6D,0x6D,0x61,0x6E,0x64,0x4C,0x6F,0x67,0x67,0x65,0x72,0x40,
0x40,0x00,0xE0,0x23,0x4D,0x10,0x00,0x00,0x00,0x00,0x2E,0x3F,0x41,0x56,0x43,0x6E,0x44,0x61,0x69,0x73,0x79,0x43,0x68,0x61,0x69,0x6E,0x40,0x40,0x00,0x00,0xE0,0x23,0x4D,0x10,0x00,0x00,0x00,0x00,0x2E,0x3F,0x41,0x56,0x3F,0x24,0x73,0x70,0x5F,0x63,0x6F,0x75,
0x6E,0x74,0x65,0x64,0x5F,0x69,0x6D,0x70,0x6C,0x5F,0x70,0x40,0x56,0x50,0x49,0x44,0x79,0x6E,0x61,0x6D,0x69,0x63,0x4C,0x69,0x62,0x72,0x61,0x72,0x79,0x40,0x40,0x40,0x64,0x65,0x74,0x61,0x69,0x6C,0x40,0x62,0x6F,0x6F,0x73,0x74,0x40,0x40,0x00,0x00,0xE0,0x23,
0x4D,0x10,0x00,0x00,0x00,0x00,0x2E,0x3F,0x41,0x56,0x3F,0x24,0x73,0x70,0x5F,0x63,0x6F,0x75,0x6E,0x74,0x65,0x64,0x5F,0x69,0x6D,0x70,0x6C,0x5F,0x70,0x40,0x56,0x43,0x6E,0x44,0x61,0x69,0x73,0x79,0x43,0x68,0x61,0x69,0x6E,0x40,0x40,0x40,0x64,0x65,0x74,0x61,
0x69,0x6C,0x40,0x62,0x6F,0x6F,0x73,0x74,0x40,0x40,0x00,0x00,0xE0,0x23,0x4D,0x10,0x00,0x00,0x00,0x00,0x2E,0x3F,0x41,0x56,0x43,0x6E,0x44,0x61,0x69,0x73,0x79,0x43,0x68,0x61,0x69,0x6E,0x4D,0x61,0x6E,0x61,0x67,0x65,0x72,0x40,0x40,0x00,0x00,0x00,0xE0,0x23,
0x4D,0x10,0x00,0x00,0x00,0x00,0x2E,0x3F,0x41,0x56,0x43,0x6E,0x46,0x69,0x72,0x6D,0x77,0x61,0x72,0x65,0x56,0x65,0x72,0x73,0x69,0x6F,0x6E,0x40,0x50,0x49,0x53,0x74,0x61,0x67,0x65,0x73,0x33,0x40,0x50,0x61,0x72,0x61,0x6D,0x65,0x74,0x65,0x72,0x4C,0x69,0x62,
0x40,0x50,0x49,0x40,0x40,0x00,0x00,0x00,0xE0,0x23,0x4D,0x10,0x00,0x00,0x00,0x00,0x2E,0x3F,0x41,0x56,0x49,0x6E,0x50,0x69,0x53,0x74,0x61,0x67,0x65,0x73,0x33,0x40,0x50,0x49,0x53,0x74,0x61,0x67,0x65,0x73,0x33,0x40,0x50,0x61,0x72,0x61,0x6D,0x65,0x74,0x65,
0x72,0x4C,0x69,0x62,0x40,0x50,0x49,0x40,0x40,0x00,0xE0,0x23,0x4D,0x10,0x00,0x00,0x00,0x00,0x2E,0x3F,0x41,0x56,0x3F,0x24,0x73,0x70,0x5F,0x63,0x6F,0x75,0x6E,0x74,0x65,0x64,0x5F,0x69,0x6D,0x70,0x6C,0x5F,0x70,0x40,0x56,0x43,0x6E,0x50,0x61,0x72,0x61,0x6D,
0x65,0x74,0x65,0x72,0x49,0x6E,0x66,0x6F,0x44,0x41,0x4F,0x40,0x50,0x49,0x53,0x74,0x61,0x67,0x65,0x73,0x33,0x40,0x50,0x61,0x72,0x61,0x6D,0x65,0x74,0x65,0x72,0x4C,0x69,0x62,0x40,0x50,0x49,0x40,0x40,0x40,0x64,0x65,0x74,0x61,0x69,0x6C,0x40,0x62,0x6F,0x6F,
0x73,0x74,0x40,0x40,0x00,0x00,0xE0,0x23,0x4D,0x10,0x00,0x00,0x00,0x00,0x2E,0x3F,0x41,0x56,0x3F,0x24,0x73,0x70,0x5F,0x63,0x6F,0x75,0x6E,0x74,0x65,0x64,0x5F,0x69,0x6D,0x70,0x6C,0x5F,0x70,0x40,0x56,0x43,0x6E,0x43,0x6F,0x6E,0x74,0x72,0x6F,0x6C,0x6C,0x65,
0x72,0x44,0x41,0x4F,0x40,0x50,0x49,0x53,0x74,0x61,0x67,0x65,0x73,0x33,0x40,0x50,0x61,0x72,0x61,0x6D,0x65,0x74,0x65,0x72,0x4C,0x69,0x62,0x40,0x50,0x49,0x40,0x40,0x40,0x64,0x65,0x74,0x61,0x69,0x6C,0x40,0x62,0x6F,0x6F,0x73,0x74,0x40,0x40,0x00,0x00,0x00,
0x00,0x00,0xE0,0x23,0x4D,0x10,0x00,0x00,0x00,0x00,0x2E,0x3F,0x41,0x56,0x3F,0x24,0x73,0x70,0x5F,0x63,0x6F,0x75,0x6E,0x74,0x65,0x64,0x5F,0x69,0x6D,0x70,0x6C,0x5F,0x70,0x40,0x56,0x43,0x6E,0x53,0x79,0x73,0x74,0x65,0x6D,0x44,0x41,0x4F,0x40,0x50,0x49,0x53,
0x74,0x61,0x67,0x65,0x73,0x33,0x40,0x50,0x61,0x72,0x61,0x6D,0x65,0x74,0x65,0x72,0x4C,0x69,0x62,0x40,0x50,0x49,0x40,0x40,0x40,0x64,0x65,0x74,0x61,0x69,0x6C,0x40,0x62,0x6F,0x6F,0x73,0x74,0x40,0x40,0x00,0xE0,0x23,0x4D,0x10,0x00,0x00,0x00,0x00,0x2E,0x3F,
0x41,0x56,0x3F,0x24,0x73,0x70,0x5F,0x63,0x6F,0x75,0x6E,0x74,0x65,0x64,0x5F,0x69,0x6D,0x70,0x6C,0x5F,0x70,0x40,0x56,0x43,0x6E,0x50,0x61,0x72,0x61,0x6D,0x65,0x74,0x65,0x72,0x44,0x41,0x4F,0x40,0x50,0x49,0x53,0x74,0x61,0x67,0x65,0x73,0x33,0x40,0x50,0x61,
0x72,0x61,0x6D,0x65,0x74,0x65,0x72,0x4C,0x69,0x62,0x40,0x50,0x49,0x40,0x40,0x40,0x64,0x65,0x74,0x61,0x69,0x6C,0x40,0x62,0x6F,0x6F,0x73,0x74,0x40,0x40,0x00,0x00,0x00,0x00,0x00,0x00,0xE0,0x23,0x4D,0x10,0x00,0x00,0x00,0x00,0x2E,0x3F,0x41,0x56,0x3F,0x24,
0x73,0x70,0x5F,0x63,0x6F,0x75,0x6E,0x74,0x65,0x64,0x5F,0x69,0x6D,0x70,0x6C,0x5F,0x70,0x40,0x56,0x43,0x6E,0x56,0x65,0x72,0x73,0x69,0x6F,0x6E,0x44,0x41,0x4F,0x40,0x50,0x49,0x53,0x74,0x61,0x67,0x65,0x73,0x33,0x40,0x50,0x61,0x72,0x61,0x6D,0x65,0x74,0x65,
0x72,0x4C,0x69,0x62,0x40,0x50,0x49,0x40,0x40,0x40,0x64,0x65,0x74,0x61,0x69,0x6C,0x40,0x62,0x6F,0x6F,0x73,0x74,0x40,0x40,0x00,0x00,0x00,0x00,0x00,0x00,0x00,0x00,0xE0,0x23,0x4D,0x10,0x00,0x00,0x00,0x00,0x2E,0x3F,0x41,0x56,0x3F,0x24,0x73,0x70,0x5F,0x63,
0x6F,0x75,0x6E,0x74,0x65,0x64,0x5F,0x69,0x6D,0x70,0x6C,0x5F,0x70,0x40,0x56,0x43,0x6E,0x49,0x6D,0x70,0x6F,0x72,0x74,0x50,0x53,0x32,0x69,0x6E,0x50,0x53,0x33,0x40,0x50,0x49,0x53,0x74,0x61,0x67,0x65,0x73,0x33,0x40,0x50,0x61,0x72,0x61,0x6D,0x65,0x74,0x65,
0x72,0x4C,0x69,0x62,0x40,0x50,0x49,0x40,0x40,0x40,0x64,0x65,0x74,0x61,0x69,0x6C,0x40,0x62,0x6F,0x6F,0x73,0x74,0x40,0x40,0x00,0x00,0x00,0x00,0xE0,0x23,0x4D,0x10,0x00,0x00,0x00,0x00,0x2E,0x3F,0x41,0x56,0x3F,0x24,0x73,0x70,0x5F,0x63,0x6F,0x75,0x6E,0x74,
0x65,0x64,0x5F,0x69,0x6D,0x70,0x6C,0x5F,0x70,0x40,0x56,0x43,0x6E,0x52,0x65,0x70,0x6F,0x72,0x74,0x40,0x50,0x49,0x53,0x74,0x61,0x67,0x65,0x73,0x33,0x40,0x50,0x61,0x72,0x61,0x6D,0x65,0x74,0x65,0x72,0x4C,0x69,0x62,0x40,0x50,0x49,0x40,0x40,0x40,0x64,0x65,
0x74,0x61,0x69,0x6C,0x40,0x62,0x6F,0x6F,0x73,0x74,0x40,0x40,0x00,0x00,0x00,0x00,0xE0,0x23,0x4D,0x10,0x00,0x00,0x00,0x00,0x2E,0x3F,0x41,0x56,0x3F,0x24,0x73,0x70,0x5F,0x63,0x6F,0x75,0x6E,0x74,0x65,0x64,0x5F,0x69,0x6D,0x70,0x6C,0x5F,0x70,0x40,0x56,0x43,
0x6E,0x43,0x68,0x61,0x6E,0x67,0x65,0x55,0x73,0x65,0x43,0x61,0x73,0x65,0x40,0x50,0x49,0x53,0x74,0x61,0x67,0x65,0x73,0x33,0x40,0x50,0x61,0x72,0x61,0x6D,0x65,0x74,0x65,0x72,0x4C,0x69,0x62,0x40,0x50,0x49,0x40,0x40,0x40,0x64,0x65,0x74,0x61,0x69,0x6C,0x40,
0x62,0x6F,0x6F,0x73,0x74,0x40,0x40,0x00,0x00,0x00,0x00,0x00,0xE0,0x23,0x4D,0x10,0x00,0x00,0x00,0x00,0x2E,0x3F,0x41,0x56,0x3F,0x24,0x73,0x70,0x5F,0x63,0x6F,0x75,0x6E,0x74,0x65,0x64,0x5F,0x69,0x6D,0x70,0x6C,0x5F,0x70,0x40,0x56,0x43,0x6E,0x50,0x61,0x69,
0x72,0x69,0x6E,0x67,0x43,0x68,0x65,0x63,0x6B,0x65,0x72,0x40,0x50,0x49,0x53,0x74,0x61,0x67,0x65,0x73,0x33,0x40,0x50,0x61,0x72,0x61,0x6D,0x65,0x74,0x65,0x72,0x4C,0x69,0x62,0x40,0x50,0x49,0x40,0x40,0x40,0x64,0x65,0x74,0x61,0x69,0x6C,0x40,0x62,0x6F,0x6F,
0x73,0x74,0x40,0x40,0x00,0x00,0x00,0x00,0xE0,0x23,0x4D,0x10,0x00,0x00,0x00,0x00,0x2E,0x3F,0x41,0x56,0x3F,0x24,0x73,0x70,0x5F,0x63,0x6F,0x75,0x6E,0x74,0x65,0x64,0x5F,0x69,0x6D,0x70,0x6C,0x5F,0x70,0x40,0x56,0x43,0x6E,0x44,0x61,0x74,0x61,0x46,0x6F,0x72,
0x6D,0x61,0x74,0x43,0x68,0x61,0x6E,0x67,0x65,0x40,0x50,0x49,0x53,0x74,0x61,0x67,0x65,0x73,0x33,0x40,0x50,0x61,0x72,0x61,0x6D,0x65,0x74,0x65,0x72,0x4C,0x69,0x62,0x40,0x50,0x49,0x40,0x40,0x40,0x64,0x65,0x74,0x61,0x69,0x6C,0x40,0x62,0x6F,0x6F,0x73,0x74,
0x40,0x40,0x00,0x00,0xE0,0x23,0x4D,0x10,0x00,0x00,0x00,0x00,0x2E,0x3F,0x41,0x56,0x3F,0x24,0x73,0x70,0x5F,0x63,0x6F,0x75,0x6E,0x74,0x65,0x64,0x5F,0x69,0x6D,0x70,0x6C,0x5F,0x70,0x40,0x56,0x43,0x6E,0x55,0x73,0x65,0x72,0x50,0x61,0x72,0x61,0x6D,0x65,0x74,
0x65,0x72,0x40,0x50,0x49,0x53,0x74,0x61,0x67,0x65,0x73,0x33,0x40,0x50,0x61,0x72,0x61,0x6D,0x65,0x74,0x65,0x72,0x4C,0x69,0x62,0x40,0x50,0x49,0x40,0x40,0x40,0x64,0x65,0x74,0x61,0x69,0x6C,0x40,0x62,0x6F,0x6F,0x73,0x74,0x40,0x40,0x00,0x00,0x00,0x00,0x00,
0xE0,0x23,0x4D,0x10,0x00,0x00,0x00,0x00,0x2E,0x3F,0x41,0x56,0x3F,0x24,0x73,0x70,0x5F,0x63,0x6F,0x75,0x6E,0x74,0x65,0x64,0x5F,0x69,0x6D,0x70,0x6C,0x5F,0x70,0x40,0x56,0x43,0x6E,0x47,0x63,0x73,0x44,0x6C,0x6C,0x49,0x6E,0x66,0x6F,0x72,0x6D,0x61,0x74,0x69,
0x6F,0x6E,0x40,0x50,0x49,0x53,0x74,0x61,0x67,0x65,0x73,0x33,0x40,0x50,0x61,0x72,0x61,0x6D,0x65,0x74,0x65,0x72,0x4C,0x69,0x62,0x40,0x50,0x49,0x40,0x40,0x40,0x64,0x65,0x74,0x61,0x69,0x6C,0x40,0x62,0x6F,0x6F,0x73,0x74,0x40,0x40,0x00,0xE0,0x23,0x4D,0x10,
0x00,0x00,0x00,0x00,0x2E,0x3F,0x41,0x56,0x3F,0x24,0x73,0x70,0x5F,0x63,0x6F,0x75,0x6E,0x74,0x65,0x64,0x5F,0x69,0x6D,0x70,0x6C,0x5F,0x70,0x40,0x56,0x43,0x6E,0x56,0x65,0x72,0x73,0x69,0x6F,0x6E,0x40,0x50,0x49,0x53,0x74,0x61,0x67,0x65,0x73,0x33,0x40,0x50,
0x61,0x72,0x61,0x6D,0x65,0x74,0x65,0x72,0x4C,0x69,0x62,0x40,0x50,0x49,0x40,0x40,0x40,0x64,0x65,0x74,0x61,0x69,0x6C,0x40,0x62,0x6F,0x6F,0x73,0x74,0x40,0x40,0x00,0x00,0x00,0xE0,0x23,0x4D,0x10,0x00,0x00,0x00,0x00,0x2E,0x3F,0x41,0x56,0x3F,0x24,0x73,0x70,
0x5F,0x63,0x6F,0x75,0x6E,0x74,0x65,0x64,0x5F,0x69,0x6D,0x70,0x6C,0x5F,0x70,0x40,0x56,0x43,0x6E,0x45,0x78,0x70,0x6F,0x72,0x74,0x53,0x79,0x73,0x74,0x65,0x6D,0x40,0x50,0x49,0x53,0x74,0x61,0x67,0x65,0x73,0x33,0x40,0x50,0x61,0x72,0x61,0x6D,0x65,0x74,0x65,
0x72,0x4C,0x69,0x62,0x40,0x50,0x49,0x40,0x40,0x40,0x64,0x65,0x74,0x61,0x69,0x6C,0x40,0x62,0x6F,0x6F,0x73,0x74,0x40,0x40,0x00,0x00,0x00,0x00,0x00,0x00,0xE0,0x23,0x4D,0x10,0x00,0x00,0x00,0x00,0x2E,0x3F,0x41,0x56,0x3F,0x24,0x73,0x70,0x5F,0x63,0x6F,0x75,
0x6E,0x74,0x65,0x64,0x5F,0x69,0x6D,0x70,0x6C,0x5F,0x70,0x40,0x56,0x43,0x6E,0x43,0x6F,0x6E,0x74,0x72,0x6F,0x6C,0x6C,0x65,0x72,0x73,0x40,0x50,0x49,0x53,0x74,0x61,0x67,0x65,0x73,0x33,0x40,0x50,0x61,0x72,0x61,0x6D,0x65,0x74,0x65,0x72,0x4C,0x69,0x62,0x40,
0x50,0x49,0x40,0x40,0x40,0x64,0x65,0x74,0x61,0x69,0x6C,0x40,0x62,0x6F,0x6F,0x73,0x74,0x40,0x40,0x00,0x00,0x00,0x00,0x00,0x00,0x00,0xE0,0x23,0x4D,0x10,0x00,0x00,0x00,0x00,0x2E,0x3F,0x41,0x56,0x3F,0x24,0x73,0x70,0x5F,0x63,0x6F,0x75,0x6E,0x74,0x65,0x64,
0x5F,0x69,0x6D,0x70,0x6C,0x5F,0x70,0x40,0x56,0x43,0x6E,0x49,0x6D,0x70,0x6F,0x72,0x74,0x53,0x79,0x73,0x74,0x65,0x6D,0x40,0x50,0x49,0x53,0x74,0x61,0x67,0x65,0x73,0x33,0x40,0x50,0x61,0x72,0x61,0x6D,0x65,0x74,0x65,0x72,0x4C,0x69,0x62,0x40,0x50,0x49,0x40,
0x40,0x40,0x64,0x65,0x74,0x61,0x69,0x6C,0x40,0x62,0x6F,0x6F,0x73,0x74,0x40,0x40,0x00,0x00,0x00,0x00,0x00,0x00,0xE0,0x23,0x4D,0x10,0x00,0x00,0x00,0x00,0x2E,0x3F,0x41,0x56,0x3F,0x24,0x73,0x70,0x5F,0x63,0x6F,0x75,0x6E,0x74,0x65,0x64,0x5F,0x69,0x6D,0x70,
0x6C,0x5F,0x70,0x40,0x56,0x43,0x6E,0x53,0x79,0x73,0x50,0x61,0x72,0x61,0x40,0x50,0x49,0x53,0x74,0x61,0x67,0x65,0x73,0x33,0x40,0x50,0x61,0x72,0x61,0x6D,0x65,0x74,0x65,0x72,0x4C,0x69,0x62,0x40,0x50,0x49,0x40,0x40,0x40,0x64,0x65,0x74,0x61,0x69,0x6C,0x40,
0x62,0x6F,0x6F,0x73,0x74,0x40,0x40,0x00,0x00,0x00,0xE0,0x23,0x4D,0x10,0x00,0x00,0x00,0x00,0x2E,0x3F,0x41,0x56,0x3F,0x24,0x73,0x70,0x5F,0x63,0x6F,0x75,0x6E,0x74,0x65,0x64,0x5F,0x69,0x6D,0x70,0x6C,0x5F,0x70,0x40,0x56,0x43,0x6E,0x50,0x61,0x72,0x61,0x6D,
0x65,0x74,0x65,0x72,0x53,0x65,0x74,0x73,0x40,0x50,0x49,0x53,0x74,0x61,0x67,0x65,0x73,0x33,0x40,0x50,0x61,0x72,0x61,0x6D,0x65,0x74,0x65,0x72,0x4C,0x69,0x62,0x40,0x50,0x49,0x40,0x40,0x40,0x64,0x65,0x74,0x61,0x69,0x6C,0x40,0x62,0x6F,0x6F,0x73,0x74,0x40,
0x40,0x00,0x00,0x00,0x00,0x00,0xE0,0x23,0x4D,0x10,0x00,0x00,0x00,0x00,0x2E,0x3F,0x41,0x56,0x3F,0x24,0x73,0x70,0x5F,0x63,0x6F,0x75,0x6E,0x74,0x65,0x64,0x5F,0x69,0x6D,0x70,0x6C,0x5F,0x70,0x40,0x56,0x43,0x6E,0x43,0x6F,0x6E,0x74,0x72,0x6F,0x6C,0x6C,0x65,
0x72,0x4D,0x61,0x6E,0x61,0x67,0x65,0x72,0x40,0x50,0x49,0x53,0x74,0x61,0x67,0x65,0x73,0x33,0x40,0x50,0x61,0x72,0x61,0x6D,0x65,0x74,0x65,0x72,0x4C,0x69,0x62,0x40,0x50,0x49,0x40,0x40,0x40,0x64,0x65,0x74,0x61,0x69,0x6C,0x40,0x62,0x6F,0x6F,0x73,0x74,0x40,
0x40,0x00,0xE0,0x23,0x4D,0x10,0x00,0x00,0x00,0x00,0x2E,0x3F,0x41,0x56,0x3F,0x24,0x73,0x70,0x5F,0x63,0x6F,0x75,0x6E,0x74,0x65,0x64,0x5F,0x69,0x6D,0x70,0x6C,0x5F,0x70,0x40,0x56,0x43,0x6E,0x53,0x79,0x6E,0x63,0x4F,0x72,0x43,0x6C,0x65,0x61,0x6E,0x75,0x70,
0x57,0x69,0x74,0x68,0x44,0x61,0x74,0x61,0x62,0x61,0x73,0x65,0x53,0x65,0x76,0x65,0x72,0x40,0x50,0x49,0x53,0x74,0x61,0x67,0x65,0x73,0x33,0x40,0x50,0x61,0x72,0x61,0x6D,0x65,0x74,0x65,0x72,0x4C,0x69,0x62,0x40,0x50,0x49,0x40,0x40,0x40,0x64,0x65,0x74,0x61,
0x69,0x6C,0x40,0x62,0x6F,0x6F,0x73,0x74,0x40,0x40,0x00,0x00,0x00,0x00,0xE0,0x23,0x4D,0x10,0x00,0x00,0x00,0x00,0x2E,0x3F,0x41,0x56,0x3F,0x24,0x73,0x70,0x5F,0x63,0x6F,0x75,0x6E,0x74,0x65,0x64,0x5F,0x69,0x6D,0x70,0x6C,0x5F,0x70,0x40,0x56,0x43,0x6E,0x49,
0x6E,0x74,0x65,0x67,0x72,0x69,0x74,0x79,0x40,0x50,0x49,0x53,0x74,0x61,0x67,0x65,0x73,0x33,0x40,0x50,0x61,0x72,0x61,0x6D,0x65,0x74,0x65,0x72,0x4C,0x69,0x62,0x40,0x50,0x49,0x40,0x40,0x40,0x64,0x65,0x74,0x61,0x69,0x6C,0x40,0x62,0x6F,0x6F,0x73,0x74,0x40,
0x40,0x00,0xE0,0x23,0x4D,0x10,0x00,0x00,0x00,0x00,0x2E,0x3F,0x41,0x56,0x43,0x6E,0x50,0x49,0x53,0x74,0x61,0x67,0x65,0x73,0x33,0x40,0x50,0x49,0x53,0x74,0x61,0x67,0x65,0x73,0x33,0x40,0x50,0x61,0x72,0x61,0x6D,0x65,0x74,0x65,0x72,0x4C,0x69,0x62,0x40,0x50,
0x49,0x40,0x40,0x00,0xE0,0x23,0x4D,0x10,0x00,0x00,0x00,0x00,0x2E,0x3F,0x41,0x56,0x66,0x69,0x6C,0x65,0x73,0x79,0x73,0x74,0x65,0x6D,0x5F,0x65,0x72,0x72,0x6F,0x72,0x40,0x66,0x69,0x6C,0x65,0x73,0x79,0x73,0x74,0x65,0x6D,0x33,0x40,0x62,0x6F,0x6F,0x73,0x74,
0x40,0x40,0x00,0x00,0x00,0x00,0xE0,0x23,0x4D,0x10,0x00,0x00,0x00,0x00,0x2E,0x3F,0x41,0x56,0x45,0x78,0x63,0x65,0x70,0x74,0x69,0x6F,0x6E,0x40,0x49,0x42,0x50,0x50,0x40,0x40,0x00,0x00,0x00,0x00,0xE0,0x23,0x4D,0x10,0x00,0x00,0x00,0x00,0x2E,0x3F,0x41,0x56,
0x43,0x6E,0x56,0x65,0x72,0x73,0x69,0x6F,0x6E,0x40,0x50,0x49,0x53,0x74,0x61,0x67,0x65,0x73,0x33,0x40,0x50,0x61,0x72,0x61,0x6D,0x65,0x74,0x65,0x72,0x4C,0x69,0x62,0x40,0x50,0x49,0x40,0x40,0x00,0x00,0x00,0xE0,0x23,0x4D,0x10,0x00,0x00,0x00,0x00,0x2E,0x4A,
0x00,0x00,0xE0,0x23,0x4D,0x10,0x00,0x00,0x00,0x00,0x2E,0x3F,0x41,0x56,0x50,0x49,0x53,0x74,0x61,0x67,0x65,0x49,0x6E,0x66,0x6F,0x46,0x69,0x6C,0x65,0x40,0x40,0x00,0x00,0x00,0xE0,0x23,0x4D,0x10,0x00,0x00,0x00,0x00,0x2E,0x3F,0x41,0x56,0x50,0x49,0x53,0x74,
0x61,0x67,0x65,0x49,0x6E,0x66,0x6F,0x46,0x69,0x6C,0x65,0x5F,0x56,0x32,0x30,0x30,0x40,0x40,0x00,0x00,0x00,0x00,0x00,0x00,0xE0,0x23,0x4D,0x10,0x00,0x00,0x00,0x00,0x2E,0x3F,0x41,0x56,0x3F,0x24,0x73,0x70,0x5F,0x63,0x6F,0x75,0x6E,0x74,0x65,0x64,0x5F,0x69,
0x6D,0x70,0x6C,0x5F,0x70,0x40,0x56,0x3F,0x24,0x6D,0x65,0x72,0x73,0x65,0x6E,0x6E,0x65,0x5F,0x74,0x77,0x69,0x73,0x74,0x65,0x72,0x40,0x49,0x24,0x30,0x43,0x41,0x40,0x24,0x30,0x43,0x48,0x41,0x40,0x24,0x30,0x42,0x49,0x4E,0x40,0x24,0x30,0x42,0x50,0x40,0x24,
0x30,0x4A,0x4A,0x41,0x49,0x4C,0x41,0x4E,0x50,0x40,0x24,0x30,0x4C,0x40,0x24,0x30,0x36,0x24,0x30,0x4A,0x4E,0x43,0x4D,0x46,0x47,0x49,0x41,0x40,0x24,0x30,0x50,0x40,0x24,0x30,0x4F,0x50,0x4D,0x47,0x41,0x41,0x41,0x41,0x40,0x24,0x30,0x42,0x43,0x40,0x24,0x30,
0x4D,0x48,0x48,0x47,0x47,0x47,0x4E,0x4F,0x40,0x40,0x72,0x61,0x6E,0x64,0x6F,0x6D,0x40,0x62,0x6F,0x6F,0x73,0x74,0x40,0x40,0x40,0x64,0x65,0x74,0x61,0x69,0x6C,0x40,0x62,0x6F,0x6F,0x73,0x74,0x40,0x40,0x00,0x00,0x00,0xE0,0x23,0x4D,0x10,0x00,0x00,0x00,0x00,
0x2E,0x3F,0x41,0x56,0x43,0x6E,0x53,0x79,0x73,0x74,0x65,0x6D,0x44,0x41,0x4F,0x40,0x50,0x49,0x53,0x74,0x61,0x67,0x65,0x73,0x33,0x40,0x50,0x61,0x72,0x61,0x6D,0x65,0x74,0x65,0x72,0x4C,0x69,0x62,0x40,0x50,0x49,0x40,0x40,0x00,0x00,0x00,0x00,0x00,0x00,0x00,
0x00,0x00,0x00,0x00,0x00,0x00,0x00,0x00,0x00,0x00,0x00,0x00,0x00,0x00,0x00,0x00,0x00,0x00,0x00,0x00,0x00,0x00,0x0F,0x00,0x00,0x00,0x00,0x00,0x00,0x00,0xE0,0x23,0x4D,0x10,0x00,0x00,0x00,0x00,0x2E,0x3F,0x41,0x56,0x3F,0x24,0x73,0x70,0x5F,0x63,0x6F,0x75,
0x6E,0x74,0x65,0x64,0x5F,0x69,0x6D,0x70,0x6C,0x5F,0x70,0x40,0x56,0x43,0x6E,0x44,0x62,0x43,0x6F,0x6E,0x6E,0x65,0x63,0x74,0x40,0x50,0x49,0x53,0x74,0x61,0x67,0x65,0x73,0x33,0x40,0x50,0x61,0x72,0x61,0x6D,0x65,0x74,0x65,0x72,0x4C,0x69,0x62,0x40,0x50,0x49,
0x40,0x40,0x40,0x64,0x65,0x74,0x61,0x69,0x6C,0x40,0x62,0x6F,0x6F,0x73,0x74,0x40,0x40,0x00,0xE0,0x23,0x4D,0x10,0x00,0x00,0x00,0x00,0x2E,0x3F,0x41,0x56,0x43,0x6E,0x41,0x76,0x61,0x69,0x6C,0x61,0x62,0x6C,0x65,0x53,0x74,0x61,0x67,0x65,0x73,0x40,0x50,0x49,
0x53,0x74,0x61,0x67,0x65,0x73,0x33,0x40,0x50,0x61,0x72,0x61,0x6D,0x65,0x74,0x65,0x72,0x4C,0x69,0x62,0x40,0x50,0x49,0x40,0x40,0x00,0x00,0x00,0xE0,0x23,0x4D,0x10,0x00,0x00,0x00,0x00,0x2E,0x3F,0x41,0x56,0x49,0x6E,0x50,0x61,0x72,0x61,0x6D,0x65,0x74,0x65,
0x72,0x49,0x6E,0x66,0x6F,0x44,0x41,0x4F,0x40,0x50,0x49,0x53,0x74,0x61,0x67,0x65,0x73,0x33,0x40,0x50,0x61,0x72,0x61,0x6D,0x65,0x74,0x65,0x72,0x4C,0x69,0x62,0x40,0x50,0x49,0x40,0x40,0x00,0x00,0xE0,0x23,0x4D,0x10,0x00,0x00,0x00,0x00,0x2E,0x3F,0x41,0x56,
0x43,0x6E,0x50,0x61,0x72,0x61,0x6D,0x65,0x74,0x65,0x72,0x49,0x6E,0x66,0x6F,0x44,0x41,0x4F,0x40,0x50,0x49,0x53,0x74,0x61,0x67,0x65,0x73,0x33,0x40,0x50,0x61,0x72,0x61,0x6D,0x65,0x74,0x65,0x72,0x4C,0x69,0x62,0x40,0x50,0x49,0x40,0x40,0x00,0x00,0x00,0x00,
0x00,0x00,0xE0,0x23,0x4D,0x10,0x00,0x00,0x00,0x00,0x2E,0x3F,0x41,0x56,0x3F,0x24,0x76,0x61,0x72,0x69,0x61,0x6E,0x74,0x40,0x5F,0x4A,0x4E,0x56,0x3F,0x24,0x62,0x61,0x73,0x69,0x63,0x5F,0x73,0x74,0x72,0x69,0x6E,0x67,0x40,0x44,0x55,0x3F,0x24,0x63,0x68,0x61,
0x72,0x5F,0x74,0x72,0x61,0x69,0x74,0x73,0x40,0x44,0x40,0x73,0x74,0x64,0x40,0x40,0x56,0x3F,0x24,0x61,0x6C,0x6C,0x6F,0x63,0x61,0x74,0x6F,0x72,0x40,0x44,0x40,0x32,0x40,0x40,0x73,0x74,0x64,0x40,0x40,0x55,0x76,0x6F,0x69,0x64,0x5F,0x40,0x30,0x64,0x65,0x74,
0x61,0x69,0x6C,0x40,0x62,0x6F,0x6F,0x73,0x74,0x40,0x40,0x55,0x33,0x30,0x34,0x35,0x40,0x55,0x33,0x30,0x34,0x35,0x40,0x55,0x33,0x30,0x34,0x35,0x40,0x55,0x33,0x30,0x34,0x35,0x40,0x55,0x33,0x30,0x34,0x35,0x40,0x55,0x33,0x30,0x34,0x35,0x40,0x55,0x33,0x30,
0x34,0x35,0x40,0x55,0x33,0x30,0x34,0x35,0x40,0x55,0x33,0x30,0x34,0x35,0x40,0x55,0x33,0x30,0x34,0x35,0x40,0x55,0x33,0x30,0x34,0x35,0x40,0x55,0x33,0x30,0x34,0x35,0x40,0x55,0x33,0x30,0x34,0x35,0x40,0x55,0x33,0x30,0x34,0x35,0x40,0x55,0x33,0x30,0x34,0x35,
0x40,0x55,0x33,0x30,0x34,0x35,0x40,0x40,0x62,0x6F,0x6F,0x73,0x74,0x40,0x40,0x00,0x00,0x00,0xE0,0x23,0x4D,0x10,0x00,0x00,0x00,0x00,0x2E,0x3F,0x41,0x56,0x43,0x6E,0x56,0x65,0x72,0x73,0x69,0x6F,0x6E,0x44,0x41,0x4F,0x40,0x50,0x49,0x53,0x74,0x61,0x67,0x65,
0x73,0x33,0x40,0x50,0x61,0x72,0x61,0x6D,0x65,0x74,0x65,0x72,0x4C,0x69,0x62,0x40,0x50,0x49,0x40,0x40,0x00,0x00,0x00,0x00,0xE0,0x23,0x4D,0x10,0x00,0x00,0x00,0x00,0x2E,0x3F,0x41,0x56,0x44,0x61,0x74,0x65,0x40,0x49,0x42,0x50,0x50,0x40,0x40,0x00,0xE0,0x23,
0x4D,0x10,0x00,0x00,0x00,0x00,0x2E,0x3F,0x41,0x56,0x54,0x69,0x6D,0x65,0x40,0x49,0x42,0x50,0x50,0x40,0x40,0x00,0xE0,0x23,0x4D,0x10,0x00,0x00,0x00,0x00,0x2E,0x3F,0x41,0x56,0x54,0x69,0x6D,0x65,0x73,0x74,0x61,0x6D,0x70,0x40,0x49,0x42,0x50,0x50,0x40,0x40,
0x00,0x00,0x00,0x00,0xE0,0x23,0x4D,0x10,0x00,0x00,0x00,0x00,0x2E,0x3F,0x41,0x56,0x43,0x6E,0x43,0x6F,0x6E,0x74,0x72,0x6F,0x6C,0x6C,0x65,0x72,0x44,0x41,0x4F,0x40,0x50,0x49,0x53,0x74,0x61,0x67,0x65,0x73,0x33,0x40,0x50,0x61,0x72,0x61,0x6D,0x65,0x74,0x65,
0x72,0x4C,0x69,0x62,0x40,0x50,0x49,0x40,0x40,0x00,0xE0,0x23,0x4D,0x10,0x00,0x00,0x00,0x00,0x2E,0x3F,0x41,0x56,0x43,0x6E,0x52,0x65,0x70,0x6F,0x72,0x74,0x40,0x50,0x49,0x53,0x74,0x61,0x67,0x65,0x73,0x33,0x40,0x50,0x61,0x72,0x61,0x6D,0x65,0x74,0x65,0x72,
0x4C,0x69,0x62,0x40,0x50,0x49,0x40,0x40,0x00,0x00,0x00,0x00,0xE0,0x23,0x4D,0x10,0x00,0x00,0x00,0x00,0x2E,0x3F,0x41,0x56,0x3F,0x24,0x62,0x61,0x73,0x69,0x63,0x5F,0x6F,0x66,0x73,0x74,0x72,0x65,0x61,0x6D,0x40,0x44,0x55,0x3F,0x24,0x63,0x68,0x61,0x72,0x5F,
0x74,0x72,0x61,0x69,0x74,0x73,0x40,0x44,0x40,0x73,0x74,0x64,0x40,0x40,0x40,0x73,0x74,0x64,0x40,0x40,0x00,0x00,0xE0,0x23,0x4D,0x10,0x00,0x00,0x00,0x00,0x2E,0x3F,0x41,0x56,0x43,0x6E,0x53,0x79,0x73,0x50,0x61,0x72,0x61,0x40,0x50,0x49,0x53,0x74,0x61,0x67,
0x65,0x73,0x33,0x40,0x50,0x61,0x72,0x61,0x6D,0x65,0x74,0x65,0x72,0x4C,0x69,0x62,0x40,0x50,0x49,0x40,0x40,0x00,0x00,0x00,0x00,0x00,0x00,0x00,0xE0,0x23,0x4D,0x10,0x00,0x00,0x00,0x00,0x2E,0x3F,0x41,0x56,0x3F,0x24,0x73,0x70,0x5F,0x63,0x6F,0x75,0x6E,0x74,
0x65,0x64,0x5F,0x69,0x6D,0x70,0x6C,0x5F,0x70,0x40,0x56,0x43,0x6E,0x43,0x6F,0x6D,0x6D,0x69,0x74,0x49,0x6E,0x66,0x6F,0x43,0x72,0x65,0x61,0x74,0x6F,0x72,0x40,0x50,0x49,0x53,0x74,0x61,0x67,0x65,0x73,0x33,0x40,0x50,0x61,0x72,0x61,0x6D,0x65,0x74,0x65,0x72,
0x4C,0x69,0x62,0x40,0x50,0x49,0x40,0x40,0x40,0x64,0x65,0x74,0x61,0x69,0x6C,0x40,0x62,0x6F,0x6F,0x73,0x74,0x40,0x40,0x00,0xE0,0x23,0x4D,0x10,0x00,0x00,0x00,0x00,0x2E,0x3F,0x41,0x56,0x43,0x6E,0x43,0x6F,0x6D,0x6D,0x69,0x74,0x49,0x6E,0x66,0x6F,0x43,0x72,
0x65,0x61,0x74,0x6F,0x72,0x40,0x50,0x49,0x53,0x74,0x61,0x67,0x65,0x73,0x33,0x40,0x50,0x61,0x72,0x61,0x6D,0x65,0x74,0x65,0x72,0x4C,0x69,0x62,0x40,0x50,0x49,0x40,0x40,0x00,0x00,0x00,0x00,0x00,0xE0,0x23,0x4D,0x10,0x00,0x00,0x00,0x00,0x2E,0x3F,0x41,0x56,
0x3F,0x24,0x73,0x70,0x5F,0x63,0x6F,0x75,0x6E,0x74,0x65,0x64,0x5F,0x69,0x6D,0x70,0x6C,0x5F,0x70,0x40,0x56,0x43,0x6E,0x53,0x65,0x72,0x76,0x65,0x72,0x43,0x6F,0x6E,0x6E,0x65,0x63,0x74,0x69,0x6F,0x6E,0x40,0x50,0x49,0x53,0x74,0x61,0x67,0x65,0x73,0x33,0x40,
0x50,0x61,0x72,0x61,0x6D,0x65,0x74,0x65,0x72,0x4C,0x69,0x62,0x40,0x50,0x49,0x40,0x40,0x40,0x64,0x65,0x74,0x61,0x69,0x6C,0x40,0x62,0x6F,0x6F,0x73,0x74,0x40,0x40,0x00,0x00,0x22,0x28,0x2E,0x2A,0x29,0x28,0x5F,0x4D,0x54,0x24,0x29,0x22,0x00,0x00,0x00,0x00,
0x22,0x28,0x2E,0x2A,0x29,0x28,0x5F,0x50,0x52,0x45,0x5F,0x5C,0x77,0x2B,0x24,0x29,0x22,0x00,0x00,0x00,0xE0,0x23,0x4D,0x10,0x00,0x00,0x00,0x00,0x2E,0x3F,0x41,0x56,0x43,0x6E,0x53,0x65,0x72,0x76,0x65,0x72,0x43,0x6F,0x6E,0x6E,0x65,0x63,0x74,0x69,0x6F,0x6E,
0x40,0x50,0x49,0x53,0x74,0x61,0x67,0x65,0x73,0x33,0x40,0x50,0x61,0x72,0x61,0x6D,0x65,0x74,0x65,0x72,0x4C,0x69,0x62,0x40,0x50,0x49,0x40,0x40,0x00,0x00,0x00,0x00,0x00,0x00,0x00,0x00,0x00,0x00,0x00,0x00,0x00,0x00,0x00,0x00,0x00,0x00,0x00,0x00,0x00,0x00,
0x00,0x00,0x00,0x00,0x00,0x00,0x00,0x00,0x0F,0x00,0x00,0x00,0x00,0x00,0x00,0x00,0x00,0x00,0x00,0x00,0x00,0x00,0x00,0x00,0x00,0x00,0x00,0x00,0x00,0x00,0x00,0x00,0x00,0x00,0x00,0x00,0x00,0x00,0x00,0x00,0x00,0x00,0x00,0x00,0x0F,0x00,0x00,0x00,0x00,0x00,
0x00,0x00,0x00,0x00,0x00,0x00,0x00,0x00,0x00,0x00,0x00,0x00,0x00,0x00,0x00,0x00,0x00,0x00,0x00,0x00,0x00,0x00,0x00,0x00,0x00,0x00,0x00,0x00,0x00,0x00,0x0F,0x00,0x00,0x00,0x00,0x00,0x00,0x00,0x00,0x00,0x00,0x00,0x00,0x00,0x00,0x00,0x00,0x00,0x00,0x00,
0x00,0x00,0x00,0x00,0x00,0x00,0x00,0x00,0x00,0x00,0x00,0x00,0x00,0x00,0x00,0x00,0x0F,0x00,0x00,0x00,0x00,0x00,0x00,0x00,0xE0,0x23,0x4D,0x10,0x00,0x00,0x00,0x00,0x2E,0x3F,0x41,0x56,0x3F,0x24,0x73,0x70,0x5F,0x63,0x6F,0x75,0x6E,0x74,0x65,0x64,0x5F,0x69,
0x6D,0x70,0x6C,0x5F,0x70,0x40,0x56,0x43,0x6E,0x4D,0x65,0x72,0x67,0x65,0x40,0x50,0x49,0x53,0x74,0x61,0x67,0x65,0x73,0x33,0x40,0x50,0x61,0x72,0x61,0x6D,0x65,0x74,0x65,0x72,0x4C,0x69,0x62,0x40,0x50,0x49,0x40,0x40,0x40,0x64,0x65,0x74,0x61,0x69,0x6C,0x40,
0x62,0x6F,0x6F,0x73,0x74,0x40,0x40,0x00,0x00,0x00,0x00,0x00,0xE0,0x23,0x4D,0x10,0x00,0x00,0x00,0x00,0x2E,0x3F,0x41,0x56,0x3F,0x24,0x73,0x70,0x5F,0x63,0x6F,0x75,0x6E,0x74,0x65,0x64,0x5F,0x69,0x6D,0x70,0x6C,0x5F,0x70,0x40,0x56,0x43,0x6E,0x50,0x75,0x6C,
0x6C,0x53,0x65,0x72,0x76,0x65,0x72,0x44,0x62,0x40,0x50,0x49,0x53,0x74,0x61,0x67,0x65,0x73,0x33,0x40,0x50,0x61,0x72,0x61,0x6D,0x65,0x74,0x65,0x72,0x4C,0x69,0x62,0x40,0x50,0x49,0x40,0x40,0x40,0x64,0x65,0x74,0x61,0x69,0x6C,0x40,0x62,0x6F,0x6F,0x73,0x74,
0x40,0x40,0x00,0x00,0x00,0x00,0x00,0x00,0xE0,0x23,0x4D,0x10,0x00,0x00,0x00,0x00,0x2E,0x3F,0x41,0x56,0x43,0x6E,0x53,0x79,0x6E,0x63,0x4F,0x72,0x43,0x6C,0x65,0x61,0x6E,0x75,0x70,0x57,0x69,0x74,0x68,0x44,0x61,0x74,0x61,0x62,0x61,0x73,0x65,0x53,0x65,0x76,
0x65,0x72,0x40,0x50,0x49,0x53,0x74,0x61,0x67,0x65,0x73,0x33,0x40,0x50,0x61,0x72,0x61,0x6D,0x65,0x74,0x65,0x72,0x4C,0x69,0x62,0x40,0x50,0x49,0x40,0x40,0x00,0x00,0x00,0x00,0xE0,0x23,0x4D,0x10,0x00,0x00,0x00,0x00,0x2E,0x3F,0x41,0x56,0x49,0x6E,0x44,0x62,
0x43,0x6F,0x6E,0x6E,0x65,0x63,0x74,0x69,0x6F,0x6E,0x40,0x50,0x49,0x53,0x74,0x61,0x67,0x65,0x73,0x33,0x40,0x50,0x61,0x72,0x61,0x6D,0x65,0x74,0x65,0x72,0x4C,0x69,0x62,0x40,0x50,0x49,0x40,0x40,0x00,0x00,0xE0,0x23,0x4D,0x10,0x00,0x00,0x00,0x00,0x2E,0x3F,
0x41,0x56,0x43,0x6E,0x44,0x62,0x43,0x6F,0x6E,0x6E,0x65,0x63,0x74,0x40,0x50,0x49,0x53,0x74,0x61,0x67,0x65,0x73,0x33,0x40,0x50,0x61,0x72,0x61,0x6D,0x65,0x74,0x65,0x72,0x4C,0x69,0x62,0x40,0x50,0x49,0x40,0x40,0x00,0x00,0x00,0x00,0x00,0x00,0x00,0x00,0x00,
0x00,0x00,0x00,0x00,0x00,0x00,0x00,0x00,0x00,0x00,0x00,0x00,0x0F,0x00,0x00,0x00,0x00,0x00,0x00,0x00,0xE0,0x23,0x4D,0x10,0x00,0x00,0x00,0x00,0x2E,0x3F,0x41,0x56,0x43,0x6E,0x54,0x72,0x61,0x6E,0x73,0x66,0x65,0x72,0x44,0x62,0x43,0x72,0x65,0x61,0x74,0x6F,
0x72,0x44,0x44,0x4C,0x40,0x50,0x49,0x53,0x74,0x61,0x67,0x65,0x73,0x33,0x40,0x50,0x61,0x72,0x61,0x6D,0x65,0x74,0x65,0x72,0x4C,0x69,0x62,0x40,0x50,0x49,0x40,0x40,0x00,0x00,0x00,0x00,0x00,0x00,0x00,0x00,0x00,0x00,0x00,0x00,0x00,0x00,0x00,0x00,0x00,0x00,
0x00,0x00,0x00,0x00,0x0F,0x00,0x00,0x00,0x00,0x00,0x00,0x00,0xE0,0x23,0x4D,0x10,0x00,0x00,0x00,0x00,0x2E,0x3F,0x41,0x56,0x3F,0x24,0x73,0x70,0x5F,0x63,0x6F,0x75,0x6E,0x74,0x65,0x64,0x5F,0x69,0x6D,0x70,0x6C,0x5F,0x70,0x40,0x56,0x43,0x6E,0x49,0x6D,0x70,
0x6F,0x72,0x74,0x43,0x68,0x65,0x63,0x6B,0x65,0x72,0x40,0x50,0x49,0x53,0x74,0x61,0x67,0x65,0x73,0x33,0x40,0x50,0x61,0x72,0x61,0x6D,0x65,0x74,0x65,0x72,0x4C,0x69,0x62,0x40,0x50,0x49,0x40,0x40,0x40,0x64,0x65,0x74,0x61,0x69,0x6C,0x40,0x62,0x6F,0x6F,0x73,
0x74,0x40,0x40,0x00,0x00,0x00,0x00,0x00,0x00,0x00,0x00,0x00,0x00,0x00,0x00,0x00,0x00,0x00,0x00,0x00,0x00,0x00,0x00,0x00,0x0F,0x00,0x00,0x00,0x00,0x00,0x00,0x00,0x00,0x00,0x00,0x00,0x00,0x00,0x00,0x00,0x00,0x00,0x00,0x00,0x00,0x00,0x00,0x00,0x00,0x00,
0x00,0x00,0x0F,0x00,0x00,0x00,0x00,0x00,0x00,0x00,0x00,0x00,0x00,0x00,0xE0,0x23,0x4D,0x10,0x00,0x00,0x00,0x00,0x2E,0x3F,0x41,0x56,0x3F,0x24,0x73,0x70,0x5F,0x63,0x6F,0x75,0x6E,0x74,0x65,0x64,0x5F,0x69,0x6D,0x70,0x6C,0x5F,0x70,0x40,0x56,0x43,0x6E,0x4D,
0x75,0x6C,0x74,0x69,0x70,0x6C,0x65,0x44,0x61,0x74,0x61,0x62,0x61,0x73,0x65,0x73,0x40,0x50,0x49,0x53,0x74,0x61,0x67,0x65,0x73,0x33,0x40,0x50,0x61,0x72,0x61,0x6D,0x65,0x74,0x65,0x72,0x4C,0x69,0x62,0x40,0x50,0x49,0x40,0x40,0x40,0x64,0x65,0x74,0x61,0x69,
0x6C,0x40,0x62,0x6F,0x6F,0x73,0x74,0x40,0x40,0x00,0x00,0x00,0x00,0x00,0x00,0x00,0x00,0x00,0x00,0x00,0x00,0x00,0x00,0x00,0x00,0x00,0x00,0x00,0x00,0x00,0x0F,0x00,0x00,0x00,0x00,0x00,0x00,0x00,0xE0,0x23,0x4D,0x10,0x00,0x00,0x00,0x00,0x2E,0x3F,0x41,0x56,
0x43,0x6E,0x50,0x75,0x6C,0x6C,0x53,0x65,0x72,0x76,0x65,0x72,0x44,0x62,0x40,0x50,0x49,0x53,0x74,0x61,0x67,0x65,0x73,0x33,0x40,0x50,0x61,0x72,0x61,0x6D,0x65,0x74,0x65,0x72,0x4C,0x69,0x62,0x40,0x50,0x49,0x40,0x40,0x00,0x00,0x00,0x00,0x00,0x00,0x00,0x00,
0x00,0x00,0x00,0x00,0x00,0x00,0x00,0x00,0x00,0x00,0x00,0x00,0x00,0x00,0x00,0x00,0x00,0x00,0x00,0x00,0x00,0x00,0x0F,0x00,0x00,0x00,0x00,0x00,0x00,0x00,0x6E,0x00,0x00,0x00,0x2C,0x01,0x00,0x00,0x58,0x02,0x00,0x00,0xB0,0x04,0x00,0x00,0x60,0x09,0x00,0x00,
0xC0,0x12,0x00,0x00,0x80,0x25,0x00,0x00,0x40,0x38,0x00,0x00,0x00,0x4B,0x00,0x00,0x00,0x96,0x00,0x00,0x00,0xE1,0x00,0x00,0x00,0xC2,0x01,0x00,0x00,0x84,0x03,0x00,0x00,0x08,0x07,0x00,0xFF,0xFF,0xFF,0xFF,0x11,0x00,0x00,0x00,0xFF,0xFF,0xFF,0xFF,0x01,0x00,
0x00,0x00,0xE0,0x23,0x4D,0x10,0x00,0x00,0x00,0x00,0x2E,0x3F,0x41,0x56,0x43,0x49,0x6E,0x74,0x65,0x72,0x66,0x61,0x63,0x65,0x40,0x40,0x00,0x00,0x00,0x00,0xE0,0x23,0x4D,0x10,0x00,0x00,0x00,0x00,0x2E,0x3F,0x41,0x56,0x43,0x4F,0x62,0x73,0x65,0x72,0x76,0x61,
0x62,0x6C,0x65,0x40,0x40,0x00,0x00,0x00,0xE0,0x23,0x4D,0x10,0x00,0x00,0x00,0x00,0x2E,0x3F,0x41,0x56,0x43,0x48,0x65,0x78,0x46,0x61,0x63,0x65,0x54,0x6F,0x6F,0x6C,0x73,0x57,0x69,0x74,0x68,0x47,0x55,0x49,0x53,0x75,0x70,0x70,0x6F,0x72,0x74,0x40,0x40,0x00,
0x00,0x00,0xE0,0x23,0x4D,0x10,0x00,0x00,0x00,0x00,0x2E,0x3F,0x41,0x56,0x43,0x48,0x65,0x78,0x46,0x61,0x63,0x65,0x54,0x6F,0x6F,0x6C,0x73,0x40,0x40,0x00,0xE0,0x23,0x4D,0x10,0x00,0x00,0x00,0x00,0x2E,0x3F,0x41,0x56,0x77,0x78,0x57,0x69,0x6E,0x64,0x6F,0x77,
0x40,0x40,0x00,0x00,0xE0,0x23,0x4D,0x10,0x00,0x00,0x00,0x00,0x2E,0x3F,0x41,0x56,0x77,0x78,0x57,0x69,0x6E,0x64,0x6F,0x77,0x42,0x61,0x73,0x65,0x40,0x40,0x00,0x00,0xE0,0x23,0x4D,0x10,0x00,0x00,0x00,0x00,0x2E,0x3F,0x41,0x56,0x43,0x49,0x6E,0x74,0x65,0x72,
0x66,0x61,0x63,0x65,0x43,0x6F,0x6C,0x6C,0x65,0x63,0x74,0x69,0x6F,0x6E,0x40,0x40,0x00,0x00,0xE0,0x23,0x4D,0x10,0x00,0x00,0x00,0x00,0x2E,0x3F,0x41,0x56,0x43,0x5F,0x4E,0x49,0x5F,0x49,0x45,0x45,0x45,0x34,0x38,0x38,0x40,0x40,0x00,0x00,0xE0,0x23,0x4D,0x10,
0x00,0x00,0x00,0x00,0x2E,0x3F,0x41,0x56,0x50,0x49,0x5F,0x50,0x43,0x49,0x5F,0x53,0x50,0x49,0x40,0x40,0x00,0x00,0x00,0x00,0xE0,0x23,0x4D,0x10,0x00,0x00,0x00,0x00,0x2E,0x3F,0x41,0x56,0x43,0x46,0x54,0x44,0x49,0x55,0x53,0x42,0x40,0x40,0x00,0x00,0x51,0x50,
0x5E,0x1F,0xF6,0x5A,0x17,0x40,0x96,0x2B,0xA7,0xC1,0x80,0xA4,0x9C,0xAE,0xE0,0x23,0x4D,0x10,0x00,0x00,0x00,0x00,0x2E,0x3F,0x41,0x56,0x6C,0x65,0x6E,0x67,0x74,0x68,0x5F,0x65,0x72,0x72,0x6F,0x72,0x40,0x73,0x74,0x64,0x40,0x40,0x00,0x00,0xE0,0x23,0x4D,0x10,
0x00,0x00,0x00,0x00,0x2E,0x3F,0x41,0x55,0x3F,0x24,0x65,0x72,0x72,0x6F,0x72,0x5F,0x69,0x6E,0x66,0x6F,0x5F,0x69,0x6E,0x6A,0x65,0x63,0x74,0x6F,0x72,0x40,0x56,0x6C,0x65,0x6E,0x67,0x74,0x68,0x5F,0x65,0x72,0x72,0x6F,0x72,0x40,0x73,0x74,0x64,0x40,0x40,0x40,
0x65,0x78,0x63,0x65,0x70,0x74,0x69,0x6F,0x6E,0x5F,0x64,0x65,0x74,0x61,0x69,0x6C,0x40,0x62,0x6F,0x6F,0x73,0x74,0x40,0x40,0x00,0x00,0xE0,0x23,0x4D,0x10,0x00,0x00,0x00,0x00,0x2E,0x3F,0x41,0x56,0x3F,0x24,0x63,0x6C,0x6F,0x6E,0x65,0x5F,0x69,0x6D,0x70,0x6C,
0x40,0x55,0x3F,0x24,0x65,0x72,0x72,0x6F,0x72,0x5F,0x69,0x6E,0x66,0x6F,0x5F,0x69,0x6E,0x6A,0x65,0x63,0x74,0x6F,0x72,0x40,0x56,0x6C,0x65,0x6E,0x67,0x74,0x68,0x5F,0x65,0x72,0x72,0x6F,0x72,0x40,0x73,0x74,0x64,0x40,0x40,0x40,0x65,0x78,0x63,0x65,0x70,0x74,
0x69,0x6F,0x6E,0x5F,0x64,0x65,0x74,0x61,0x69,0x6C,0x40,0x62,0x6F,0x6F,0x73,0x74,0x40,0x40,0x40,0x65,0x78,0x63,0x65,0x70,0x74,0x69,0x6F,0x6E,0x5F,0x64,0x65,0x74,0x61,0x69,0x6C,0x40,0x62,0x6F,0x6F,0x73,0x74,0x40,0x40,0x00,0x00,0x00,0xE0,0x23,0x4D,0x10,
0x00,0x00,0x00,0x00,0x2E,0x3F,0x41,0x56,0x50,0x49,0x5F,0x55,0x53,0x42,0x49,0x4F,0x40,0x40,0x00,0x00,0xE0,0x23,0x4D,0x10,0x00,0x00,0x00,0x00,0x2E,0x5F,0x4E,0x00,0xE0,0x23,0x4D,0x10,0x00,0x00,0x00,0x00,0x2E,0x3F,0x41,0x56,0x43,0x5F,0x52,0x53,0x32,0x33,
0x32,0x40,0x40,0x00,0x00,0x00,0x00,0x00,0x00,0x00,0x00,0x00,0x00,0x00,0x00,0x00,0x00,0x00,0x00,0x00,0x00,0x00,0x00,0x00,0x00,0x00,0x00,0x00,0x00,0x00,0x00,0x00,0x00,0x00,0x0F,0x00,0x00,0x00,0x00,0x00,0x00,0x00,0x00,0x00,0x00,0x00,0x00,0x00,0x00,0x00,
0x00,0x00,0x00,0x00,0x00,0x00,0x00,0x00,0x00,0x00,0x00,0x00,0x00,0x00,0x00,0x00,0x00,0x00,0x00,0x00,0x0F,0x00,0x00,0x00,0x00,0x00,0x00,0x00,0x07,0x00,0x00,0x00,0xE0,0x23,0x4D,0x10,0x00,0x00,0x00,0x00,0x2E,0x3F,0x41,0x56,0x43,0x54,0x43,0x50,0x5F,0x49,
0x50,0x40,0x40,0x00,0x00,0x00,0xE0,0x23,0x4D,0x10,0x00,0x00,0x00,0x00,0x2E,0x3F,0x41,0x56,0x43,0x44,0x61,0x69,0x73,0x79,0x43,0x68,0x61,0x69,0x6E,0x44,0x65,0x76,0x69,0x63,0x65,0x40,0x40,0x00,0xE0,0x23,0x4D,0x10,0x00,0x00,0x00,0x00,0x2E,0x3F,0x41,0x56,
0x55,0x53,0x42,0x66,0x61,0x63,0x65,0x73,0x50,0x72,0x6F,0x78,0x79,0x40,0x40,0x00,0xE0,0x23,0x4D,0x10,0x00,0x00,0x00,0x00,0x2E,0x3F,0x41,0x56,0x77,0x78,0x47,0x44,0x49,0x4F,0x62,0x6A,0x65,0x63,0x74,0x40,0x40,0x00,0x00,0x00,0xE0,0x23,0x4D,0x10,0x00,0x00,
0x00,0x00,0x2E,0x3F,0x41,0x56,0x77,0x78,0x54,0x6F,0x70,0x4C,0x65,0x76,0x65,0x6C,0x57,0x69,0x6E,0x64,0x6F,0x77,0x4D,0x53,0x57,0x40,0x40,0x00,0x00,0x00,0xE0,0x23,0x4D,0x10,0x00,0x00,0x00,0x00,0x2E,0x3F,0x41,0x56,0x77,0x78,0x54,0x6F,0x70,0x4C,0x65,0x76,
0x65,0x6C,0x57,0x69,0x6E,0x64,0x6F,0x77,0x42,0x61,0x73,0x65,0x40,0x40,0x00,0x00,0xE0,0x23,0x4D,0x10,0x00,0x00,0x00,0x00,0x2E,0x3F,0x41,0x56,0x77,0x78,0x54,0x6F,0x70,0x4C,0x65,0x76,0x65,0x6C,0x57,0x69,0x6E,0x64,0x6F,0x77,0x40,0x40,0x00,0x00,0xE0,0x23,
0x4D,0x10,0x00,0x00,0x00,0x00,0x2E,0x3F,0x41,0x56,0x77,0x78,0x43,0x6F,0x6E,0x74,0x72,0x6F,0x6C,0x42,0x61,0x73,0x65,0x40,0x40,0x00,0xE0,0x23,0x4D,0x10,0x00,0x00,0x00,0x00,0x2E,0x3F,0x41,0x56,0x77,0x78,0x43,0x6F,0x6E,0x74,0x72,0x6F,0x6C,0x40,0x40,0x00,
0xE0,0x23,0x4D,0x10,0x00,0x00,0x00,0x00,0x2E,0x3F,0x41,0x56,0x77,0x78,0x42,0x75,0x74,0x74,0x6F,0x6E,0x42,0x61,0x73,0x65,0x40,0x40,0x00,0x00,0xE0,0x23,0x4D,0x10,0x00,0x00,0x00,0x00,0x2E,0x3F,0x41,0x56,0x77,0x78,0x42,0x75,0x74,0x74,0x6F,0x6E,0x40,0x40,
0x00,0x00,0xE0,0x23,0x4D,0x10,0x00,0x00,0x00,0x00,0x2E,0x3F,0x41,0x56,0x77,0x78,0x44,0x69,0x61,0x6C,0x6F,0x67,0x42,0x61,0x73,0x65,0x40,0x40,0x00,0x00,0xE0,0x23,0x4D,0x10,0x00,0x00,0x00,0x00,0x2E,0x3F,0x41,0x56,0x77,0x78,0x44,0x69,0x61,0x6C,0x6F,0x67,
0x40,0x40,0x00,0x00,0xE0,0x23,0x4D,0x10,0x00,0x00,0x00,0x00,0x2E,0x3F,0x41,0x56,0x77,0x78,0x53,0x74,0x61,0x74,0x69,0x63,0x42,0x6F,0x78,0x42,0x61,0x73,0x65,0x40,0x40,0x00,0x00,0x00,0xE0,0x23,0x4D,0x10,0x00,0x00,0x00,0x00,0x2E,0x3F,0x41,0x56,0x77,0x78,
0x53,0x74,0x61,0x74,0x69,0x63,0x42,0x6F,0x78,0x40,0x40,0x00,0x00,0x00,0xE0,0x23,0x4D,0x10,0x00,0x00,0x00,0x00,0x2E,0x3F,0x41,0x56,0x77,0x78,0x53,0x74,0x61,0x74,0x69,0x63,0x4C,0x69,0x6E,0x65,0x42,0x61,0x73,0x65,0x40,0x40,0x00,0x00,0xE0,0x23,0x4D,0x10,
0x00,0x00,0x00,0x00,0x2E,0x3F,0x41,0x56,0x77,0x78,0x53,0x74,0x61,0x74,0x69,0x63,0x4C,0x69,0x6E,0x65,0x40,0x40,0x00,0x00,0xE0,0x23,0x4D,0x10,0x00,0x00,0x00,0x00,0x2E,0x3F,0x41,0x56,0x43,0x44,0x69,0x61,0x6C,0x6F,0x67,0x43,0x6F,0x6E,0x74,0x61,0x69,0x6E,
0x65,0x72,0x40,0x40,0x00,0x00,0x00,0x00,0x00,0x00,0xE0,0x23,0x4D,0x10,0x00,0x00,0x00,0x00,0x2E,0x3F,0x41,0x56,0x3F,0x24,0x73,0x70,0x5F,0x63,0x6F,0x75,0x6E,0x74,0x65,0x64,0x5F,0x69,0x6D,0x70,0x6C,0x5F,0x70,0x40,0x56,0x43,0x6E,0x54,0x43,0x50,0x49,0x50,
0x43,0x6F,0x6E,0x74,0x72,0x6F,0x6C,0x6C,0x65,0x72,0x46,0x69,0x6E,0x64,0x65,0x72,0x40,0x67,0x65,0x6E,0x65,0x72,0x69,0x63,0x5F,0x69,0x40,0x50,0x49,0x40,0x40,0x40,0x64,0x65,0x74,0x61,0x69,0x6C,0x40,0x62,0x6F,0x6F,0x73,0x74,0x40,0x40,0x00,0x00,0xE0,0x23,
0x4D,0x10,0x00,0x00,0x00,0x00,0x2E,0x3F,0x41,0x56,0x3F,0x24,0x73,0x70,0x5F,0x63,0x6F,0x75,0x6E,0x74,0x65,0x64,0x5F,0x69,0x6D,0x70,0x6C,0x5F,0x70,0x40,0x56,0x50,0x49,0x5F,0x55,0x53,0x42,0x66,0x61,0x63,0x65,0x73,0x50,0x72,0x6F,0x78,0x79,0x40,0x40,0x40,
0x64,0x65,0x74,0x61,0x69,0x6C,0x40,0x62,0x6F,0x6F,0x73,0x74,0x40,0x40,0x00,0x00,0xE0,0x23,0x4D,0x10,0x00,0x00,0x00,0x00,0x2E,0x3F,0x41,0x56,0x77,0x78,0x47,0x44,0x49,0x49,0x6D,0x61,0x67,0x65,0x40,0x40,0x00,0x00,0x00,0x00,0xE0,0x23,0x4D,0x10,0x00,0x00,
0x00,0x00,0x2E,0x3F,0x41,0x56,0x77,0x78,0x42,0x69,0x74,0x6D,0x61,0x70,0x40,0x40,0x00,0x00,0xE0,0x23,0x4D,0x10,0x00,0x00,0x00,0x00,0x2E,0x3F,0x41,0x56,0x77,0x78,0x49,0x63,0x6F,0x6E,0x40,0x40,0x00,0x00,0x00,0x00,0xE0,0x23,0x4D,0x10,0x00,0x00,0x00,0x00,
0x2E,0x3F,0x41,0x56,0x77,0x78,0x4F,0x62,0x6A,0x65,0x63,0x74,0x52,0x65,0x66,0x44,0x61,0x74,0x61,0x40,0x40,0x00,0x00,0x00,0xE0,0x23,0x4D,0x10,0x00,0x00,0x00,0x00,0x2E,0x3F,0x41,0x56,0x77,0x78,0x47,0x44,0x49,0x52,0x65,0x66,0x44,0x61,0x74,0x61,0x40,0x40,
0x00,0x00,0xE0,0x23,0x4D,0x10,0x00,0x00,0x00,0x00,0x2E,0x3F,0x41,0x56,0x77,0x78,0x47,0x44,0x49,0x49,0x6D,0x61,0x67,0x65,0x52,0x65,0x66,0x44,0x61,0x74,0x61,0x40,0x40,0x00,0xE0,0x23,0x4D,0x10,0x00,0x00,0x00,0x00,0x2E,0x3F,0x41,0x56,0x77,0x78,0x49,0x63,
0x6F,0x6E,0x52,0x65,0x66,0x44,0x61,0x74,0x61,0x40,0x40,0x00,0xE0,0x23,0x4D,0x10,0x00,0x00,0x00,0x00,0x2E,0x3F,0x41,0x56,0x50,0x49,0x5F,0x55,0x53,0x42,0x66,0x61,0x63,0x65,0x73,0x50,0x72,0x6F,0x78,0x79,0x40,0x40,0x00,0x00,0x84,0x71,0x49,0x10,0xB4,0x01,
0x00,0x00,0x70,0xCC,0x1C,0x10,0xD0,0xB6,0x56,0x10,0x00,0x00,0x00,0x00,0x00,0x00,0x00,0x00,0x10,0x27,0x00,0x00,0xFF,0xFF,0xFF,0xFF,0xC0,0xB9,0x1C,0x10,0x00,0x00,0x00,0x00,0x44,0x83,0x57,0x10,0x11,0x27,0x00,0x00,0xFF,0xFF,0xFF,0xFF,0xF0,0xB9,0x1C,0x10,
0x00,0x00,0x00,0x00,0x44,0x83,0x57,0x10,0x00,0x00,0x00,0x00,0x00,0x00,0x00,0x00,0x00,0x00,0x00,0x00,0x00,0x00,0x00,0x00,0xEC,0x5A,0x57,0x10,0xE0,0x23,0x4D,0x10,0x00,0x00,0x00,0x00,0x2E,0x3F,0x41,0x56,0x77,0x78,0x50,0x61,0x6E,0x65,0x6C,0x40,0x40,0x00,
0x00,0x00,0xE0,0x23,0x4D,0x10,0x00,0x00,0x00,0x00,0x2E,0x3F,0x41,0x56,0x43,0x43,0x6F,0x6E,0x6E,0x65,0x63,0x74,0x44,0x6C,0x67,0x40,0x40,0x00,0x00,0x00,0x44,0x78,0x49,0x10,0xC4,0x01,0x00,0x00,0xA0,0xE9,0x1C,0x10,0xD0,0xB6,0x56,0x10,0x00,0x00,0x00,0x00,
0x00,0x00,0x00,0x00,0x11,0x27,0x00,0x00,0xFF,0xFF,0xFF,0xFF,0x60,0xE8,0x1C,0x10,0x00,0x00,0x00,0x00,0x58,0x85,0x57,0x10,0x12,0x27,0x00,0x00,0xFF,0xFF,0xFF,0xFF,0x10,0xEA,0x1C,0x10,0x00,0x00,0x00,0x00,0x44,0x83,0x57,0x10,0x13,0x27,0x00,0x00,0xFF,0xFF,
0xFF,0xFF,0x50,0xEB,0x1C,0x10,0x00,0x00,0x00,0x00,0x44,0x83,0x57,0x10,0x00,0x00,0x00,0x00,0x00,0x00,0x00,0x00,0x00,0x00,0x00,0x00,0x00,0x00,0x00,0x00,0xEC,0x5A,0x57,0x10,0x31,0x32,0x33,0x34,0x35,0x36,0x37,0x38,0x39,0x41,0x42,0x43,0x44,0x45,0x46,0x47,
0x48,0x49,0x4A,0x4B,0x4C,0x4D,0x4E,0x4F,0x50,0x51,0x52,0x53,0x54,0x55,0x56,0x57,0xE0,0x23,0x4D,0x10,0x00,0x00,0x00,0x00,0x2E,0x3F,0x41,0x56,0x43,0x55,0x6E,0x69,0x71,0x75,0x65,0x53,0x65,0x72,0x4E,0x75,0x6D,0x62,0x65,0x72,0x40,0x40,0x00,0x00,0xE0,0x23,
0x4D,0x10,0x00,0x00,0x00,0x00,0x2E,0x3F,0x41,0x56,0x43,0x44,0x65,0x76,0x69,0x63,0x65,0x43,0x68,0x61,0x6E,0x67,0x65,0x57,0x61,0x74,0x63,0x68,0x65,0x72,0x40,0x40,0x00,0x00,0xE0,0x23,0x4D,0x10,0x00,0x00,0x00,0x00,0x2E,0x3F,0x41,0x56,0x43,0x5F,0x52,0x53,
0x32,0x33,0x32,0x53,0x79,0x6E,0x63,0x43,0x6F,0x6D,0x40,0x40,0x00,0x00,0x00,0x00,0xE0,0x23,0x4D,0x10,0x00,0x00,0x00,0x00,0x2E,0x3F,0x41,0x56,0x43,0x5F,0x52,0x53,0x32,0x33,0x32,0x41,0x73,0x79,0x6E,0x63,0x43,0x6F,0x6D,0x40,0x40,0x00,0x00,0x00,0xE0,0x23,
0x4D,0x10,0x00,0x00,0x00,0x00,0x2E,0x3F,0x41,0x56,0x43,0x5F,0x52,0x53,0x32,0x33,0x32,0x4E,0x6F,0x54,0x68,0x72,0x65,0x61,0x64,0x40,0x40,0x00,0x01,0x00,0xE0,0x23,0x4D,0x10,0x00,0x00,0x00,0x00,0x2E,0x3F,0x41,0x56,0x50,0x49,0x53,0x6F,0x63,0x6B,0x65,0x74,
0x40,0x40,0x00,0x00,0xE0,0x23,0x4D,0x10,0x00,0x00,0x00,0x00,0x2E,0x3F,0x41,0x56,0x77,0x78,0x46,0x6F,0x6E,0x74,0x42,0x61,0x73,0x65,0x40,0x40,0x00,0x00,0x00,0x00,0xE0,0x23,0x4D,0x10,0x00,0x00,0x00,0x00,0x2E,0x3F,0x41,0x56,0x77,0x78,0x53,0x74,0x61,0x74,
0x69,0x63,0x54,0x65,0x78,0x74,0x42,0x61,0x73,0x65,0x40,0x40,0x00,0x00,0xE0,0x23,0x4D,0x10,0x00,0x00,0x00,0x00,0x2E,0x3F,0x41,0x56,0x77,0x78,0x53,0x74,0x61,0x74,0x69,0x63,0x54,0x65,0x78,0x74,0x40,0x40,0x00,0x00,0xE0,0x23,0x4D,0x10,0x00,0x00,0x00,0x00,
0x2E,0x3F,0x41,0x56,0x77,0x78,0x54,0x65,0x78,0x74,0x43,0x74,0x72,0x6C,0x42,0x61,0x73,0x65,0x40,0x40,0x00,0x00,0x00,0x00,0xE0,0x23,0x4D,0x10,0x00,0x00,0x00,0x00,0x2E,0x3F,0x41,0x56,0x77,0x78,0x54,0x65,0x78,0x74,0x56,0x61,0x6C,0x69,0x64,0x61,0x74,0x6F,
0x72,0x40,0x40,0x00,0x00,0x00,0xE0,0x23,0x4D,0x10,0x00,0x00,0x00,0x00,0x2E,0x3F,0x41,0x56,0x77,0x78,0x56,0x61,0x6C,0x69,0x64,0x61,0x74,0x6F,0x72,0x40,0x40,0x00,0x00,0x00,0xE0,0x23,0x4D,0x10,0x00,0x00,0x00,0x00,0x2E,0x3F,0x41,0x56,0x43,0x49,0x6E,0x74,
0x65,0x72,0x66,0x61,0x63,0x65,0x44,0x6C,0x67,0x40,0x40,0x00,0xE0,0x23,0x4D,0x10,0x00,0x00,0x00,0x00,0x2E,0x3F,0x41,0x56,0x77,0x78,0x43,0x6F,0x6C,0x6F,0x75,0x72,0x42,0x61,0x73,0x65,0x40,0x40,0x00,0x00,0xE0,0x23,0x4D,0x10,0x00,0x00,0x00,0x00,0x2E,0x3F,
0x41,0x56,0x77,0x78,0x43,0x6F,0x6C,0x6F,0x75,0x72,0x40,0x40,0x00,0x00,0xE0,0x23,0x4D,0x10,0x00,0x00,0x00,0x00,0x2E,0x3F,0x41,0x56,0x77,0x78,0x46,0x6F,0x6E,0x74,0x40,0x40,0x00,0x00,0x00,0x00,0xE0,0x23,0x4D,0x10,0x00,0x00,0x00,0x00,0x2E,0x3F,0x41,0x56,
0x77,0x78,0x54,0x65,0x78,0x74,0x43,0x74,0x72,0x6C,0x40,0x40,0x00,0x00,0x00,0x00,0xE0,0x23,0x4D,0x10,0x00,0x00,0x00,0x00,0x2E,0x3F,0x41,0x56,0x43,0x47,0x65,0x6E,0x65,0x72,0x61,0x6C,0x53,0x65,0x74,0x74,0x69,0x6E,0x67,0x73,0x44,0x6C,0x67,0x40,0x40,0x00,
0x00,0x00,0x38,0x98,0x49,0x10,0x98,0x01,0x00,0x00,0x70,0x6B,0x1D,0x10,0xE0,0xC2,0x56,0x10,0x00,0x00,0x00,0x00,0x00,0x00,0x00,0x00,0x00,0x00,0x00,0x00,0x00,0x00,0x00,0x00,0x00,0x00,0x00,0x00,0x00,0x00,0x00,0x00,0xEC,0x5A,0x57,0x10,0x00,0x00,0x00,0x00,
0xE0,0x23,0x4D,0x10,0x00,0x00,0x00,0x00,0x2E,0x3F,0x41,0x56,0x3F,0x24,0x73,0x70,0x5F,0x63,0x6F,0x75,0x6E,0x74,0x65,0x64,0x5F,0x69,0x6D,0x70,0x6C,0x5F,0x70,0x40,0x56,0x43,0x6E,0x55,0x44,0x50,0x46,0x69,0x6E,0x64,0x65,0x72,0x54,0x68,0x72,0x65,0x61,0x64,
0x40,0x67,0x65,0x6E,0x65,0x72,0x69,0x63,0x5F,0x69,0x40,0x50,0x49,0x40,0x40,0x40,0x64,0x65,0x74,0x61,0x69,0x6C,0x40,0x62,0x6F,0x6F,0x73,0x74,0x40,0x40,0x00,0x00,0x00,0x00,0x00,0x00,0x00,0x00,0xE0,0x23,0x4D,0x10,0x00,0x00,0x00,0x00,0x2E,0x3F,0x41,0x56,
0x3F,0x24,0x73,0x70,0x5F,0x63,0x6F,0x75,0x6E,0x74,0x65,0x64,0x5F,0x69,0x6D,0x70,0x6C,0x5F,0x70,0x40,0x56,0x43,0x6E,0x58,0x50,0x6F,0x72,0x74,0x46,0x69,0x6E,0x64,0x65,0x72,0x54,0x68,0x72,0x65,0x61,0x64,0x40,0x67,0x65,0x6E,0x65,0x72,0x69,0x63,0x5F,0x69,
0x40,0x50,0x49,0x40,0x40,0x40,0x64,0x65,0x74,0x61,0x69,0x6C,0x40,0x62,0x6F,0x6F,0x73,0x74,0x40,0x40,0x00,0x00,0x00,0x00,0x00,0x00,0xE0,0x23,0x4D,0x10,0x00,0x00,0x00,0x00,0x2E,0x3F,0x41,0x56,0x3F,0x24,0x73,0x70,0x5F,0x63,0x6F,0x75,0x6E,0x74,0x65,0x64,
0x5F,0x69,0x6D,0x70,0x6C,0x5F,0x70,0x40,0x56,0x43,0x6E,0x55,0x53,0x52,0x4B,0x33,0x46,0x69,0x6E,0x64,0x65,0x72,0x54,0x68,0x72,0x65,0x61,0x64,0x40,0x67,0x65,0x6E,0x65,0x72,0x69,0x63,0x5F,0x69,0x40,0x50,0x49,0x40,0x40,0x40,0x64,0x65,0x74,0x61,0x69,0x6C,
0x40,0x62,0x6F,0x6F,0x73,0x74,0x40,0x40,0x00,0x00,0xE0,0x23,0x4D,0x10,0x00,0x00,0x00,0x00,0x2E,0x3F,0x41,0x56,0x43,0x6E,0x43,0x6F,0x6E,0x74,0x72,0x6F,0x6C,0x6C,0x65,0x72,0x46,0x69,0x6E,0x64,0x65,0x72,0x54,0x68,0x72,0x65,0x61,0x64,0x40,0x67,0x65,0x6E,
0x65,0x72,0x69,0x63,0x5F,0x69,0x40,0x50,0x49,0x40,0x40,0x00,0xE0,0x23,0x4D,0x10,0x00,0x00,0x00,0x00,0x2E,0x3F,0x41,0x56,0x43,0x54,0x43,0x50,0x49,0x50,0x44,0x61,0x69,0x73,0x79,0x43,0x68,0x61,0x69,0x6E,0x44,0x6C,0x67,0x40,0x40,0x00,0x00,0x00,0x00,0x00,
0x00,0x00,0x94,0xA1,0x49,0x10,0xA0,0x01,0x00,0x00,0x00,0xAB,0x1D,0x10,0xE0,0xC2,0x56,0x10,0x00,0x00,0x00,0x00,0x00,0x00,0x00,0x00,0x3F,0x27,0x00,0x00,0xFF,0xFF,0xFF,0xFF,0xB0,0xA7,0x1D,0x10,0x00,0x00,0x00,0x00,0x44,0x83,0x57,0x10,0x3F,0x27,0x00,0x00,
0xFF,0xFF,0xFF,0xFF,0xE0,0x96,0x1D,0x10,0x00,0x00,0x00,0x00,0xF8,0x84,0x57,0x10,0x41,0x27,0x00,0x00,0xFF,0xFF,0xFF,0xFF,0x20,0x95,0x1D,0x10,0x00,0x00,0x00,0x00,0x44,0x83,0x57,0x10,0x41,0x27,0x00,0x00,0xFF,0xFF,0xFF,0xFF,0x10,0x97,0x1D,0x10,0x00,0x00,
0x00,0x00,0xF8,0x84,0x57,0x10,0x00,0x00,0x00,0x00,0x00,0x00,0x00,0x00,0x00,0x00,0x00,0x00,0x00,0x00,0x00,0x00,0xEC,0x5A,0x57,0x10,0xE0,0x23,0x4D,0x10,0x00,0x00,0x00,0x00,0x2E,0x3F,0x41,0x56,0x77,0x78,0x49,0x74,0x65,0x6D,0x43,0x6F,0x6E,0x74,0x61,0x69,
0x6E,0x65,0x72,0x49,0x6D,0x6D,0x75,0x74,0x61,0x62,0x6C,0x65,0x40,0x40,0x00,0x00,0xE0,0x23,0x4D,0x10,0x00,0x00,0x00,0x00,0x2E,0x3F,0x41,0x56,0x77,0x78,0x49,0x74,0x65,0x6D,0x43,0x6F,0x6E,0x74,0x61,0x69,0x6E,0x65,0x72,0x40,0x40,0x00,0x00,0x00,0xE0,0x23,
0x4D,0x10,0x00,0x00,0x00,0x00,0x2E,0x3F,0x41,0x56,0x77,0x78,0x43,0x6F,0x6E,0x74,0x72,0x6F,0x6C,0x57,0x69,0x74,0x68,0x49,0x74,0x65,0x6D,0x73,0x40,0x40,0x00,0x00,0x00,0x00,0xE0,0x23,0x4D,0x10,0x00,0x00,0x00,0x00,0x2E,0x3F,0x41,0x56,0x77,0x78,0x43,0x68,
0x65,0x63,0x6B,0x42,0x6F,0x78,0x42,0x61,0x73,0x65,0x40,0x40,0x00,0x00,0x00,0x00,0xE0,0x23,0x4D,0x10,0x00,0x00,0x00,0x00,0x2E,0x3F,0x41,0x56,0x77,0x78,0x43,0x68,0x65,0x63,0x6B,0x42,0x6F,0x78,0x40,0x40,0x00,0x00,0x00,0x00,0xE0,0x23,0x4D,0x10,0x00,0x00,
0x00,0x00,0x2E,0x3F,0x41,0x56,0x77,0x78,0x43,0x68,0x6F,0x69,0x63,0x65,0x42,0x61,0x73,0x65,0x40,0x40,0x00,0x00,0xE0,0x23,0x4D,0x10,0x00,0x00,0x00,0x00,0x2E,0x3F,0x41,0x56,0x77,0x78,0x53,0x70,0x69,0x6E,0x42,0x75,0x74,0x74,0x6F,0x6E,0x42,0x61,0x73,0x65,
0x40,0x40,0x00,0x00,0xE0,0x23,0x4D,0x10,0x00,0x00,0x00,0x00,0x2E,0x3F,0x41,0x56,0x77,0x78,0x53,0x70,0x69,0x6E,0x42,0x75,0x74,0x74,0x6F,0x6E,0x40,0x40,0x00,0x00,0xE0,0x23,0x4D,0x10,0x00,0x00,0x00,0x00,0x2E,0x3F,0x41,0x56,0x77,0x78,0x53,0x70,0x69,0x6E,
0x43,0x74,0x72,0x6C,0x40,0x40,0x00,0x00,0x00,0x00,0xE0,0x23,0x4D,0x10,0x00,0x00,0x00,0x00,0x2E,0x3F,0x41,0x56,0x77,0x78,0x54,0x6F,0x67,0x67,0x6C,0x65,0x42,0x75,0x74,0x74,0x6F,0x6E,0x40,0x40,0x00,0x00,0x00,0x00,0xE0,0x23,0x4D,0x10,0x00,0x00,0x00,0x00,
0x2E,0x3F,0x41,0x56,0x50,0x49,0x5F,0x50,0x43,0x49,0x5F,0x53,0x50,0x49,0x50,0x61,0x6E,0x65,0x6C,0x40,0x40,0x00,0x00,0x00,0xE0,0x23,0x4D,0x10,0x00,0x00,0x00,0x00,0x2E,0x3F,0x41,0x56,0x77,0x78,0x43,0x68,0x6F,0x69,0x63,0x65,0x40,0x40,0x00,0x00,0x7C,0xC0,
0x49,0x10,0xA0,0x01,0x00,0x00,0xA0,0xDF,0x1D,0x10,0xE0,0xC2,0x56,0x10,0x00,0x00,0x00,0x00,0x00,0x00,0x00,0x00,0x10,0x27,0x00,0x00,0xFF,0xFF,0xFF,0xFF,0x40,0xBE,0x1D,0x10,0x00,0x00,0x00,0x00,0xF8,0x84,0x57,0x10,0x44,0x27,0x00,0x00,0xFF,0xFF,0xFF,0xFF,
0x00,0xBD,0x1D,0x10,0x00,0x00,0x00,0x00,0xF8,0x84,0x57,0x10,0x45,0x27,0x00,0x00,0xFF,0xFF,0xFF,0xFF,0x20,0xBD,0x1D,0x10,0x00,0x00,0x00,0x00,0xF8,0x84,0x57,0x10,0x46,0x27,0x00,0x00,0xFF,0xFF,0xFF,0xFF,0x40,0xBD,0x1D,0x10,0x00,0x00,0x00,0x00,0xF8,0x84,
0x57,0x10,0x47,0x27,0x00,0x00,0xFF,0xFF,0xFF,0xFF,0x60,0xBD,0x1D,0x10,0x00,0x00,0x00,0x00,0xF8,0x84,0x57,0x10,0x4B,0x27,0x00,0x00,0xFF,0xFF,0xFF,0xFF,0x60,0xBE,0x1D,0x10,0x00,0x00,0x00,0x00,0xF8,0x84,0x57,0x10,0x48,0x27,0x00,0x00,0xFF,0xFF,0xFF,0xFF,
0x80,0xBD,0x1D,0x10,0x00,0x00,0x00,0x00,0xF8,0x84,0x57,0x10,0x49,0x27,0x00,0x00,0xFF,0xFF,0xFF,0xFF,0xC0,0xBD,0x1D,0x10,0x00,0x00,0x00,0x00,0xF8,0x84,0x57,0x10,0x4A,0x27,0x00,0x00,0xFF,0xFF,0xFF,0xFF,0x00,0xBE,0x1D,0x10,0x00,0x00,0x00,0x00,0xF8,0x84,
0x57,0x10,0x00,0x00,0x00,0x00,0x00,0x00,0x00,0x00,0x00,0x00,0x00,0x00,0x00,0x00,0x00,0x00,0xEC,0x5A,0x57,0x10,0xE0,0x23,0x4D,0x10,0x00,0x00,0x00,0x00,0x2E,0x3F,0x41,0x56,0x77,0x78,0x4C,0x69,0x73,0x74,0x43,0x74,0x72,0x6C,0x40,0x40,0x00,0x00,0x00,0x00,
0xE0,0x23,0x4D,0x10,0x00,0x00,0x00,0x00,0x2E,0x3F,0x41,0x56,0x43,0x55,0x53,0x42,0x44,0x61,0x69,0x73,0x79,0x43,0x68,0x61,0x69,0x6E,0x44,0x6C,0x67,0x40,0x40,0x00,0xE0,0x23,0x4D,0x10,0x00,0x00,0x00,0x00,0x2E,0x3F,0x41,0x56,0x77,0x78,0x54,0x69,0x6D,0x65,
0x72,0x42,0x61,0x73,0x65,0x40,0x40,0x00,0x00,0x00,0xE0,0x23,0x4D,0x10,0x00,0x00,0x00,0x00,0x2E,0x3F,0x41,0x56,0x77,0x78,0x54,0x69,0x6D,0x65,0x72,0x40,0x40,0x00,0x00,0x00,0x24,0xC7,0x49,0x10,0xEC,0x01,0x00,0x00,0xC0,0xF6,0x1D,0x10,0xE0,0xC2,0x56,0x10,
0x00,0x00,0x00,0x00,0x00,0x00,0x00,0x00,0x1A,0x27,0x00,0x00,0xFF,0xFF,0xFF,0xFF,0xE0,0xEC,0x1D,0x10,0x00,0x00,0x00,0x00,0x68,0x86,0x57,0x10,0x3F,0x27,0x00,0x00,0xFF,0xFF,0xFF,0xFF,0x50,0xEE,0x1D,0x10,0x00,0x00,0x00,0x00,0x44,0x83,0x57,0x10,0x3F,0x27,
0x00,0x00,0xFF,0xFF,0xFF,0xFF,0x10,0xF0,0x1D,0x10,0x00,0x00,0x00,0x00,0xF8,0x84,0x57,0x10,0x41,0x27,0x00,0x00,0xFF,0xFF,0xFF,0xFF,0xD0,0xE2,0x1D,0x10,0x00,0x00,0x00,0x00,0x44,0x83,0x57,0x10,0x41,0x27,0x00,0x00,0xFF,0xFF,0xFF,0xFF,0x40,0xF0,0x1D,0x10,
0x00,0x00,0x00,0x00,0xF8,0x84,0x57,0x10,0x01,0x00,0x00,0x00,0xFF,0xFF,0xFF,0xFF,0xD0,0xF9,0x1D,0x10,0x00,0x00,0x00,0x00,0x84,0x83,0x57,0x10,0x00,0x00,0x00,0x00,0x00,0x00,0x00,0x00,0x00,0x00,0x00,0x00,0x00,0x00,0x00,0x00,0xEC,0x5A,0x57,0x10,0xE0,0x23,
0x4D,0x10,0x00,0x00,0x00,0x00,0x2E,0x3F,0x41,0x56,0x77,0x78,0x47,0x65,0x6E,0x65,0x72,0x69,0x63,0x56,0x61,0x6C,0x69,0x64,0x61,0x74,0x6F,0x72,0x40,0x40,0x00,0x00,0x00,0x00,0xE0,0x23,0x4D,0x10,0x00,0x00,0x00,0x00,0x2E,0x3F,0x41,0x56,0x77,0x78,0x43,0x6F,
0x6D,0x62,0x6F,0x42,0x6F,0x78,0x40,0x40,0x00,0x00,0x00,0x00,0xE0,0x23,0x4D,0x10,0x00,0x00,0x00,0x00,0x2E,0x3F,0x41,0x56,0x43,0x52,0x53,0x32,0x33,0x32,0x44,0x61,0x69,0x73,0x79,0x43,0x68,0x61,0x69,0x6E,0x44,0x6C,0x67,0x40,0x40,0x00,0x00,0x00,0xD8,0xCE,
0x49,0x10,0xB0,0x01,0x00,0x00,0xB0,0x04,0x1E,0x10,0xE0,0xC2,0x56,0x10,0x00,0x00,0x00,0x00,0x00,0x00,0x00,0x00,0x11,0x27,0x00,0x00,0xFF,0xFF,0xFF,0xFF,0x30,0x15,0x1E,0x10,0x00,0x00,0x00,0x00,0x74,0x83,0x57,0x10,0x13,0x27,0x00,0x00,0xFF,0xFF,0xFF,0xFF,
0xB0,0xFC,0x1D,0x10,0x00,0x00,0x00,0x00,0x74,0x83,0x57,0x10,0x13,0x27,0x00,0x00,0xFF,0xFF,0xFF,0xFF,0xC0,0x00,0x1E,0x10,0x00,0x00,0x00,0x00,0xF8,0x84,0x57,0x10,0x3F,0x27,0x00,0x00,0xFF,0xFF,0xFF,0xFF,0xB0,0xFD,0x1D,0x10,0x00,0x00,0x00,0x00,0x44,0x83,
0x57,0x10,0x3F,0x27,0x00,0x00,0xFF,0xFF,0xFF,0xFF,0x80,0xFF,0x1D,0x10,0x00,0x00,0x00,0x00,0xF8,0x84,0x57,0x10,0x41,0x27,0x00,0x00,0xFF,0xFF,0xFF,0xFF,0xE0,0xFB,0x1D,0x10,0x00,0x00,0x00,0x00,0x44,0x83,0x57,0x10,0x41,0x27,0x00,0x00,0xFF,0xFF,0xFF,0xFF,
0xB0,0xFF,0x1D,0x10,0x00,0x00,0x00,0x00,0xF8,0x84,0x57,0x10,0x00,0x00,0x00,0x00,0x00,0x00,0x00,0x00,0x00,0x00,0x00,0x00,0x00,0x00,0x00,0x00,0xEC,0x5A,0x57,0x10,0xE0,0x23,0x4D,0x10,0x00,0x00,0x00,0x00,0x2E,0x3F,0x41,0x56,0x43,0x55,0x53,0x42,0x44,0x6C,
0x67,0x40,0x40,0x00,0x00,0x00,0x68,0xD2,0x49,0x10,0xF0,0x01,0x00,0x00,0x60,0x23,0x1E,0x10,0xE0,0xC2,0x56,0x10,0x00,0x00,0x00,0x00,0x00,0x00,0x00,0x00,0x42,0x27,0x00,0x00,0xFF,0xFF,0xFF,0xFF,0x70,0x1C,0x1E,0x10,0x00,0x00,0x00,0x00,0x44,0x83,0x57,0x10,
0x42,0x27,0x00,0x00,0xFF,0xFF,0xFF,0xFF,0xF0,0x1D,0x1E,0x10,0x00,0x00,0x00,0x00,0xF8,0x84,0x57,0x10,0x01,0x00,0x00,0x00,0xFF,0xFF,0xFF,0xFF,0x50,0x25,0x1E,0x10,0x00,0x00,0x00,0x00,0x84,0x83,0x57,0x10,0x00,0x00,0x00,0x00,0x00,0x00,0x00,0x00,0x00,0x00,
0x00,0x00,0x00,0x00,0x00,0x00,0xEC,0x5A,0x57,0x10,0xE0,0x23,0x4D,0x10,0x00,0x00,0x00,0x00,0x2E,0x3F,0x41,0x56,0x43,0x38,0x34,0x33,0x50,0x61,0x6E,0x65,0x6C,0x40,0x40,0x00,0x68,0xD5,0x49,0x10,0x84,0x01,0x00,0x00,0x70,0x3D,0x1E,0x10,0xE0,0xC2,0x56,0x10,
0x00,0x00,0x00,0x00,0x00,0x00,0x00,0x00,0x00,0x00,0x00,0x00,0x00,0x00,0x00,0x00,0x00,0x00,0x00,0x00,0x00,0x00,0x00,0x00,0xEC,0x5A,0x57,0x10,0xE0,0x23,0x4D,0x10,0x00,0x00,0x00,0x00,0x2E,0x3F,0x41,0x56,0x43,0x4E,0x49,0x5F,0x47,0x50,0x49,0x42,0x44,0x6C,
0x67,0x40,0x40,0x00,0x00,0x00,0xB4,0xD8,0x49,0x10,0x94,0x01,0x00,0x00,0x70,0x50,0x1E,0x10,0xE0,0xC2,0x56,0x10,0x00,0x00,0x00,0x00,0x00,0x00,0x00,0x00,0x00,0x00,0x00,0x00,0x00,0x00,0x00,0x00,0x00,0x00,0x00,0x00,0x00,0x00,0x00,0x00,0xEC,0x5A,0x57,0x10,
0xE0,0x23,0x4D,0x10,0x00,0x00,0x00,0x00,0x2E,0x3F,0x41,0x56,0x77,0x78,0x54,0x72,0x65,0x65,0x4C,0x69,0x73,0x74,0x43,0x6F,0x6C,0x75,0x6D,0x6E,0x49,0x6E,0x66,0x6F,0x40,0x40,0x00,0x00,0xE0,0x23,0x4D,0x10,0x00,0x00,0x00,0x00,0x2E,0x3F,0x41,0x56,0x77,0x78,
0x54,0x72,0x65,0x65,0x4C,0x69,0x73,0x74,0x43,0x74,0x72,0x6C,0x40,0x40,0x00,0x00,0x00,0x00,0xE0,0x23,0x4D,0x10,0x00,0x00,0x00,0x00,0x2E,0x3F,0x41,0x56,0x43,0x54,0x43,0x50,0x49,0x50,0x44,0x6C,0x67,0x40,0x67,0x65,0x6E,0x65,0x72,0x69,0x63,0x5F,0x69,0x40,
0x50,0x49,0x40,0x40,0x00,0x00,0x00,0x00,0xB4,0xDF,0x49,0x10,0xDC,0x01,0x00,0x00,0x70,0x85,0x1E,0x10,0xE0,0xC2,0x56,0x10,0x00,0x00,0x00,0x00,0x00,0x00,0x00,0x00,0x35,0x27,0x00,0x00,0xFF,0xFF,0xFF,0xFF,0x70,0x63,0x1E,0x10,0x00,0x00,0x00,0x00,0xE8,0x86,
0x57,0x10,0x35,0x27,0x00,0x00,0xFF,0xFF,0xFF,0xFF,0x90,0x64,0x1E,0x10,0x00,0x00,0x00,0x00,0xE4,0x86,0x57,0x10,0x01,0x00,0x00,0x00,0xFF,0xFF,0xFF,0xFF,0xD0,0xC8,0x1E,0x10,0x00,0x00,0x00,0x00,0x84,0x83,0x57,0x10,0x00,0x00,0x00,0x00,0x00,0x00,0x00,0x00,
0x00,0x00,0x00,0x00,0x00,0x00,0x00,0x00,0xEC,0x5A,0x57,0x10,0xE0,0x23,0x4D,0x10,0x00,0x00,0x00,0x00,0x2E,0x3F,0x41,0x56,0x43,0x52,0x53,0x32,0x33,0x32,0x44,0x6C,0x67,0x40,0x40,0x00,0xE8,0xE3,0x49,0x10,0xDC,0x01,0x00,0x00,0x50,0xE3,0x1E,0x10,0xE0,0xC2,
0x56,0x10,0x00,0x00,0x00,0x00,0x00,0x00,0x00,0x00,0x1B,0x27,0x00,0x00,0xFF,0xFF,0xFF,0xFF,0xA0,0xD4,0x1E,0x10,0x00,0x00,0x00,0x00,0x80,0x83,0x57,0x10,0x1D,0x27,0x00,0x00,0xFF,0xFF,0xFF,0xFF,0xF0,0xD4,0x1E,0x10,0x00,0x00,0x00,0x00,0x74,0x83,0x57,0x10,
0x00,0x00,0x00,0x00,0x00,0x00,0x00,0x00,0x00,0x00,0x00,0x00,0x00,0x00,0x00,0x00,0xEC,0x5A,0x57,0x10,0xE0,0x23,0x4D,0x10,0x00,0x00,0x00,0x00,0x2E,0x3F,0x41,0x56,0x43,0x6E,0x55,0x53,0x52,0x4B,0x33,0x46,0x69,0x6E,0x64,0x65,0x72,0x54,0x68,0x72,0x65,0x61,
0x64,0x40,0x67,0x65,0x6E,0x65,0x72,0x69,0x63,0x5F,0x69,0x40,0x50,0x49,0x40,0x40,0x00,0x00,0xE0,0x23,0x4D,0x10,0x00,0x00,0x00,0x00,0x2E,0x3F,0x41,0x56,0x3F,0x24,0x73,0x70,0x5F,0x63,0x6F,0x75,0x6E,0x74,0x65,0x64,0x5F,0x69,0x6D,0x70,0x6C,0x5F,0x70,0x40,
0x56,0x43,0x54,0x43,0x50,0x5F,0x49,0x50,0x40,0x40,0x40,0x64,0x65,0x74,0x61,0x69,0x6C,0x40,0x62,0x6F,0x6F,0x73,0x74,0x40,0x40,0x00,0x00,0x00,0xE0,0x23,0x4D,0x10,0x00,0x00,0x00,0x00,0x2E,0x3F,0x41,0x56,0x43,0x6E,0x58,0x50,0x6F,0x72,0x74,0x46,0x69,0x6E,
0x64,0x65,0x72,0x54,0x68,0x72,0x65,0x61,0x64,0x40,0x67,0x65,0x6E,0x65,0x72,0x69,0x63,0x5F,0x69,0x40,0x50,0x49,0x40,0x40,0x00,0x00,0xE0,0x23,0x4D,0x10,0x00,0x00,0x00,0x00,0x2E,0x3F,0x41,0x56,0x43,0x6E,0x55,0x44,0x50,0x46,0x69,0x6E,0x64,0x65,0x72,0x54,
0x68,0x72,0x65,0x61,0x64,0x40,0x67,0x65,0x6E,0x65,0x72,0x69,0x63,0x5F,0x69,0x40,0x50,0x49,0x40,0x40,0x00,0x00,0x00,0x00,0xE0,0x23,0x4D,0x10,0x00,0x00,0x00,0x00,0x2E,0x3F,0x41,0x56,0x3F,0x24,0x73,0x70,0x5F,0x63,0x6F,0x75,0x6E,0x74,0x65,0x64,0x5F,0x69,
0x6D,0x70,0x6C,0x5F,0x70,0x40,0x56,0x43,0x6E,0x4C,0x6F,0x67,0x67,0x65,0x72,0x40,0x4C,0x6F,0x67,0x67,0x65,0x72,0x40,0x50,0x49,0x40,0x40,0x40,0x64,0x65,0x74,0x61,0x69,0x6C,0x40,0x62,0x6F,0x6F,0x73,0x74,0x40,0x40,0x00,0x00,0x00,0x00,0xE0,0x23,0x4D,0x10,
0x00,0x00,0x00,0x00,0x2E,0x3F,0x41,0x56,0x50,0x49,0x4C,0x6F,0x67,0x67,0x65,0x72,0x40,0x40,0x00,0x00,0xE0,0x23,0x4D,0x10,0x00,0x00,0x00,0x00,0x2E,0x3F,0x41,0x56,0x3F,0x24,0x62,0x61,0x73,0x69,0x63,0x5F,0x6F,0x73,0x74,0x72,0x69,0x6E,0x67,0x73,0x74,0x72,
0x65,0x61,0x6D,0x40,0x44,0x55,0x3F,0x24,0x63,0x68,0x61,0x72,0x5F,0x74,0x72,0x61,0x69,0x74,0x73,0x40,0x44,0x40,0x73,0x74,0x64,0x40,0x40,0x56,0x3F,0x24,0x61,0x6C,0x6C,0x6F,0x63,0x61,0x74,0x6F,0x72,0x40,0x44,0x40,0x32,0x40,0x40,0x73,0x74,0x64,0x40,0x40,
0x00,0x00,0x00,0x00,0xE0,0x23,0x4D,0x10,0x00,0x00,0x00,0x00,0x2E,0x3F,0x41,0x56,0x43,0x47,0x43,0x53,0x41,0x72,0x72,0x61,0x79,0x40,0x40,0x00,0x01,0x00,0x00,0x00,0xE0,0x23,0x4D,0x10,0x00,0x00,0x00,0x00,0x2E,0x3F,0x41,0x56,0x43,0x47,0x43,0x53,0x41,0x72,
0x72,0x61,0x79,0x48,0x65,0x61,0x64,0x65,0x72,0x40,0x40,0x00,0x00,0x00,0xE0,0x23,0x4D,0x10,0x00,0x00,0x00,0x00,0x2E,0x3F,0x41,0x56,0x43,0x6E,0x4C,0x6F,0x67,0x67,0x65,0x72,0x40,0x4C,0x6F,0x67,0x67,0x65,0x72,0x40,0x50,0x49,0x40,0x40,0x00,0x00,0x00,0x00,
0xE0,0x23,0x4D,0x10,0x00,0x00,0x00,0x00,0x2E,0x3F,0x41,0x56,0x43,0x6E,0x4C,0x6F,0x67,0x4F,0x75,0x74,0x70,0x75,0x74,0x46,0x61,0x63,0x74,0x6F,0x72,0x79,0x40,0x4C,0x6F,0x67,0x67,0x65,0x72,0x40,0x50,0x49,0x40,0x40,0x00,0x00,0xE0,0x23,0x4D,0x10,0x00,0x00,
0x00,0x00,0x2E,0x3F,0x41,0x56,0x3F,0x24,0x73,0x70,0x5F,0x63,0x6F,0x75,0x6E,0x74,0x65,0x64,0x5F,0x69,0x6D,0x70,0x6C,0x5F,0x70,0x40,0x56,0x43,0x6E,0x57,0x69,0x6E,0x44,0x65,0x62,0x75,0x67,0x4F,0x75,0x74,0x70,0x75,0x74,0x40,0x4C,0x6F,0x67,0x67,0x65,0x72,
0x40,0x50,0x49,0x40,0x40,0x40,0x64,0x65,0x74,0x61,0x69,0x6C,0x40,0x62,0x6F,0x6F,0x73,0x74,0x40,0x40,0x00,0x00,0x00,0x00,0xE0,0x23,0x4D,0x10,0x00,0x00,0x00,0x00,0x2E,0x3F,0x41,0x56,0x3F,0x24,0x73,0x70,0x5F,0x63,0x6F,0x75,0x6E,0x74,0x65,0x64,0x5F,0x69,
0x6D,0x70,0x6C,0x5F,0x70,0x40,0x56,0x43,0x6E,0x46,0x69,0x6C,0x65,0x4F,0x75,0x74,0x70,0x75,0x74,0x40,0x4C,0x6F,0x67,0x67,0x65,0x72,0x40,0x50,0x49,0x40,0x40,0x40,0x64,0x65,0x74,0x61,0x69,0x6C,0x40,0x62,0x6F,0x6F,0x73,0x74,0x40,0x40,0x00,0x00,0x00,0x00,
0x00,0x00,0x00,0x00,0xE0,0x23,0x4D,0x10,0x00,0x00,0x00,0x00,0x2E,0x3F,0x41,0x56,0x3F,0x24,0x73,0x70,0x5F,0x63,0x6F,0x75,0x6E,0x74,0x65,0x64,0x5F,0x69,0x6D,0x70,0x6C,0x5F,0x70,0x40,0x56,0x43,0x6E,0x53,0x74,0x64,0x4F,0x75,0x74,0x70,0x75,0x74,0x40,0x4C,
0x6F,0x67,0x67,0x65,0x72,0x40,0x50,0x49,0x40,0x40,0x40,0x64,0x65,0x74,0x61,0x69,0x6C,0x40,0x62,0x6F,0x6F,0x73,0x74,0x40,0x40,0x00,0xE0,0x23,0x4D,0x10,0x00,0x00,0x00,0x00,0x2E,0x3F,0x41,0x56,0x43,0x6E,0x54,0x69,0x6D,0x65,0x40,0x4C,0x6F,0x67,0x67,0x65,
0x72,0x40,0x50,0x49,0x40,0x40,0x00,0x00,0xE0,0x23,0x4D,0x10,0x00,0x00,0x00,0x00,0x2E,0x3F,0x41,0x56,0x43,0x6E,0x4C,0x6F,0x67,0x4F,0x75,0x74,0x70,0x75,0x74,0x40,0x4C,0x6F,0x67,0x67,0x65,0x72,0x40,0x50,0x49,0x40,0x40,0x00,0xE0,0x23,0x4D,0x10,0x00,0x00,
0x00,0x00,0x2E,0x3F,0x41,0x56,0x43,0x6E,0x46,0x69,0x6C,0x65,0x4F,0x75,0x74,0x70,0x75,0x74,0x40,0x4C,0x6F,0x67,0x67,0x65,0x72,0x40,0x50,0x49,0x40,0x40,0x00,0x00,0x00,0x00,0x00,0x00,0x00,0x00,0xE0,0x23,0x4D,0x10,0x00,0x00,0x00,0x00,0x2E,0x3F,0x41,0x56,
0x3F,0x24,0x73,0x70,0x5F,0x63,0x6F,0x75,0x6E,0x74,0x65,0x64,0x5F,0x69,0x6D,0x70,0x6C,0x5F,0x70,0x40,0x56,0x3F,0x24,0x64,0x69,0x72,0x5F,0x69,0x74,0x72,0x5F,0x69,0x6D,0x70,0x40,0x56,0x3F,0x24,0x62,0x61,0x73,0x69,0x63,0x5F,0x70,0x61,0x74,0x68,0x40,0x56,
0x3F,0x24,0x62,0x61,0x73,0x69,0x63,0x5F,0x73,0x74,0x72,0x69,0x6E,0x67,0x40,0x44,0x55,0x3F,0x24,0x63,0x68,0x61,0x72,0x5F,0x74,0x72,0x61,0x69,0x74,0x73,0x40,0x44,0x40,0x73,0x74,0x64,0x40,0x40,0x56,0x3F,0x24,0x61,0x6C,0x6C,0x6F,0x63,0x61,0x74,0x6F,0x72,
0x40,0x44,0x40,0x32,0x40,0x40,0x73,0x74,0x64,0x40,0x40,0x55,0x70,0x61,0x74,0x68,0x5F,0x74,0x72,0x61,0x69,0x74,0x73,0x40,0x66,0x69,0x6C,0x65,0x73,0x79,0x73,0x74,0x65,0x6D,0x32,0x40,0x62,0x6F,0x6F,0x73,0x74,0x40,0x40,0x40,0x66,0x69,0x6C,0x65,0x73,0x79,
0x73,0x74,0x65,0x6D,0x32,0x40,0x62,0x6F,0x6F,0x73,0x74,0x40,0x40,0x40,0x64,0x65,0x74,0x61,0x69,0x6C,0x40,0x66,0x69,0x6C,0x65,0x73,0x79,0x73,0x74,0x65,0x6D,0x32,0x40,0x62,0x6F,0x6F,0x73,0x74,0x40,0x40,0x40,0x64,0x65,0x74,0x61,0x69,0x6C,0x40,0x62,0x6F,
0x6F,0x73,0x74,0x40,0x40,0x00,0x00,0x00,0x00,0x00,0x00,0x00,0xE0,0x23,0x4D,0x10,0x00,0x00,0x00,0x00,0x2E,0x3F,0x41,0x56,0x3F,0x24,0x73,0x70,0x5F,0x63,0x6F,0x75,0x6E,0x74,0x65,0x64,0x5F,0x69,0x6D,0x70,0x6C,0x5F,0x70,0x40,0x55,0x6D,0x5F,0x69,0x6D,0x70,
0x40,0x3F,0x24,0x62,0x61,0x73,0x69,0x63,0x5F,0x66,0x69,0x6C,0x65,0x73,0x79,0x73,0x74,0x65,0x6D,0x5F,0x65,0x72,0x72,0x6F,0x72,0x40,0x56,0x3F,0x24,0x62,0x61,0x73,0x69,0x63,0x5F,0x70,0x61,0x74,0x68,0x40,0x56,0x3F,0x24,0x62,0x61,0x73,0x69,0x63,0x5F,0x73,
0x74,0x72,0x69,0x6E,0x67,0x40,0x44,0x55,0x3F,0x24,0x63,0x68,0x61,0x72,0x5F,0x74,0x72,0x61,0x69,0x74,0x73,0x40,0x44,0x40,0x73,0x74,0x64,0x40,0x40,0x56,0x3F,0x24,0x61,0x6C,0x6C,0x6F,0x63,0x61,0x74,0x6F,0x72,0x40,0x44,0x40,0x32,0x40,0x40,0x73,0x74,0x64,
0x40,0x40,0x55,0x70,0x61,0x74,0x68,0x5F,0x74,0x72,0x61,0x69,0x74,0x73,0x40,0x66,0x69,0x6C,0x65,0x73,0x79,0x73,0x74,0x65,0x6D,0x32,0x40,0x62,0x6F,0x6F,0x73,0x74,0x40,0x40,0x40,0x66,0x69,0x6C,0x65,0x73,0x79,0x73,0x74,0x65,0x6D,0x32,0x40,0x62,0x6F,0x6F,
0x73,0x74,0x40,0x40,0x40,0x66,0x69,0x6C,0x65,0x73,0x79,0x73,0x74,0x65,0x6D,0x32,0x40,0x62,0x6F,0x6F,0x73,0x74,0x40,0x40,0x40,0x64,0x65,0x74,0x61,0x69,0x6C,0x40,0x62,0x6F,0x6F,0x73,0x74,0x40,0x40,0x00,0xE0,0x23,0x4D,0x10,0x00,0x00,0x00,0x00,0x2E,0x3F,
0x41,0x56,0x73,0x79,0x73,0x74,0x65,0x6D,0x5F,0x65,0x72,0x72,0x6F,0x72,0x40,0x73,0x79,0x73,0x74,0x65,0x6D,0x40,0x62,0x6F,0x6F,0x73,0x74,0x40,0x40,0x00,0x00,0x00,0x00,0x00,0xE0,0x23,0x4D,0x10,0x00,0x00,0x00,0x00,0x2E,0x3F,0x41,0x56,0x3F,0x24,0x62,0x61,
0x73,0x69,0x63,0x5F,0x66,0x69,0x6C,0x65,0x73,0x79,0x73,0x74,0x65,0x6D,0x5F,0x65,0x72,0x72,0x6F,0x72,0x40,0x56,0x3F,0x24,0x62,0x61,0x73,0x69,0x63,0x5F,0x70,0x61,0x74,0x68,0x40,0x56,0x3F,0x24,0x62,0x61,0x73,0x69,0x63,0x5F,0x73,0x74,0x72,0x69,0x6E,0x67,
0x40,0x44,0x55,0x3F,0x24,0x63,0x68,0x61,0x72,0x5F,0x74,0x72,0x61,0x69,0x74,0x73,0x40,0x44,0x40,0x73,0x74,0x64,0x40,0x40,0x56,0x3F,0x24,0x61,0x6C,0x6C,0x6F,0x63,0x61,0x74,0x6F,0x72,0x40,0x44,0x40,0x32,0x40,0x40,0x73,0x74,0x64,0x40,0x40,0x55,0x70,0x61,
0x74,0x68,0x5F,0x74,0x72,0x61,0x69,0x74,0x73,0x40,0x66,0x69,0x6C,0x65,0x73,0x79,0x73,0x74,0x65,0x6D,0x32,0x40,0x62,0x6F,0x6F,0x73,0x74,0x40,0x40,0x40,0x66,0x69,0x6C,0x65,0x73,0x79,0x73,0x74,0x65,0x6D,0x32,0x40,0x62,0x6F,0x6F,0x73,0x74,0x40,0x40,0x40,
0x66,0x69,0x6C,0x65,0x73,0x79,0x73,0x74,0x65,0x6D,0x32,0x40,0x62,0x6F,0x6F,0x73,0x74,0x40,0x40,0x00,0x00,0x00,0x00,0x00,0x00,0x00,0xE0,0x23,0x4D,0x10,0x00,0x00,0x00,0x00,0x2E,0x3F,0x41,0x55,0x3F,0x24,0x65,0x72,0x72,0x6F,0x72,0x5F,0x69,0x6E,0x66,0x6F,
0x5F,0x69,0x6E,0x6A,0x65,0x63,0x74,0x6F,0x72,0x40,0x56,0x3F,0x24,0x62,0x61,0x73,0x69,0x63,0x5F,0x66,0x69,0x6C,0x65,0x73,0x79,0x73,0x74,0x65,0x6D,0x5F,0x65,0x72,0x72,0x6F,0x72,0x40,0x56,0x3F,0x24,0x62,0x61,0x73,0x69,0x63,0x5F,0x70,0x61,0x74,0x68,0x40,
0x56,0x3F,0x24,0x62,0x61,0x73,0x69,0x63,0x5F,0x73,0x74,0x72,0x69,0x6E,0x67,0x40,0x44,0x55,0x3F,0x24,0x63,0x68,0x61,0x72,0x5F,0x74,0x72,0x61,0x69,0x74,0x73,0x40,0x44,0x40,0x73,0x74,0x64,0x40,0x40,0x56,0x3F,0x24,0x61,0x6C,0x6C,0x6F,0x63,0x61,0x74,0x6F,
0x72,0x40,0x44,0x40,0x32,0x40,0x40,0x73,0x74,0x64,0x40,0x40,0x55,0x70,0x61,0x74,0x68,0x5F,0x74,0x72,0x61,0x69,0x74,0x73,0x40,0x66,0x69,0x6C,0x65,0x73,0x79,0x73,0x74,0x65,0x6D,0x32,0x40,0x62,0x6F,0x6F,0x73,0x74,0x40,0x40,0x40,0x66,0x69,0x6C,0x65,0x73,
0x79,0x73,0x74,0x65,0x6D,0x32,0x40,0x62,0x6F,0x6F,0x73,0x74,0x40,0x40,0x40,0x66,0x69,0x6C,0x65,0x73,0x79,0x73,0x74,0x65,0x6D,0x32,0x40,0x62,0x6F,0x6F,0x73,0x74,0x40,0x40,0x40,0x65,0x78,0x63,0x65,0x70,0x74,0x69,0x6F,0x6E,0x5F,0x64,0x65,0x74,0x61,0x69,
0x6C,0x40,0x62,0x6F,0x6F,0x73,0x74,0x40,0x40,0x00,0x00,0x00,0x00,0x00,0x00,0x00,0xE0,0x23,0x4D,0x10,0x00,0x00,0x00,0x00,0x2E,0x3F,0x41,0x56,0x3F,0x24,0x63,0x6C,0x6F,0x6E,0x65,0x5F,0x69,0x6D,0x70,0x6C,0x40,0x55,0x3F,0x24,0x65,0x72,0x72,0x6F,0x72,0x5F,
0x69,0x6E,0x66,0x6F,0x5F,0x69,0x6E,0x6A,0x65,0x63,0x74,0x6F,0x72,0x40,0x56,0x3F,0x24,0x62,0x61,0x73,0x69,0x63,0x5F,0x66,0x69,0x6C,0x65,0x73,0x79,0x73,0x74,0x65,0x6D,0x5F,0x65,0x72,0x72,0x6F,0x72,0x40,0x56,0x3F,0x24,0x62,0x61,0x73,0x69,0x63,0x5F,0x70,
0x61,0x74,0x68,0x40,0x56,0x3F,0x24,0x62,0x61,0x73,0x69,0x63,0x5F,0x73,0x74,0x72,0x69,0x6E,0x67,0x40,0x44,0x55,0x3F,0x24,0x63,0x68,0x61,0x72,0x5F,0x74,0x72,0x61,0x69,0x74,0x73,0x40,0x44,0x40,0x73,0x74,0x64,0x40,0x40,0x56,0x3F,0x24,0x61,0x6C,0x6C,0x6F,
0x63,0x61,0x74,0x6F,0x72,0x40,0x44,0x40,0x32,0x40,0x40,0x73,0x74,0x64,0x40,0x40,0x55,0x70,0x61,0x74,0x68,0x5F,0x74,0x72,0x61,0x69,0x74,0x73,0x40,0x66,0x69,0x6C,0x65,0x73,0x79,0x73,0x74,0x65,0x6D,0x32,0x40,0x62,0x6F,0x6F,0x73,0x74,0x40,0x40,0x40,0x66,
0x69,0x6C,0x65,0x73,0x79,0x73,0x74,0x65,0x6D,0x32,0x40,0x62,0x6F,0x6F,0x73,0x74,0x40,0x40,0x40,0x66,0x69,0x6C,0x65,0x73,0x79,0x73,0x74,0x65,0x6D,0x32,0x40,0x62,0x6F,0x6F,0x73,0x74,0x40,0x40,0x40,0x65,0x78,0x63,0x65,0x70,0x74,0x69,0x6F,0x6E,0x5F,0x64,
0x65,0x74,0x61,0x69,0x6C,0x40,0x62,0x6F,0x6F,0x73,0x74,0x40,0x40,0x40,0x65,0x78,0x63,0x65,0x70,0x74,0x69,0x6F,0x6E,0x5F,0x64,0x65,0x74,0x61,0x69,0x6C,0x40,0x62,0x6F,0x6F,0x73,0x74,0x40,0x40,0x00,0x00,0x00,0x00,0xE0,0x23,0x4D,0x10,0x00,0x00,0x00,0x00,
0x2E,0x3F,0x41,0x56,0x43,0x6E,0x53,0x74,0x64,0x4F,0x75,0x74,0x70,0x75,0x74,0x40,0x4C,0x6F,0x67,0x67,0x65,0x72,0x40,0x50,0x49,0x40,0x40,0x00,0xE0,0x23,0x4D,0x10,0x00,0x00,0x00,0x00,0x2E,0x3F,0x41,0x56,0x43,0x6E,0x57,0x69,0x6E,0x44,0x65,0x62,0x75,0x67,
0x4F,0x75,0x74,0x70,0x75,0x74,0x40,0x4C,0x6F,0x67,0x67,0x65,0x72,0x40,0x50,0x49,0x40,0x40,0x00,0x00,0x00,0x00,0xA8,0x3F,0x4A,0x10,0xA4,0x3F,0x4A,0x10,0xE0,0x23,0x4D,0x10,0x00,0x00,0x00,0x00,0x2E,0x3F,0x41,0x56,0x3F,0x24,0x63,0x6F,0x64,0x65,0x63,0x76,
0x74,0x40,0x5F,0x57,0x44,0x48,0x40,0x73,0x74,0x64,0x40,0x40,0x00,0x00,0x00,0x00,0xE0,0x23,0x4D,0x10,0x00,0x00,0x00,0x00,0x2E,0x3F,0x41,0x56,0x77,0x69,0x6E,0x64,0x6F,0x77,0x73,0x5F,0x66,0x69,0x6C,0x65,0x5F,0x63,0x6F,0x64,0x65,0x63,0x76,0x74,0x40,0x40,
0x00,0x00,0xE0,0x23,0x4D,0x10,0x00,0x00,0x00,0x00,0x2E,0x3F,0x41,0x56,0x5F,0x4C,0x6F,0x63,0x69,0x6D,0x70,0x40,0x6C,0x6F,0x63,0x61,0x6C,0x65,0x40,0x73,0x74,0x64,0x40,0x40,0x00,0x00,0x00,0x00,0xE0,0x23,0x4D,0x10,0x00,0x00,0x00,0x00,0x2E,0x3F,0x41,0x56,
0x3F,0x24,0x73,0x70,0x5F,0x63,0x6F,0x75,0x6E,0x74,0x65,0x64,0x5F,0x69,0x6D,0x70,0x6C,0x5F,0x70,0x40,0x55,0x64,0x69,0x72,0x5F,0x69,0x74,0x72,0x5F,0x69,0x6D,0x70,0x40,0x64,0x65,0x74,0x61,0x69,0x6C,0x40,0x66,0x69,0x6C,0x65,0x73,0x79,0x73,0x74,0x65,0x6D,
0x33,0x40,0x62,0x6F,0x6F,0x73,0x74,0x40,0x40,0x40,0x64,0x65,0x74,0x61,0x69,0x6C,0x40,0x62,0x6F,0x6F,0x73,0x74,0x40,0x40,0x00,0x00,0xE0,0x23,0x4D,0x10,0x00,0x00,0x00,0x00,0x2E,0x3F,0x41,0x56,0x3F,0x24,0x73,0x70,0x5F,0x63,0x6F,0x75,0x6E,0x74,0x65,0x64,
0x5F,0x69,0x6D,0x70,0x6C,0x5F,0x70,0x40,0x55,0x6D,0x5F,0x69,0x6D,0x70,0x40,0x66,0x69,0x6C,0x65,0x73,0x79,0x73,0x74,0x65,0x6D,0x5F,0x65,0x72,0x72,0x6F,0x72,0x40,0x66,0x69,0x6C,0x65,0x73,0x79,0x73,0x74,0x65,0x6D,0x33,0x40,0x62,0x6F,0x6F,0x73,0x74,0x40,
0x40,0x40,0x64,0x65,0x74,0x61,0x69,0x6C,0x40,0x62,0x6F,0x6F,0x73,0x74,0x40,0x40,0x00,0x00,0x00,0x00,0x00,0x00,0xE0,0x23,0x4D,0x10,0x00,0x00,0x00,0x00,0x2E,0x3F,0x41,0x56,0x3F,0x24,0x73,0x70,0x5F,0x63,0x6F,0x75,0x6E,0x74,0x65,0x64,0x5F,0x69,0x6D,0x70,
0x6C,0x5F,0x70,0x40,0x56,0x3F,0x24,0x64,0x69,0x72,0x5F,0x69,0x74,0x72,0x5F,0x69,0x6D,0x70,0x40,0x56,0x3F,0x24,0x62,0x61,0x73,0x69,0x63,0x5F,0x70,0x61,0x74,0x68,0x40,0x56,0x3F,0x24,0x62,0x61,0x73,0x69,0x63,0x5F,0x73,0x74,0x72,0x69,0x6E,0x67,0x40,0x5F,
0x57,0x55,0x3F,0x24,0x63,0x68,0x61,0x72,0x5F,0x74,0x72,0x61,0x69,0x74,0x73,0x40,0x5F,0x57,0x40,0x73,0x74,0x64,0x40,0x40,0x56,0x3F,0x24,0x61,0x6C,0x6C,0x6F,0x63,0x61,0x74,0x6F,0x72,0x40,0x5F,0x57,0x40,0x32,0x40,0x40,0x73,0x74,0x64,0x40,0x40,0x55,0x77,
0x70,0x61,0x74,0x68,0x5F,0x74,0x72,0x61,0x69,0x74,0x73,0x40,0x66,0x69,0x6C,0x65,0x73,0x79,0x73,0x74,0x65,0x6D,0x32,0x40,0x62,0x6F,0x6F,0x73,0x74,0x40,0x40,0x40,0x66,0x69,0x6C,0x65,0x73,0x79,0x73,0x74,0x65,0x6D,0x32,0x40,0x62,0x6F,0x6F,0x73,0x74,0x40,
0x40,0x40,0x64,0x65,0x74,0x61,0x69,0x6C,0x40,0x66,0x69,0x6C,0x65,0x73,0x79,0x73,0x74,0x65,0x6D,0x32,0x40,0x62,0x6F,0x6F,0x73,0x74,0x40,0x40,0x40,0x64,0x65,0x74,0x61,0x69,0x6C,0x40,0x62,0x6F,0x6F,0x73,0x74,0x40,0x40,0x00,0x00,0x00,0xE0,0x23,0x4D,0x10,
0x00,0x00,0x00,0x00,0x2E,0x3F,0x41,0x56,0x3F,0x24,0x73,0x70,0x5F,0x63,0x6F,0x75,0x6E,0x74,0x65,0x64,0x5F,0x69,0x6D,0x70,0x6C,0x5F,0x70,0x40,0x55,0x6D,0x5F,0x69,0x6D,0x70,0x40,0x3F,0x24,0x62,0x61,0x73,0x69,0x63,0x5F,0x66,0x69,0x6C,0x65,0x73,0x79,0x73,
0x74,0x65,0x6D,0x5F,0x65,0x72,0x72,0x6F,0x72,0x40,0x56,0x3F,0x24,0x62,0x61,0x73,0x69,0x63,0x5F,0x70,0x61,0x74,0x68,0x40,0x56,0x3F,0x24,0x62,0x61,0x73,0x69,0x63,0x5F,0x73,0x74,0x72,0x69,0x6E,0x67,0x40,0x5F,0x57,0x55,0x3F,0x24,0x63,0x68,0x61,0x72,0x5F,
0x74,0x72,0x61,0x69,0x74,0x73,0x40,0x5F,0x57,0x40,0x73,0x74,0x64,0x40,0x40,0x56,0x3F,0x24,0x61,0x6C,0x6C,0x6F,0x63,0x61,0x74,0x6F,0x72,0x40,0x5F,0x57,0x40,0x32,0x40,0x40,0x73,0x74,0x64,0x40,0x40,0x55,0x77,0x70,0x61,0x74,0x68,0x5F,0x74,0x72,0x61,0x69,
0x74,0x73,0x40,0x66,0x69,0x6C,0x65,0x73,0x79,0x73,0x74,0x65,0x6D,0x32,0x40,0x62,0x6F,0x6F,0x73,0x74,0x40,0x40,0x40,0x66,0x69,0x6C,0x65,0x73,0x79,0x73,0x74,0x65,0x6D,0x32,0x40,0x62,0x6F,0x6F,0x73,0x74,0x40,0x40,0x40,0x66,0x69,0x6C,0x65,0x73,0x79,0x73,
0x74,0x65,0x6D,0x32,0x40,0x62,0x6F,0x6F,0x73,0x74,0x40,0x40,0x40,0x64,0x65,0x74,0x61,0x69,0x6C,0x40,0x62,0x6F,0x6F,0x73,0x74,0x40,0x40,0x00,0xE0,0x23,0x4D,0x10,0x00,0x00,0x00,0x00,0x2E,0x3F,0x41,0x56,0x3F,0x24,0x62,0x61,0x73,0x69,0x63,0x5F,0x66,0x69,
0x6C,0x65,0x73,0x79,0x73,0x74,0x65,0x6D,0x5F,0x65,0x72,0x72,0x6F,0x72,0x40,0x56,0x3F,0x24,0x62,0x61,0x73,0x69,0x63,0x5F,0x70,0x61,0x74,0x68,0x40,0x56,0x3F,0x24,0x62,0x61,0x73,0x69,0x63,0x5F,0x73,0x74,0x72,0x69,0x6E,0x67,0x40,0x5F,0x57,0x55,0x3F,0x24,
0x63,0x68,0x61,0x72,0x5F,0x74,0x72,0x61,0x69,0x74,0x73,0x40,0x5F,0x57,0x40,0x73,0x74,0x64,0x40,0x40,0x56,0x3F,0x24,0x61,0x6C,0x6C,0x6F,0x63,0x61,0x74,0x6F,0x72,0x40,0x5F,0x57,0x40,0x32,0x40,0x40,0x73,0x74,0x64,0x40,0x40,0x55,0x77,0x70,0x61,0x74,0x68,
0x5F,0x74,0x72,0x61,0x69,0x74,0x73,0x40,0x66,0x69,0x6C,0x65,0x73,0x79,0x73,0x74,0x65,0x6D,0x32,0x40,0x62,0x6F,0x6F,0x73,0x74,0x40,0x40,0x40,0x66,0x69,0x6C,0x65,0x73,0x79,0x73,0x74,0x65,0x6D,0x32,0x40,0x62,0x6F,0x6F,0x73,0x74,0x40,0x40,0x40,0x66,0x69,
0x6C,0x65,0x73,0x79,0x73,0x74,0x65,0x6D,0x32,0x40,0x62,0x6F,0x6F,0x73,0x74,0x40,0x40,0x00,0x00,0x00,0xE0,0x23,0x4D,0x10,0x00,0x00,0x00,0x00,0x2E,0x3F,0x41,0x55,0x3F,0x24,0x65,0x72,0x72,0x6F,0x72,0x5F,0x69,0x6E,0x66,0x6F,0x5F,0x69,0x6E,0x6A,0x65,0x63,
0x74,0x6F,0x72,0x40,0x56,0x3F,0x24,0x62,0x61,0x73,0x69,0x63,0x5F,0x66,0x69,0x6C,0x65,0x73,0x79,0x73,0x74,0x65,0x6D,0x5F,0x65,0x72,0x72,0x6F,0x72,0x40,0x56,0x3F,0x24,0x62,0x61,0x73,0x69,0x63,0x5F,0x70,0x61,0x74,0x68,0x40,0x56,0x3F,0x24,0x62,0x61,0x73,
0x69,0x63,0x5F,0x73,0x74,0x72,0x69,0x6E,0x67,0x40,0x5F,0x57,0x55,0x3F,0x24,0x63,0x68,0x61,0x72,0x5F,0x74,0x72,0x61,0x69,0x74,0x73,0x40,0x5F,0x57,0x40,0x73,0x74,0x64,0x40,0x40,0x56,0x3F,0x24,0x61,0x6C,0x6C,0x6F,0x63,0x61,0x74,0x6F,0x72,0x40,0x5F,0x57,
0x40,0x32,0x40,0x40,0x73,0x74,0x64,0x40,0x40,0x55,0x77,0x70,0x61,0x74,0x68,0x5F,0x74,0x72,0x61,0x69,0x74,0x73,0x40,0x66,0x69,0x6C,0x65,0x73,0x79,0x73,0x74,0x65,0x6D,0x32,0x40,0x62,0x6F,0x6F,0x73,0x74,0x40,0x40,0x40,0x66,0x69,0x6C,0x65,0x73,0x79,0x73,
0x74,0x65,0x6D,0x32,0x40,0x62,0x6F,0x6F,0x73,0x74,0x40,0x40,0x40,0x66,0x69,0x6C,0x65,0x73,0x79,0x73,0x74,0x65,0x6D,0x32,0x40,0x62,0x6F,0x6F,0x73,0x74,0x40,0x40,0x40,0x65,0x78,0x63,0x65,0x70,0x74,0x69,0x6F,0x6E,0x5F,0x64,0x65,0x74,0x61,0x69,0x6C,0x40,
0x62,0x6F,0x6F,0x73,0x74,0x40,0x40,0x00,0x00,0x00,0xE0,0x23,0x4D,0x10,0x00,0x00,0x00,0x00,0x2E,0x3F,0x41,0x56,0x3F,0x24,0x63,0x6C,0x6F,0x6E,0x65,0x5F,0x69,0x6D,0x70,0x6C,0x40,0x55,0x3F,0x24,0x65,0x72,0x72,0x6F,0x72,0x5F,0x69,0x6E,0x66,0x6F,0x5F,0x69,
0x6E,0x6A,0x65,0x63,0x74,0x6F,0x72,0x40,0x56,0x3F,0x24,0x62,0x61,0x73,0x69,0x63,0x5F,0x66,0x69,0x6C,0x65,0x73,0x79,0x73,0x74,0x65,0x6D,0x5F,0x65,0x72,0x72,0x6F,0x72,0x40,0x56,0x3F,0x24,0x62,0x61,0x73,0x69,0x63,0x5F,0x70,0x61,0x74,0x68,0x40,0x56,0x3F,
0x24,0x62,0x61,0x73,0x69,0x63,0x5F,0x73,0x74,0x72,0x69,0x6E,0x67,0x40,0x5F,0x57,0x55,0x3F,0x24,0x63,0x68,0x61,0x72,0x5F,0x74,0x72,0x61,0x69,0x74,0x73,0x40,0x5F,0x57,0x40,0x73,0x74,0x64,0x40,0x40,0x56,0x3F,0x24,0x61,0x6C,0x6C,0x6F,0x63,0x61,0x74,0x6F,
0x72,0x40,0x5F,0x57,0x40,0x32,0x40,0x40,0x73,0x74,0x64,0x40,0x40,0x55,0x77,0x70,0x61,0x74,0x68,0x5F,0x74,0x72,0x61,0x69,0x74,0x73,0x40,0x66,0x69,0x6C,0x65,0x73,0x79,0x73,0x74,0x65,0x6D,0x32,0x40,0x62,0x6F,0x6F,0x73,0x74,0x40,0x40,0x40,0x66,0x69,0x6C,
0x65,0x73,0x79,0x73,0x74,0x65,0x6D,0x32,0x40,0x62,0x6F,0x6F,0x73,0x74,0x40,0x40,0x40,0x66,0x69,0x6C,0x65,0x73,0x79,0x73,0x74,0x65,0x6D,0x32,0x40,0x62,0x6F,0x6F,0x73,0x74,0x40,0x40,0x40,0x65,0x78,0x63,0x65,0x70,0x74,0x69,0x6F,0x6E,0x5F,0x64,0x65,0x74,
0x61,0x69,0x6C,0x40,0x62,0x6F,0x6F,0x73,0x74,0x40,0x40,0x40,0x65,0x78,0x63,0x65,0x70,0x74,0x69,0x6F,0x6E,0x5F,0x64,0x65,0x74,0x61,0x69,0x6C,0x40,0x62,0x6F,0x6F,0x73,0x74,0x40,0x40,0x00,0x00,0x00,0x00,0xE0,0x23,0x4D,0x10,0x00,0x00,0x00,0x00,0x2E,0x3F,
0x41,0x56,0x65,0x72,0x72,0x6F,0x72,0x5F,0x63,0x61,0x74,0x65,0x67,0x6F,0x72,0x79,0x40,0x73,0x79,0x73,0x74,0x65,0x6D,0x40,0x62,0x6F,0x6F,0x73,0x74,0x40,0x40,0x00,0x00,0x00,0xE0,0x23,0x4D,0x10,0x00,0x00,0x00,0x00,0x2E,0x3F,0x41,0x56,0x63,0x6F,0x64,0x65,
0x63,0x76,0x74,0x5F,0x65,0x72,0x72,0x6F,0x72,0x5F,0x63,0x61,0x74,0x40,0x3F,0x41,0x30,0x78,0x66,0x35,0x38,0x31,0x30,0x39,0x30,0x36,0x40,0x40,0x00,0x00,0x00,0x00,0x00,0x00,0x00,0x00,0xE0,0x23,0x4D,0x10,0x00,0x00,0x00,0x00,0x2E,0x3F,0x41,0x56,0x3F,0x24,
0x73,0x70,0x5F,0x63,0x6F,0x75,0x6E,0x74,0x65,0x64,0x5F,0x69,0x6D,0x70,0x6C,0x5F,0x70,0x40,0x56,0x3F,0x24,0x62,0x61,0x73,0x69,0x63,0x5F,0x72,0x65,0x67,0x65,0x78,0x5F,0x69,0x6D,0x70,0x6C,0x65,0x6D,0x65,0x6E,0x74,0x61,0x74,0x69,0x6F,0x6E,0x40,0x44,0x55,
0x3F,0x24,0x72,0x65,0x67,0x65,0x78,0x5F,0x74,0x72,0x61,0x69,0x74,0x73,0x40,0x44,0x56,0x3F,0x24,0x77,0x33,0x32,0x5F,0x72,0x65,0x67,0x65,0x78,0x5F,0x74,0x72,0x61,0x69,0x74,0x73,0x40,0x44,0x40,0x62,0x6F,0x6F,0x73,0x74,0x40,0x40,0x40,0x62,0x6F,0x6F,0x73,
0x74,0x40,0x40,0x40,0x72,0x65,0x5F,0x64,0x65,0x74,0x61,0x69,0x6C,0x40,0x62,0x6F,0x6F,0x73,0x74,0x40,0x40,0x40,0x64,0x65,0x74,0x61,0x69,0x6C,0x40,0x62,0x6F,0x6F,0x73,0x74,0x40,0x40,0x00,0x00,0xE0,0x23,0x4D,0x10,0x00,0x00,0x00,0x00,0x2E,0x3F,0x41,0x56,
0x3F,0x24,0x73,0x70,0x5F,0x63,0x6F,0x75,0x6E,0x74,0x65,0x64,0x5F,0x69,0x6D,0x70,0x6C,0x5F,0x70,0x40,0x55,0x3F,0x24,0x72,0x65,0x67,0x65,0x78,0x5F,0x74,0x72,0x61,0x69,0x74,0x73,0x5F,0x77,0x72,0x61,0x70,0x70,0x65,0x72,0x40,0x55,0x3F,0x24,0x72,0x65,0x67,
0x65,0x78,0x5F,0x74,0x72,0x61,0x69,0x74,0x73,0x40,0x44,0x56,0x3F,0x24,0x77,0x33,0x32,0x5F,0x72,0x65,0x67,0x65,0x78,0x5F,0x74,0x72,0x61,0x69,0x74,0x73,0x40,0x44,0x40,0x62,0x6F,0x6F,0x73,0x74,0x40,0x40,0x40,0x62,0x6F,0x6F,0x73,0x74,0x40,0x40,0x40,0x62,
0x6F,0x6F,0x73,0x74,0x40,0x40,0x40,0x64,0x65,0x74,0x61,0x69,0x6C,0x40,0x62,0x6F,0x6F,0x73,0x74,0x40,0x40,0x00,0x00,0x00,0xE0,0x23,0x4D,0x10,0x00,0x00,0x00,0x00,0x2E,0x3F,0x41,0x56,0x3F,0x24,0x73,0x70,0x5F,0x63,0x6F,0x75,0x6E,0x74,0x65,0x64,0x5F,0x69,
0x6D,0x70,0x6C,0x5F,0x70,0x40,0x56,0x3F,0x24,0x77,0x33,0x32,0x5F,0x72,0x65,0x67,0x65,0x78,0x5F,0x74,0x72,0x61,0x69,0x74,0x73,0x5F,0x69,0x6D,0x70,0x6C,0x65,0x6D,0x65,0x6E,0x74,0x61,0x74,0x69,0x6F,0x6E,0x40,0x44,0x40,0x72,0x65,0x5F,0x64,0x65,0x74,0x61,
0x69,0x6C,0x40,0x62,0x6F,0x6F,0x73,0x74,0x40,0x40,0x40,0x64,0x65,0x74,0x61,0x69,0x6C,0x40,0x62,0x6F,0x6F,0x73,0x74,0x40,0x40,0x00,0x00,0x00,0xE0,0x23,0x4D,0x10,0x00,0x00,0x00,0x00,0x2E,0x3F,0x41,0x55,0x3F,0x24,0x65,0x72,0x72,0x6F,0x72,0x5F,0x69,0x6E,
0x66,0x6F,0x5F,0x69,0x6E,0x6A,0x65,0x63,0x74,0x6F,0x72,0x40,0x56,0x69,0x6E,0x76,0x61,0x6C,0x69,0x64,0x5F,0x61,0x72,0x67,0x75,0x6D,0x65,0x6E,0x74,0x40,0x73,0x74,0x64,0x40,0x40,0x40,0x65,0x78,0x63,0x65,0x70,0x74,0x69,0x6F,0x6E,0x5F,0x64,0x65,0x74,0x61,
0x69,0x6C,0x40,0x62,0x6F,0x6F,0x73,0x74,0x40,0x40,0x00,0x00,0x00,0x00,0x00,0x00,0xE0,0x23,0x4D,0x10,0x00,0x00,0x00,0x00,0x2E,0x3F,0x41,0x56,0x3F,0x24,0x63,0x6C,0x6F,0x6E,0x65,0x5F,0x69,0x6D,0x70,0x6C,0x40,0x55,0x3F,0x24,0x65,0x72,0x72,0x6F,0x72,0x5F,
0x69,0x6E,0x66,0x6F,0x5F,0x69,0x6E,0x6A,0x65,0x63,0x74,0x6F,0x72,0x40,0x56,0x69,0x6E,0x76,0x61,0x6C,0x69,0x64,0x5F,0x61,0x72,0x67,0x75,0x6D,0x65,0x6E,0x74,0x40,0x73,0x74,0x64,0x40,0x40,0x40,0x65,0x78,0x63,0x65,0x70,0x74,0x69,0x6F,0x6E,0x5F,0x64,0x65,
0x74,0x61,0x69,0x6C,0x40,0x62,0x6F,0x6F,0x73,0x74,0x40,0x40,0x40,0x65,0x78,0x63,0x65,0x70,0x74,0x69,0x6F,0x6E,0x5F,0x64,0x65,0x74,0x61,0x69,0x6C,0x40,0x62,0x6F,0x6F,0x73,0x74,0x40,0x40,0x00,0x00,0x00,0xF8,0x46,0x4A,0x10,0x50,0x46,0x4A,0x10,0x98,0x49,
0x4A,0x10,0xB8,0x4D,0x4A,0x10,0x98,0x4F,0x4A,0x10,0xB8,0x4F,0x4A,0x10,0xE0,0x23,0x4D,0x10,0x00,0x00,0x00,0x00,0x2E,0x3F,0x41,0x56,0x72,0x65,0x67,0x65,0x78,0x5F,0x65,0x72,0x72,0x6F,0x72,0x40,0x62,0x6F,0x6F,0x73,0x74,0x40,0x40,0x00,0x00,0x00,0x00,0x00,
0xE0,0x23,0x4D,0x10,0x00,0x00,0x00,0x00,0x2E,0x3F,0x41,0x55,0x3F,0x24,0x65,0x72,0x72,0x6F,0x72,0x5F,0x69,0x6E,0x66,0x6F,0x5F,0x69,0x6E,0x6A,0x65,0x63,0x74,0x6F,0x72,0x40,0x56,0x72,0x65,0x67,0x65,0x78,0x5F,0x65,0x72,0x72,0x6F,0x72,0x40,0x62,0x6F,0x6F,
0x73,0x74,0x40,0x40,0x40,0x65,0x78,0x63,0x65,0x70,0x74,0x69,0x6F,0x6E,0x5F,0x64,0x65,0x74,0x61,0x69,0x6C,0x40,0x62,0x6F,0x6F,0x73,0x74,0x40,0x40,0x00,0xE0,0x23,0x4D,0x10,0x00,0x00,0x00,0x00,0x2E,0x3F,0x41,0x56,0x3F,0x24,0x63,0x6C,0x6F,0x6E,0x65,0x5F,
0x69,0x6D,0x70,0x6C,0x40,0x55,0x3F,0x24,0x65,0x72,0x72,0x6F,0x72,0x5F,0x69,0x6E,0x66,0x6F,0x5F,0x69,0x6E,0x6A,0x65,0x63,0x74,0x6F,0x72,0x40,0x56,0x72,0x65,0x67,0x65,0x78,0x5F,0x65,0x72,0x72,0x6F,0x72,0x40,0x62,0x6F,0x6F,0x73,0x74,0x40,0x40,0x40,0x65,
0x78,0x63,0x65,0x70,0x74,0x69,0x6F,0x6E,0x5F,0x64,0x65,0x74,0x61,0x69,0x6C,0x40,0x62,0x6F,0x6F,0x73,0x74,0x40,0x40,0x40,0x65,0x78,0x63,0x65,0x70,0x74,0x69,0x6F,0x6E,0x5F,0x64,0x65,0x74,0x61,0x69,0x6C,0x40,0x62,0x6F,0x6F,0x73,0x74,0x40,0x40,0x00,0x00,
0xE0,0x23,0x4D,0x10,0x00,0x00,0x00,0x00,0x2E,0x3F,0x41,0x56,0x3F,0x24,0x73,0x70,0x5F,0x63,0x6F,0x75,0x6E,0x74,0x65,0x64,0x5F,0x69,0x6D,0x70,0x6C,0x5F,0x70,0x64,0x40,0x50,0x41,0x55,0x48,0x49,0x4E,0x53,0x54,0x41,0x4E,0x43,0x45,0x5F,0x5F,0x40,0x40,0x50,
0x36,0x41,0x58,0x50,0x41,0x58,0x40,0x5A,0x40,0x64,0x65,0x74,0x61,0x69,0x6C,0x40,0x62,0x6F,0x6F,0x73,0x74,0x40,0x40,0x00,0x00,0x00,0xE0,0x23,0x4D,0x10,0x00,0x00,0x00,0x00,0x2E,0x50,0x36,0x41,0x58,0x50,0x41,0x58,0x40,0x5A,0x00,0x00,0xD0,0x57,0x4A,0x10,
0xCC,0x57,0x4A,0x10,0xC8,0x57,0x4A,0x10,0xC4,0x57,0x4A,0x10,0xC0,0x57,0x4A,0x10,0xBC,0x57,0x4A,0x10,0xB8,0x57,0x4A,0x10,0xB0,0x57,0x4A,0x10,0xA4,0x57,0x4A,0x10,0xA0,0x57,0x4A,0x10,0x98,0x57,0x4A,0x10,0x88,0x57,0x4A,0x10,0x7C,0x57,0x4A,0x10,0x6C,0x57,
0x4A,0x10,0x68,0x57,0x4A,0x10,0x64,0x57,0x4A,0x10,0x60,0x57,0x4A,0x10,0x5C,0x57,0x4A,0x10,0x58,0x57,0x4A,0x10,0x54,0x57,0x4A,0x10,0x50,0x57,0x4A,0x10,0x4C,0x57,0x4A,0x10,0x48,0x57,0x4A,0x10,0x44,0x57,0x4A,0x10,0x40,0x57,0x4A,0x10,0x3C,0x57,0x4A,0x10,
0x38,0x57,0x4A,0x10,0x34,0x57,0x4A,0x10,0x30,0x57,0x4A,0x10,0x2C,0x57,0x4A,0x10,0x28,0x57,0x4A,0x10,0x24,0x57,0x4A,0x10,0x1C,0x57,0x4A,0x10,0x08,0x57,0x4A,0x10,0xF8,0x56,0x4A,0x10,0xEC,0x56,0x4A,0x10,0xE0,0x56,0x4A,0x10,0xD0,0x56,0x4A,0x10,0xC4,0x56,
0x4A,0x10,0xB8,0x56,0x4A,0x10,0xA4,0x56,0x4A,0x10,0x90,0x56,0x4A,0x10,0x84,0x56,0x4A,0x10,0x78,0x56,0x4A,0x10,0x70,0x56,0x4A,0x10,0x68,0x56,0x4A,0x10,0x60,0x56,0x4A,0x10,0x58,0x56,0x4A,0x10,0x50,0x56,0x4A,0x10,0x4C,0x56,0x4A,0x10,0x48,0x56,0x4A,0x10,
0x40,0x56,0x4A,0x10,0x38,0x56,0x4A,0x10,0x30,0x56,0x4A,0x10,0x2C,0x56,0x4A,0x10,0x24,0x56,0x4A,0x10,0x1C,0x56,0x4A,0x10,0x14,0x56,0x4A,0x10,0x0C,0x56,0x4A,0x10,0x00,0x56,0x4A,0x10,0xF0,0x55,0x4A,0x10,0xE4,0x55,0x4A,0x10,0xD0,0x55,0x4A,0x10,0xC0,0x55,
0x4A,0x10,0xB0,0x55,0x4A,0x10,0xD4,0xB2,0x46,0x10,0xFC,0xB2,0x46,0x10,0xF8,0xB2,0x46,0x10,0xF0,0xB2,0x46,0x10,0xB0,0xB2,0x46,0x10,0xAC,0x55,0x4A,0x10,0xB4,0xB2,0x46,0x10,0xA8,0x55,0x4A,0x10,0xB8,0xB2,0x46,0x10,0xA4,0x55,0x4A,0x10,0xA0,0x55,0x4A,0x10,
0x9C,0x55,0x4A,0x10,0x98,0x55,0x4A,0x10,0x94,0x55,0x4A,0x10,0x5C,0x93,0x48,0x10,0xBC,0xB2,0x46,0x10,0x90,0x55,0x4A,0x10,0x8C,0x55,0x4A,0x10,0xCC,0xB2,0x46,0x10,0x94,0x61,0x46,0x10,0x88,0x55,0x4A,0x10,0x84,0x55,0x4A,0x10,0x80,0x55,0x4A,0x10,0x68,0x54,
0x46,0x10,0x7C,0x55,0x4A,0x10,0x78,0x55,0x4A,0x10,0x64,0x55,0x4A,0x10,0x58,0x55,0x4A,0x10,0x40,0x55,0x4A,0x10,0x34,0x55,0x4A,0x10,0x28,0x55,0x4A,0x10,0x18,0x55,0x4A,0x10,0xEC,0xB2,0x46,0x10,0xDC,0xB2,0x46,0x10,0x10,0xB3,0x46,0x10,0xA8,0xB2,0x46,0x10,
0xE4,0xB2,0x46,0x10,0x20,0xB3,0x46,0x10,0x14,0x55,0x4A,0x10,0x40,0x93,0x48,0x10,0x00,0xB3,0x46,0x10,0x10,0x55,0x4A,0x10,0xD8,0xB2,0x46,0x10,0xD0,0xB2,0x46,0x10,0xC0,0xB2,0x46,0x10,0xE0,0xB2,0x46,0x10,0x04,0xB3,0x46,0x10,0x08,0xB3,0x46,0x10,0x0C,0x55,
0x4A,0x10,0x1C,0xB3,0x46,0x10,0xC4,0xB2,0x46,0x10,0xE8,0xB2,0x46,0x10,0x0C,0xB3,0x46,0x10,0x18,0xB3,0x46,0x10,0x08,0x55,0x4A,0x10,0x04,0x55,0x4A,0x10,0xC8,0xB2,0x46,0x10,0x4C,0x93,0x48,0x10,0xF0,0x54,0x4A,0x10,0xE0,0x54,0x4A,0x10,0xCC,0x54,0x4A,0x10,
0xC4,0x54,0x4A,0x10,0xDC,0x53,0x46,0x10,0xC4,0x8E,0x45,0x10,0x00,0x00,0x00,0x00,0xC0,0x54,0x4A,0x10,0xBC,0x54,0x4A,0x10,0xB8,0x54,0x4A,0x10,0xB4,0x54,0x4A,0x10,0xB0,0x54,0x4A,0x10,0xAC,0x54,0x4A,0x10,0xA8,0x54,0x4A,0x10,0xA4,0x54,0x4A,0x10,0xA0,0x54,
0x4A,0x10,0x9C,0x54,0x4A,0x10,0x98,0x54,0x4A,0x10,0x94,0x54,0x4A,0x10,0x90,0x54,0x4A,0x10,0x8C,0x54,0x4A,0x10,0x88,0x54,0x4A,0x10,0x84,0x54,0x4A,0x10,0x80,0x54,0x4A,0x10,0x7C,0x54,0x4A,0x10,0x78,0x54,0x4A,0x10,0x74,0x54,0x4A,0x10,0x70,0x54,0x4A,0x10,
0xC4,0x8E,0x45,0x10,0x00,0x00,0x00,0x00,0x00,0x00,0x00,0x00,0x00,0x00,0x00,0x00,0x00,0x00,0x00,0x00,0x00,0x00,0x00,0x00,0x00,0x00,0x00,0x00,0x00,0x00,0x00,0x00,0x00,0x00,0x00,0x00,0x00,0x00,0x00,0x00,0x00,0x00,0x00,0x19,0x01,0x02,0x00,0x07,0x00,0x00,
0x00,0x00,0x11,0x11,0x11,0x11,0x11,0x11,0x11,0x11,0x11,0x11,0x00,0x00,0x14,0x00,0x15,0x08,0x00,0x18,0x13,0x32,0x17,0x2F,0x17,0x34,0x17,0x17,0x17,0x3A,0x17,0x17,0x38,0x17,0x37,0x30,0x3B,0x17,0x17,0x17,0x17,0x17,0x31,0x17,0x33,0x00,0x00,0x00,0x00,0x00,
0x18,0x1C,0x12,0x23,0x16,0x26,0x1D,0x39,0x16,0x16,0x16,0x39,0x16,0x16,0x1E,0x16,0x36,0x16,0x1F,0x16,0x20,0x16,0x21,0x16,0x22,0x16,0x19,0x0F,0x0B,0x10,0x00,0x00,0x00,0x00,0x00,0x00,0x00,0x00,0x00,0x00,0x00,0x00,0x00,0x00,0x00,0x00,0x00,0x00,0x00,0x00,
0x00,0x00,0x00,0x00,0x00,0x00,0x00,0x00,0x00,0x00,0x00,0x00,0x00,0x00,0x00,0x00,0x00,0x00,0x00,0x00,0x00,0x00,0x00,0x00,0x00,0x00,0x00,0x00,0x00,0x00,0x00,0x00,0x00,0x00,0x00,0x00,0x00,0x00,0x00,0x00,0x00,0x00,0x00,0x00,0x00,0x00,0x00,0x00,0x1A,0x00,
0x00,0x00,0x00,0x00,0x00,0x00,0x00,0x00,0x00,0x00,0x00,0x00,0x00,0x00,0x00,0x00,0x00,0x00,0x00,0x00,0x00,0x35,0x00,0x0D,0x03,0x00,0x00,0x19,0x01,0x02,0x06,0x07,0x1B,0x0E,0x05,0x00,0x11,0x11,0x11,0x11,0x11,0x11,0x11,0x11,0x11,0x11,0x24,0x00,0x14,0x25,
0x15,0x08,0x00,0x00,0x00,0x00,0x00,0x00,0x00,0x00,0x00,0x00,0x00,0x00,0x00,0x00,0x00,0x00,0x00,0x00,0x00,0x00,0x00,0x00,0x00,0x00,0x00,0x00,0x00,0x09,0x0C,0x0A,0x04,0x00,0x00,0x00,0x00,0x00,0x00,0x00,0x00,0x00,0x00,0x00,0x00,0x00,0x00,0x00,0x00,0x00,
0x00,0x00,0x00,0x00,0x00,0x00,0x00,0x00,0x00,0x00,0x00,0x0F,0x0B,0x10,0x00,0x00,0x00,0x00,0x00,0x00,0x00,0x00,0x00,0x00,0x00,0x00,0x00,0x00,0x00,0x00,0x00,0x00,0x00,0x00,0x00,0x00,0x00,0x00,0x00,0x00,0x00,0x00,0x00,0x00,0x00,0x00,0x00,0x00,0x00,0x00,
0x00,0x00,0x00,0x00,0x00,0x00,0x00,0x00,0x00,0x00,0x00,0x00,0x00,0x00,0x00,0x00,0x00,0x00,0x00,0x00,0x00,0x00,0xE0,0x23,0x4D,0x10,0x00,0x00,0x00,0x00,0x2E,0x3F,0x41,0x56,0x74,0x68,0x72,0x65,0x61,0x64,0x5F,0x69,0x6E,0x74,0x65,0x72,0x72,0x75,0x70,0x74,
0x65,0x64,0x40,0x62,0x6F,0x6F,0x73,0x74,0x40,0x40,0x00,0x00,0xE0,0x23,0x4D,0x10,0x00,0x00,0x00,0x00,0x2E,0x3F,0x41,0x55,0x65,0x78,0x74,0x65,0x72,0x6E,0x61,0x6C,0x6C,0x79,0x5F,0x6C,0x61,0x75,0x6E,0x63,0x68,0x65,0x64,0x5F,0x74,0x68,0x72,0x65,0x61,0x64,
0x40,0x3F,0x41,0x30,0x78,0x38,0x65,0x66,0x37,0x37,0x38,0x64,0x39,0x40,0x62,0x6F,0x6F,0x73,0x74,0x40,0x40,0x00,0xE0,0x23,0x4D,0x10,0x00,0x00,0x00,0x00,0x2E,0x3F,0x41,0x56,0x73,0x79,0x73,0x74,0x65,0x6D,0x5F,0x65,0x72,0x72,0x6F,0x72,0x5F,0x63,0x61,0x74,
0x65,0x67,0x6F,0x72,0x79,0x40,0x3F,0x41,0x30,0x78,0x31,0x66,0x39,0x65,0x63,0x34,0x66,0x38,0x40,0x40,0x00,0x00,0x00,0x00,0xE0,0x23,0x4D,0x10,0x00,0x00,0x00,0x00,0x2E,0x3F,0x41,0x56,0x67,0x65,0x6E,0x65,0x72,0x69,0x63,0x5F,0x65,0x72,0x72,0x6F,0x72,0x5F,
0x63,0x61,0x74,0x65,0x67,0x6F,0x72,0x79,0x40,0x3F,0x41,0x30,0x78,0x31,0x66,0x39,0x65,0x63,0x34,0x66,0x38,0x40,0x40,0x00,0x00,0x00,0xE0,0x23,0x4D,0x10,0x00,0x00,0x00,0x00,0x2E,0x3F,0x41,0x56,0x43,0x55,0x73,0x62,0x49,0x6F,0x40,0x40,0x00,0x00,0x00,0x00,
0x5E,0x00,0x00,0x00,0xE0,0x23,0x4D,0x10,0x00,0x00,0x00,0x00,0x2E,0x3F,0x41,0x56,0x43,0x55,0x73,0x62,0x49,0x6F,0x50,0x69,0x70,0x65,0x40,0x40,0x00,0x00,0x00,0x00,0xE0,0x23,0x4D,0x10,0x00,0x00,0x00,0x00,0x2E,0x3F,0x41,0x56,0x4C,0x6F,0x67,0x69,0x63,0x45,
0x78,0x63,0x65,0x70,0x74,0x69,0x6F,0x6E,0x49,0x6D,0x70,0x6C,0x40,0x69,0x62,0x70,0x70,0x5F,0x69,0x6E,0x74,0x65,0x72,0x6E,0x61,0x6C,0x73,0x40,0x40,0x00,0xE0,0x23,0x4D,0x10,0x00,0x00,0x00,0x00,0x2E,0x3F,0x41,0x56,0x4C,0x6F,0x67,0x69,0x63,0x45,0x78,0x63,
0x65,0x70,0x74,0x69,0x6F,0x6E,0x40,0x49,0x42,0x50,0x50,0x40,0x40,0x00,0x00,0x00,0xE0,0x23,0x4D,0x10,0x00,0x00,0x00,0x00,0x2E,0x3F,0x41,0x56,0x45,0x78,0x63,0x65,0x70,0x74,0x69,0x6F,0x6E,0x42,0x61,0x73,0x65,0x40,0x69,0x62,0x70,0x70,0x5F,0x69,0x6E,0x74,
0x65,0x72,0x6E,0x61,0x6C,0x73,0x40,0x40,0x00,0x00,0xE0,0x23,0x4D,0x10,0x00,0x00,0x00,0x00,0x2E,0x3F,0x41,0x56,0x49,0x44,0x61,0x74,0x61,0x62,0x61,0x73,0x65,0x40,0x49,0x42,0x50,0x50,0x40,0x40,0x00,0x00,0x00,0x00,0xE0,0x23,0x4D,0x10,0x00,0x00,0x00,0x00,
0x2E,0x3F,0x41,0x56,0x44,0x61,0x74,0x61,0x62,0x61,0x73,0x65,0x49,0x6D,0x70,0x6C,0x40,0x69,0x62,0x70,0x70,0x5F,0x69,0x6E,0x74,0x65,0x72,0x6E,0x61,0x6C,0x73,0x40,0x40,0x00,0x00,0x00,0xE0,0x23,0x4D,0x10,0x00,0x00,0x00,0x00,0x2E,0x3F,0x41,0x56,0x49,0x54,
0x72,0x61,0x6E,0x73,0x61,0x63,0x74,0x69,0x6F,0x6E,0x40,0x49,0x42,0x50,0x50,0x40,0x40,0x00,0xE0,0x23,0x4D,0x10,0x00,0x00,0x00,0x00,0x2E,0x3F,0x41,0x56,0x54,0x72,0x61,0x6E,0x73,0x61,0x63,0x74,0x69,0x6F,0x6E,0x49,0x6D,0x70,0x6C,0x40,0x69,0x62,0x70,0x70,
0x5F,0x69,0x6E,0x74,0x65,0x72,0x6E,0x61,0x6C,0x73,0x40,0x40,0x00,0x00,0x00,0x00,0x00,0x80,0x00,0x00,0xFF,0x7F,0x00,0x00,0x00,0x00,0x00,0x80,0xFF,0xFF,0xFF,0x7F,0x00,0x00,0x00,0x00,0x00,0x00,0x00,0x00,0x00,0x00,0x00,0x00,0x00,0x00,0x00,0x00,0x00,0x00,
0x00,0x00,0x00,0x00,0x00,0x00,0x00,0x00,0x00,0x00,0x00,0x00,0x00,0x00,0x00,0x00,0x00,0x00,0x00,0x00,0x00,0x00,0x0F,0x00,0x00,0x00,0x00,0x00,0x00,0x00,0x00,0x00,0x00,0x00,0x00,0x00,0x00,0x00,0x00,0x00,0x00,0x00,0x00,0x00,0x00,0x00,0x00,0x00,0x00,0x00,
0x00,0x00,0x00,0x00,0x00,0x00,0x00,0x00,0x00,0x00,0x00,0x00,0x00,0x00,0x00,0x00,0x00,0x00,0x00,0x00,0x00,0x00,0x00,0x00,0x00,0x00,0x00,0x00,0x00,0x00,0x00,0x00,0x00,0x00,0x00,0x00,0x00,0x00,0x00,0x00,0x00,0x00,0x00,0x00,0x00,0x00,0x00,0x00,0x00,0x00,
0x00,0x00,0x00,0x00,0x00,0x00,0x00,0x00,0x00,0x00,0x00,0x00,0x00,0x00,0x00,0x00,0x00,0x00,0x00,0x00,0x00,0x00,0x00,0x00,0x00,0x00,0x00,0x00,0x00,0x00,0x00,0x00,0x00,0x00,0x00,0x00,0x00,0x00,0x00,0x00,0x00,0x00,0x00,0x00,0x00,0x00,0x00,0x00,0x00,0x00,
0x00,0x00,0x00,0x00,0x00,0x00,0x00,0x00,0x00,0x00,0x00,0x00,0x00,0x00,0x00,0x00,0x00,0x00,0x00,0x00,0x00,0x00,0x00,0x00,0x00,0x00,0x00,0x00,0x00,0x00,0x00,0x00,0x00,0x00,0x00,0x00,0x00,0x00,0x00,0x00,0x00,0x00,0x00,0x00,0x00,0x00,0x00,0x00,0x00,0x00,
0x00,0x00,0x00,0x00,0x00,0x00,0x00,0x00,0x00,0x00,0x00,0x00,0x00,0x00,0x0F,0x00,0x00,0x00,0x00,0x00,0x00,0x00,0xE0,0x23,0x4D,0x10,0x00,0x00,0x00,0x00,0x2E,0x3F,0x41,0x56,0x53,0x51,0x4C,0x45,0x78,0x63,0x65,0x70,0x74,0x69,0x6F,0x6E,0x40,0x49,0x42,0x50,
0x50,0x40,0x40,0x00,0xE0,0x23,0x4D,0x10,0x00,0x00,0x00,0x00,0x2E,0x3F,0x41,0x56,0x57,0x72,0x6F,0x6E,0x67,0x54,0x79,0x70,0x65,0x40,0x49,0x42,0x50,0x50,0x40,0x40,0x00,0x00,0x00,0x00,0xE0,0x23,0x4D,0x10,0x00,0x00,0x00,0x00,0x2E,0x3F,0x41,0x56,0x53,0x51,
0x4C,0x45,0x78,0x63,0x65,0x70,0x74,0x69,0x6F,0x6E,0x49,0x6D,0x70,0x6C,0x40,0x69,0x62,0x70,0x70,0x5F,0x69,0x6E,0x74,0x65,0x72,0x6E,0x61,0x6C,0x73,0x40,0x40,0x00,0x00,0x00,0xE0,0x23,0x4D,0x10,0x00,0x00,0x00,0x00,0x2E,0x3F,0x41,0x56,0x57,0x72,0x6F,0x6E,
0x67,0x54,0x79,0x70,0x65,0x49,0x6D,0x70,0x6C,0x40,0x69,0x62,0x70,0x70,0x5F,0x69,0x6E,0x74,0x65,0x72,0x6E,0x61,0x6C,0x73,0x40,0x40,0x00,0x00,0xE0,0x23,0x4D,0x10,0x00,0x00,0x00,0x00,0x2E,0x3F,0x41,0x56,0x49,0x53,0x65,0x72,0x76,0x69,0x63,0x65,0x40,0x49,
0x42,0x50,0x50,0x40,0x40,0x00,0xE0,0x23,0x4D,0x10,0x00,0x00,0x00,0x00,0x2E,0x3F,0x41,0x56,0x53,0x65,0x72,0x76,0x69,0x63,0x65,0x49,0x6D,0x70,0x6C,0x40,0x69,0x62,0x70,0x70,0x5F,0x69,0x6E,0x74,0x65,0x72,0x6E,0x61,0x6C,0x73,0x40,0x40,0x00,0x00,0x00,0x00,
0xE0,0x23,0x4D,0x10,0x00,0x00,0x00,0x00,0x2E,0x3F,0x41,0x56,0x49,0x53,0x74,0x61,0x74,0x65,0x6D,0x65,0x6E,0x74,0x40,0x49,0x42,0x50,0x50,0x40,0x40,0x00,0x00,0x00,0xE0,0x23,0x4D,0x10,0x00,0x00,0x00,0x00,0x2E,0x3F,0x41,0x56,0x53,0x74,0x61,0x74,0x65,0x6D,
0x65,0x6E,0x74,0x49,0x6D,0x70,0x6C,0x40,0x69,0x62,0x70,0x70,0x5F,0x69,0x6E,0x74,0x65,0x72,0x6E,0x61,0x6C,0x73,0x40,0x40,0x00,0x00,0xE0,0x23,0x4D,0x10,0x00,0x00,0x00,0x00,0x2E,0x3F,0x41,0x56,0x49,0x42,0x6C,0x6F,0x62,0x40,0x49,0x42,0x50,0x50,0x40,0x40,
0x00,0x00,0x00,0x00,0xE0,0x23,0x4D,0x10,0x00,0x00,0x00,0x00,0x2E,0x3F,0x41,0x56,0x42,0x6C,0x6F,0x62,0x49,0x6D,0x70,0x6C,0x40,0x69,0x62,0x70,0x70,0x5F,0x69,0x6E,0x74,0x65,0x72,0x6E,0x61,0x6C,0x73,0x40,0x40,0x00,0x00,0x00,0xE0,0x23,0x4D,0x10,0x00,0x00,
0x00,0x00,0x2E,0x3F,0x41,0x56,0x49,0x41,0x72,0x72,0x61,0x79,0x40,0x49,0x42,0x50,0x50,0x40,0x40,0x00,0x00,0x00,0xE0,0x23,0x4D,0x10,0x00,0x00,0x00,0x00,0x2E,0x3F,0x41,0x56,0x41,0x72,0x72,0x61,0x79,0x49,0x6D,0x70,0x6C,0x40,0x69,0x62,0x70,0x70,0x5F,0x69,
0x6E,0x74,0x65,0x72,0x6E,0x61,0x6C,0x73,0x40,0x40,0x00,0x00,0xE0,0x23,0x4D,0x10,0x00,0x00,0x00,0x00,0x2E,0x3F,0x41,0x56,0x49,0x45,0x76,0x65,0x6E,0x74,0x73,0x40,0x49,0x42,0x50,0x50,0x40,0x40,0x00,0x00,0xE0,0x23,0x4D,0x10,0x00,0x00,0x00,0x00,0x2E,0x3F,
0x41,0x56,0x45,0x76,0x65,0x6E,0x74,0x73,0x49,0x6D,0x70,0x6C,0x40,0x69,0x62,0x70,0x70,0x5F,0x69,0x6E,0x74,0x65,0x72,0x6E,0x61,0x6C,0x73,0x40,0x40,0x00,0xE0,0x23,0x4D,0x10,0x00,0x00,0x00,0x00,0x2E,0x3F,0x41,0x56,0x49,0x52,0x6F,0x77,0x40,0x49,0x42,0x50,
0x50,0x40,0x40,0x00,0xE0,0x23,0x4D,0x10,0x00,0x00,0x00,0x00,0x2E,0x3F,0x41,0x56,0x52,0x6F,0x77,0x49,0x6D,0x70,0x6C,0x40,0x69,0x62,0x70,0x70,0x5F,0x69,0x6E,0x74,0x65,0x72,0x6E,0x61,0x6C,0x73,0x40,0x40,0x00,0x00,0x00,0x00,0xE0,0x23,0x4D,0x10,0x00,0x00,
0x00,0x00,0x2E,0x3F,0x41,0x56,0x77,0x78,0x48,0x61,0x73,0x68,0x54,0x61,0x62,0x6C,0x65,0x40,0x40,0x00,0x00,0x00,0xE0,0x23,0x4D,0x10,0x00,0x00,0x00,0x00,0x2E,0x3F,0x41,0x56,0x77,0x78,0x48,0x61,0x73,0x68,0x54,0x61,0x62,0x6C,0x65,0x42,0x61,0x73,0x65,0x40,
0x40,0x00,0x00,0x00,0x10,0x27,0x00,0x00,0xE0,0x23,0x4D,0x10,0x00,0x00,0x00,0x00,0x2E,0x3F,0x41,0x56,0x77,0x78,0x45,0x76,0x65,0x6E,0x74,0x40,0x40,0x00,0x00,0x00,0x74,0xA8,0x4A,0x10,0x28,0x00,0x00,0x00,0x30,0xA2,0x27,0x10,0xB0,0x5A,0x57,0x10,0x00,0x00,
0x00,0x00,0x00,0x00,0x00,0x00,0x84,0xA8,0x4A,0x10,0x24,0x00,0x00,0x00,0x00,0x00,0x00,0x00,0xB0,0x5A,0x57,0x10,0x00,0x00,0x00,0x00,0x00,0x00,0x00,0x00,0x00,0x00,0x00,0x00,0x00,0x00,0x00,0x00,0x00,0x00,0x00,0x00,0x00,0x00,0x00,0x00,0xEC,0x5A,0x57,0x10,
0xE0,0x23,0x4D,0x10,0x00,0x00,0x00,0x00,0x2E,0x3F,0x41,0x56,0x77,0x78,0x41,0x70,0x70,0x54,0x72,0x61,0x69,0x74,0x73,0x42,0x61,0x73,0x65,0x40,0x40,0x00,0x00,0x00,0x00,0x00,0x00,0x00,0x40,0x93,0x48,0x10,0xEC,0xA8,0x4A,0x10,0xF4,0xA8,0x4A,0x10,0x03,0x00,
0x00,0x00,0x08,0x00,0x00,0x00,0x00,0x00,0x00,0x00,0x00,0x00,0x00,0x00,0x00,0x00,0x00,0x00,0x00,0x00,0x00,0x00,0x00,0x00,0x00,0x00,0x00,0x00,0x00,0x00,0x00,0x00,0x00,0x00,0x00,0x00,0x00,0x00,0x00,0x00,0x00,0x00,0x00,0x00,0x00,0x00,0x00,0x00,0x00,0x00,
0x00,0x00,0x00,0x00,0xE0,0x23,0x4D,0x10,0x00,0x00,0x00,0x00,0x2E,0x3F,0x41,0x56,0x77,0x78,0x4D,0x65,0x73,0x73,0x61,0x67,0x65,0x4F,0x75,0x74,0x70,0x75,0x74,0x40,0x40,0x00,0x00,0x00,0xE0,0x23,0x4D,0x10,0x00,0x00,0x00,0x00,0x2E,0x3F,0x41,0x56,0x77,0x78,
0x4D,0x65,0x73,0x73,0x61,0x67,0x65,0x4F,0x75,0x74,0x70,0x75,0x74,0x53,0x74,0x64,0x65,0x72,0x72,0x40,0x40,0x00,0xE0,0x23,0x4D,0x10,0x00,0x00,0x00,0x00,0x2E,0x3F,0x41,0x56,0x77,0x78,0x41,0x70,0x70,0x54,0x72,0x61,0x69,0x74,0x73,0x40,0x40,0x00,0x00,0x00,
0xE0,0x23,0x4D,0x10,0x00,0x00,0x00,0x00,0x2E,0x3F,0x41,0x56,0x77,0x78,0x43,0x6F,0x6E,0x73,0x6F,0x6C,0x65,0x41,0x70,0x70,0x54,0x72,0x61,0x69,0x74,0x73,0x42,0x61,0x73,0x65,0x40,0x40,0x00,0x00,0x00,0x00,0xE0,0x23,0x4D,0x10,0x00,0x00,0x00,0x00,0x2E,0x3F,
0x41,0x56,0x77,0x78,0x43,0x6F,0x6E,0x73,0x6F,0x6C,0x65,0x41,0x70,0x70,0x54,0x72,0x61,0x69,0x74,0x73,0x40,0x40,0x00,0x00,0x00,0x00,0xE0,0x23,0x4D,0x10,0x00,0x00,0x00,0x00,0x2E,0x3F,0x41,0x56,0x77,0x78,0x4D,0x6F,0x64,0x75,0x6C,0x65,0x40,0x40,0x00,0x00,
0xE0,0x23,0x4D,0x10,0x00,0x00,0x00,0x00,0x2E,0x3F,0x41,0x56,0x77,0x78,0x53,0x74,0x72,0x69,0x6E,0x67,0x54,0x6F,0x6B,0x65,0x6E,0x69,0x7A,0x65,0x72,0x40,0x40,0x00,0xE0,0x23,0x4D,0x10,0x00,0x00,0x00,0x00,0x2E,0x3F,0x41,0x56,0x77,0x78,0x4C,0x6F,0x63,0x61,
0x6C,0x65,0x4D,0x6F,0x64,0x75,0x6C,0x65,0x40,0x40,0x00,0x00,0x00,0x00,0xE0,0x23,0x4D,0x10,0x00,0x00,0x00,0x00,0x2E,0x3F,0x41,0x56,0x77,0x78,0x4C,0x6F,0x63,0x61,0x6C,0x65,0x40,0x40,0x00,0x00,0x78,0xBE,0x4A,0x10,0x18,0x00,0x00,0x00,0xE0,0xCA,0x27,0x10,
0xD8,0xA2,0x56,0x10,0x00,0x00,0x00,0x00,0x00,0x00,0x00,0x00,0xE0,0x23,0x4D,0x10,0x00,0x00,0x00,0x00,0x2E,0x3F,0x41,0x56,0x77,0x78,0x44,0x75,0x6D,0x6D,0x79,0x43,0x6F,0x6E,0x73,0x6F,0x6C,0x65,0x41,0x70,0x70,0x40,0x40,0x00,0xE0,0x23,0x4D,0x10,0x00,0x00,
0x00,0x00,0x2E,0x3F,0x41,0x56,0x77,0x78,0x4C,0x6F,0x67,0x40,0x40,0x00,0xE0,0x23,0x4D,0x10,0x00,0x00,0x00,0x00,0x2E,0x3F,0x41,0x56,0x77,0x78,0x4C,0x6F,0x67,0x42,0x75,0x66,0x66,0x65,0x72,0x40,0x40,0x00,0x00,0x00,0xA8,0xBF,0x4A,0x10,0x01,0x01,0x00,0x00,
0xE0,0x23,0x4D,0x10,0x00,0x00,0x00,0x00,0x2E,0x3F,0x41,0x56,0x77,0x78,0x43,0x6F,0x6E,0x66,0x69,0x67,0x42,0x61,0x73,0x65,0x40,0x40,0x00,0x00,0xE0,0x23,0x4D,0x10,0x00,0x00,0x00,0x00,0x2E,0x3F,0x41,0x56,0x77,0x78,0x52,0x65,0x67,0x43,0x6F,0x6E,0x66,0x69,
0x67,0x40,0x40,0x00,0x00,0x00,0xFF,0xFF,0xFF,0xFF,0x01,0x00,0x00,0x00,0xB4,0xC3,0x4A,0x10,0x18,0x00,0x00,0x00,0x10,0xFA,0x28,0x10,0xD8,0xA2,0x56,0x10,0x00,0x00,0x00,0x00,0x00,0x00,0x00,0x00,0xE0,0x23,0x4D,0x10,0x00,0x00,0x00,0x00,0x2E,0x3F,0x41,0x56,
0x77,0x78,0x54,0x68,0x72,0x65,0x61,0x64,0x40,0x40,0x00,0x00,0xE0,0x23,0x4D,0x10,0x00,0x00,0x00,0x00,0x2E,0x3F,0x41,0x56,0x77,0x78,0x54,0x68,0x72,0x65,0x61,0x64,0x4D,0x6F,0x64,0x75,0x6C,0x65,0x40,0x40,0x00,0x00,0x00,0x00,0xE0,0x23,0x4D,0x10,0x00,0x00,
0x00,0x00,0x2E,0x3F,0x41,0x56,0x77,0x78,0x4C,0x69,0x73,0x74,0x42,0x61,0x73,0x65,0x40,0x40,0x00,0x00,0x00,0x00,0xE0,0x23,0x4D,0x10,0x00,0x00,0x00,0x00,0x2E,0x3F,0x41,0x56,0x77,0x78,0x4E,0x6F,0x64,0x65,0x42,0x61,0x73,0x65,0x40,0x40,0x00,0x00,0x00,0x00,
0xE0,0x23,0x4D,0x10,0x00,0x00,0x00,0x00,0x2E,0x3F,0x41,0x56,0x77,0x78,0x4F,0x62,0x6A,0x65,0x63,0x74,0x4C,0x69,0x73,0x74,0x40,0x40,0x00,0x00,0xE0,0x23,0x4D,0x10,0x00,0x00,0x00,0x00,0x2E,0x3F,0x41,0x56,0x77,0x78,0x53,0x74,0x72,0x69,0x6E,0x67,0x4C,0x69,
0x73,0x74,0x42,0x61,0x73,0x65,0x40,0x40,0x00,0x00,0xE0,0x23,0x4D,0x10,0x00,0x00,0x00,0x00,0x2E,0x3F,0x41,0x56,0x77,0x78,0x4C,0x69,0x73,0x74,0x40,0x40,0x00,0x00,0x00,0x00,0xE0,0x23,0x4D,0x10,0x00,0x00,0x00,0x00,0x2E,0x3F,0x41,0x56,0x77,0x78,0x53,0x74,
0x72,0x69,0x6E,0x67,0x4C,0x69,0x73,0x74,0x40,0x40,0x00,0x00,0xE0,0x23,0x4D,0x10,0x00,0x00,0x00,0x00,0x2E,0x3F,0x41,0x56,0x77,0x78,0x4F,0x62,0x6A,0x65,0x63,0x74,0x4C,0x69,0x73,0x74,0x4E,0x6F,0x64,0x65,0x40,0x40,0x00,0x00,0xE0,0x23,0x4D,0x10,0x00,0x00,
0x00,0x00,0x2E,0x3F,0x41,0x56,0x77,0x78,0x53,0x74,0x72,0x69,0x6E,0x67,0x4C,0x69,0x73,0x74,0x4E,0x6F,0x64,0x65,0x40,0x40,0x00,0x00,0x70,0xC4,0x4A,0x10,0x1C,0x00,0x00,0x00,0xD0,0x18,0x29,0x10,0xB0,0x5A,0x57,0x10,0x00,0x00,0x00,0x00,0x00,0x00,0x00,0x00,
0x78,0xC4,0x4A,0x10,0x1C,0x00,0x00,0x00,0xF0,0x18,0x29,0x10,0xB0,0x5A,0x57,0x10,0x00,0x00,0x00,0x00,0x00,0x00,0x00,0x00,0xE0,0x23,0x4D,0x10,0x00,0x00,0x00,0x00,0x2E,0x3F,0x41,0x56,0x77,0x78,0x53,0x74,0x61,0x6E,0x64,0x61,0x72,0x64,0x50,0x61,0x74,0x68,
0x73,0x42,0x61,0x73,0x65,0x40,0x40,0x00,0x00,0x00,0xE0,0x23,0x4D,0x10,0x00,0x00,0x00,0x00,0x2E,0x3F,0x41,0x56,0x77,0x78,0x53,0x74,0x61,0x6E,0x64,0x61,0x72,0x64,0x50,0x61,0x74,0x68,0x73,0x40,0x40,0x00,0x00,0x00,0xC4,0xC4,0x4A,0x10,0x01,0x01,0x00,0x00,
0x10,0x27,0x00,0x00,0x08,0xC7,0x4A,0x10,0xE0,0x23,0x4D,0x10,0x00,0x00,0x00,0x00,0x2E,0x3F,0x41,0x56,0x77,0x78,0x4D,0x65,0x73,0x73,0x61,0x67,0x65,0x4F,0x75,0x74,0x70,0x75,0x74,0x44,0x65,0x62,0x75,0x67,0x40,0x40,0x00,0x00,0xE0,0x23,0x4D,0x10,0x00,0x00,
0x00,0x00,0x2E,0x3F,0x41,0x56,0x77,0x78,0x4C,0x6F,0x67,0x53,0x74,0x64,0x65,0x72,0x72,0x40,0x40,0x00,0x00,0x00,0xE0,0x23,0x4D,0x10,0x00,0x00,0x00,0x00,0x2E,0x3F,0x41,0x56,0x77,0x78,0x4C,0x6F,0x67,0x43,0x68,0x61,0x69,0x6E,0x40,0x40,0x00,0x00,0x00,0x00,
0xE0,0x23,0x4D,0x10,0x00,0x00,0x00,0x00,0x2E,0x3F,0x41,0x56,0x77,0x78,0x4C,0x6F,0x67,0x50,0x61,0x73,0x73,0x54,0x68,0x72,0x6F,0x75,0x67,0x68,0x40,0x40,0x00,0x00,0xE0,0x23,0x4D,0x10,0x00,0x00,0x00,0x00,0x2E,0x3F,0x41,0x56,0x77,0x78,0x4D,0x65,0x73,0x73,
0x61,0x67,0x65,0x4F,0x75,0x74,0x70,0x75,0x74,0x42,0x65,0x73,0x74,0x40,0x40,0x00,0x00,0x00,0x01,0x00,0x00,0x00,0x02,0x00,0x00,0x00,0x03,0x00,0x00,0x00,0x04,0x00,0x00,0x00,0x05,0x00,0x00,0x00,0x06,0x00,0x00,0x00,0x07,0x00,0x00,0x00,0x08,0x00,0x00,0x00,
0x09,0x00,0x00,0x00,0x0A,0x00,0x00,0x00,0x0B,0x00,0x00,0x00,0x0C,0x00,0x00,0x00,0x0D,0x00,0x00,0x00,0x0E,0x00,0x00,0x00,0x0F,0x00,0x00,0x00,0x11,0x00,0x00,0x00,0x12,0x00,0x00,0x00,0x1A,0x00,0x00,0x00,0x1B,0x00,0x00,0x00,0x1C,0x00,0x00,0x00,0x1D,0x00,
0x00,0x00,0x1E,0x00,0x00,0x00,0x1F,0x00,0x00,0x00,0x20,0x00,0x00,0x00,0x21,0x00,0x00,0x00,0x22,0x00,0x00,0x00,0x23,0x00,0x00,0x00,0x24,0x00,0x00,0x00,0x25,0x00,0x00,0x00,0x26,0x00,0x00,0x00,0x15,0x00,0x00,0x00,0x28,0x00,0x00,0x00,0x29,0x00,0x00,0x00,
0x2B,0x00,0x00,0x00,0x2C,0x00,0x00,0x00,0x2D,0x00,0x00,0x00,0x2E,0x00,0x00,0x00,0x2A,0x00,0x00,0x00,0x00,0x00,0x00,0x00,0x1E,0x00,0x00,0x00,0x1B,0x00,0x00,0x00,0x1C,0x00,0x00,0x00,0x50,0xD1,0x4A,0x10,0x30,0xD1,0x4A,0x10,0x18,0xD1,0x4A,0x10,0xFC,0xD0,
0x4A,0x10,0xE4,0xD0,0x4A,0x10,0xD0,0xD0,0x4A,0x10,0xBC,0xD0,0x4A,0x10,0xA8,0xD0,0x4A,0x10,0x90,0xD0,0x4A,0x10,0x78,0xD0,0x4A,0x10,0x64,0xD0,0x4A,0x10,0x4C,0xD0,0x4A,0x10,0x34,0xD0,0x4A,0x10,0x1C,0xD0,0x4A,0x10,0xF0,0xCF,0x4A,0x10,0xE8,0xCF,0x4A,0x10,
0xE0,0xCF,0x4A,0x10,0xC8,0xCF,0x4A,0x10,0xAC,0xCF,0x4A,0x10,0x88,0xCF,0x4A,0x10,0x70,0xCF,0x4A,0x10,0x48,0xCF,0x4A,0x10,0x24,0xCF,0x4A,0x10,0x08,0xCF,0x4A,0x10,0xE4,0xCE,0x4A,0x10,0xCC,0xCE,0x4A,0x10,0xB0,0xCE,0x4A,0x10,0x94,0xCE,0x4A,0x10,0x78,0xCE,
0x4A,0x10,0x5C,0xCE,0x4A,0x10,0x40,0xCE,0x4A,0x10,0x28,0xCE,0x4A,0x10,0x10,0xCE,0x4A,0x10,0xE8,0xCD,0x4A,0x10,0xD0,0xCD,0x4A,0x10,0xA8,0xCD,0x4A,0x10,0x90,0xCD,0x4A,0x10,0x60,0xCD,0x4A,0x10,0x54,0xCD,0x4A,0x10,0x4C,0xCD,0x4A,0x10,0x40,0xCD,0x4A,0x10,
0x38,0xCD,0x4A,0x10,0x2C,0xCD,0x4A,0x10,0x20,0xCD,0x4A,0x10,0x14,0xCD,0x4A,0x10,0x0C,0xCD,0x4A,0x10,0x00,0xCD,0x4A,0x10,0x00,0x00,0x00,0x00,0x00,0x00,0x00,0x00,0x00,0x00,0x00,0x00,0x00,0x00,0x00,0x00,0xF4,0xCC,0x4A,0x10,0xE8,0xCC,0x4A,0x10,0xDC,0xCC,
0x4A,0x10,0xD4,0xCC,0x4A,0x10,0x00,0x00,0x00,0x00,0x00,0x00,0x00,0x00,0x00,0x00,0x00,0x00,0x00,0x00,0x00,0x00,0x00,0x00,0x00,0x00,0xC8,0xCC,0x4A,0x10,0xBC,0xCC,0x4A,0x10,0xB0,0xCC,0x4A,0x10,0xA8,0xCC,0x4A,0x10,0x00,0x00,0x00,0x00,0x00,0x00,0x00,0x00,
0x00,0x00,0x00,0x00,0x00,0x00,0x00,0x00,0x00,0x00,0x00,0x00,0x9C,0xCC,0x4A,0x10,0x90,0xCC,0x4A,0x10,0x84,0xCC,0x4A,0x10,0x7C,0xCC,0x4A,0x10,0x00,0x00,0x00,0x00,0x00,0x00,0x00,0x00,0x00,0x00,0x00,0x00,0x00,0x00,0x00,0x00,0x00,0x00,0x00,0x00,0x70,0xCC,
0x4A,0x10,0x64,0xCC,0x4A,0x10,0x58,0xCC,0x4A,0x10,0x50,0xCC,0x4A,0x10,0x00,0x00,0x00,0x00,0x00,0x00,0x00,0x00,0x00,0x00,0x00,0x00,0x00,0x00,0x00,0x00,0x00,0x00,0x00,0x00,0x44,0xCC,0x4A,0x10,0x38,0xCC,0x4A,0x10,0x2C,0xCC,0x4A,0x10,0x24,0xCC,0x4A,0x10,
0x00,0x00,0x00,0x00,0x00,0x00,0x00,0x00,0x00,0x00,0x00,0x00,0x00,0x00,0x00,0x00,0x00,0x00,0x00,0x00,0x18,0xCC,0x4A,0x10,0x0C,0xCC,0x4A,0x10,0x00,0xCC,0x4A,0x10,0xF8,0xCB,0x4A,0x10,0x00,0x00,0x00,0x00,0x00,0x00,0x00,0x00,0x00,0x00,0x00,0x00,0x00,0x00,
0x00,0x00,0x00,0x00,0x00,0x00,0xEC,0xCB,0x4A,0x10,0xE0,0xCB,0x4A,0x10,0xD4,0xCB,0x4A,0x10,0xCC,0xCB,0x4A,0x10,0x00,0x00,0x00,0x00,0x00,0x00,0x00,0x00,0x00,0x00,0x00,0x00,0x00,0x00,0x00,0x00,0x00,0x00,0x00,0x00,0xC0,0xCB,0x4A,0x10,0xB4,0xCB,0x4A,0x10,
0xA8,0xCB,0x4A,0x10,0xA0,0xCB,0x4A,0x10,0x00,0x00,0x00,0x00,0x00,0x00,0x00,0x00,0x00,0x00,0x00,0x00,0x00,0x00,0x00,0x00,0x00,0x00,0x00,0x00,0x94,0xCB,0x4A,0x10,0x88,0xCB,0x4A,0x10,0x7C,0xCB,0x4A,0x10,0x74,0xCB,0x4A,0x10,0x00,0x00,0x00,0x00,0x00,0x00,
0x00,0x00,0x00,0x00,0x00,0x00,0x00,0x00,0x00,0x00,0x00,0x00,0x00,0x00,0x68,0xCB,0x4A,0x10,0x5C,0xCB,0x4A,0x10,0x50,0xCB,0x4A,0x10,0x48,0xCB,0x4A,0x10,0x00,0x00,0x00,0x00,0x00,0x00,0x00,0x00,0x00,0x00,0x00,0x00,0x00,0x00,0x00,0x00,0x00,0x00,0x00,0x00,
0x3C,0xCB,0x4A,0x10,0x30,0xCB,0x4A,0x10,0x24,0xCB,0x4A,0x10,0x1C,0xCB,0x4A,0x10,0x00,0x00,0x00,0x00,0x00,0x00,0x00,0x00,0x00,0x00,0x00,0x00,0x00,0x00,0x00,0x00,0x00,0x00,0x00,0x00,0x10,0xCB,0x4A,0x10,0x04,0xCB,0x4A,0x10,0xF8,0xCA,0x4A,0x10,0xF0,0xCA,
0x4A,0x10,0x00,0x00,0x00,0x00,0x00,0x00,0x00,0x00,0x00,0x00,0x00,0x00,0x00,0x00,0x00,0x00,0x00,0x00,0x00,0x00,0xE4,0xCA,0x4A,0x10,0xD8,0xCA,0x4A,0x10,0xCC,0xCA,0x4A,0x10,0xC4,0xCA,0x4A,0x10,0x00,0x00,0x00,0x00,0x00,0x00,0x00,0x00,0x00,0x00,0x00,0x00,
0x00,0x00,0x00,0x00,0x00,0x00,0x00,0x00,0xB8,0xCA,0x4A,0x10,0xAC,0xCA,0x4A,0x10,0xA0,0xCA,0x4A,0x10,0x98,0xCA,0x4A,0x10,0x00,0x00,0x00,0x00,0x00,0x00,0x00,0x00,0x00,0x00,0x00,0x00,0x00,0x00,0x00,0x00,0x00,0x00,0x00,0x00,0xE8,0xCF,0x4A,0x10,0x90,0xCA,
0x4A,0x10,0x00,0x00,0x00,0x00,0x00,0x00,0x00,0x00,0x00,0x00,0x00,0x00,0x00,0x00,0x00,0x00,0x00,0x00,0x00,0x00,0x00,0x00,0x00,0x00,0x00,0x00,0x00,0x00,0xE0,0xCF,0x4A,0x10,0x00,0x00,0x00,0x00,0x00,0x00,0x00,0x00,0x00,0x00,0x00,0x00,0x00,0x00,0x00,0x00,
0x00,0x00,0x00,0x00,0x00,0x00,0x00,0x00,0x00,0x00,0x00,0x00,0x00,0x00,0x00,0x00,0x84,0xCA,0x4A,0x10,0x7C,0xCA,0x4A,0x10,0x00,0x00,0x00,0x00,0x00,0x00,0x00,0x00,0x00,0x00,0x00,0x00,0x00,0x00,0x00,0x00,0x00,0x00,0x00,0x00,0x00,0x00,0x00,0x00,0x00,0x00,
0x00,0x00,0x70,0xCA,0x4A,0x10,0x68,0xCA,0x4A,0x10,0x00,0x00,0x00,0x00,0x00,0x00,0x00,0x00,0x00,0x00,0x00,0x00,0x00,0x00,0x00,0x00,0x00,0x00,0x00,0x00,0x00,0x00,0x00,0x00,0x00,0x00,0x00,0x00,0x5C,0xCA,0x4A,0x10,0x54,0xCA,0x4A,0x10,0x00,0x00,0x00,0x00,
0x00,0x00,0x00,0x00,0x00,0x00,0x00,0x00,0x00,0x00,0x00,0x00,0x00,0x00,0x00,0x00,0x00,0x00,0x00,0x00,0x00,0x00,0x00,0x00,0x48,0xCA,0x4A,0x10,0x40,0xCA,0x4A,0x10,0x38,0xCA,0x4A,0x10,0x30,0xCA,0x4A,0x10,0x28,0xCA,0x4A,0x10,0x00,0x00,0x00,0x00,0x00,0x00,
0x00,0x00,0x00,0x00,0x00,0x00,0x00,0x00,0x00,0x00,0x1C,0xCA,0x4A,0x10,0x14,0xCA,0x4A,0x10,0x00,0x00,0x00,0x00,0x00,0x00,0x00,0x00,0x00,0x00,0x00,0x00,0x00,0x00,0x00,0x00,0x00,0x00,0x00,0x00,0x00,0x00,0x00,0x00,0x00,0x00,0x00,0x00,0x04,0xCA,0x4A,0x10,
0xFC,0xC9,0x4A,0x10,0x00,0x00,0x00,0x00,0x00,0x00,0x00,0x00,0x00,0x00,0x00,0x00,0x00,0x00,0x00,0x00,0x00,0x00,0x00,0x00,0x00,0x00,0x00,0x00,0x00,0x00,0x00,0x00,0xEC,0xC9,0x4A,0x10,0xE4,0xC9,0x4A,0x10,0x00,0x00,0x00,0x00,0x00,0x00,0x00,0x00,0x00,0x00,
0x00,0x00,0x00,0x00,0x00,0x00,0x00,0x00,0x00,0x00,0x00,0x00,0x00,0x00,0x00,0x00,0x00,0x00,0xD4,0xC9,0x4A,0x10,0xCC,0xC9,0x4A,0x10,0xC0,0xC9,0x4A,0x10,0x00,0x00,0x00,0x00,0x00,0x00,0x00,0x00,0x00,0x00,0x00,0x00,0x00,0x00,0x00,0x00,0x00,0x00,0x00,0x00,
0x00,0x00,0x00,0x00,0xB0,0xC9,0x4A,0x10,0xA8,0xC9,0x4A,0x10,0x00,0x00,0x00,0x00,0x00,0x00,0x00,0x00,0x00,0x00,0x00,0x00,0x00,0x00,0x00,0x00,0x00,0x00,0x00,0x00,0x00,0x00,0x00,0x00,0x00,0x00,0x00,0x00,0x98,0xC9,0x4A,0x10,0x90,0xC9,0x4A,0x10,0x00,0x00,
0x00,0x00,0x00,0x00,0x00,0x00,0x00,0x00,0x00,0x00,0x00,0x00,0x00,0x00,0x00,0x00,0x00,0x00,0x00,0x00,0x00,0x00,0x00,0x00,0x00,0x00,0x80,0xC9,0x4A,0x10,0x78,0xC9,0x4A,0x10,0x00,0x00,0x00,0x00,0x00,0x00,0x00,0x00,0x00,0x00,0x00,0x00,0x00,0x00,0x00,0x00,
0x00,0x00,0x00,0x00,0x00,0x00,0x00,0x00,0x00,0x00,0x00,0x00,0x68,0xC9,0x4A,0x10,0x60,0xC9,0x4A,0x10,0x00,0x00,0x00,0x00,0x00,0x00,0x00,0x00,0x00,0x00,0x00,0x00,0x00,0x00,0x00,0x00,0x00,0x00,0x00,0x00,0x00,0x00,0x00,0x00,0x00,0x00,0x00,0x00,0x50,0xC9,
0x4A,0x10,0x48,0xC9,0x4A,0x10,0x00,0x00,0x00,0x00,0x00,0x00,0x00,0x00,0x00,0x00,0x00,0x00,0x00,0x00,0x00,0x00,0x00,0x00,0x00,0x00,0x00,0x00,0x00,0x00,0x00,0x00,0x00,0x00,0x3C,0xC9,0x4A,0x10,0x34,0xC9,0x4A,0x10,0x00,0x00,0x00,0x00,0x00,0x00,0x00,0x00,
0x00,0x00,0x00,0x00,0x00,0x00,0x00,0x00,0x00,0x00,0x00,0x00,0x00,0x00,0x00,0x00,0x00,0x00,0x00,0x00,0x2C,0xC9,0x4A,0x10,0x24,0xC9,0x4A,0x10,0x00,0x00,0x00,0x00,0x00,0x00,0x00,0x00,0x00,0x00,0x00,0x00,0x00,0x00,0x00,0x00,0x00,0x00,0x00,0x00,0x00,0x00,
0x00,0x00,0x00,0x00,0x00,0x00,0x1C,0xC9,0x4A,0x10,0x14,0xC9,0x4A,0x10,0x00,0x00,0x00,0x00,0x00,0x00,0x00,0x00,0x00,0x00,0x00,0x00,0x00,0x00,0x00,0x00,0x00,0x00,0x00,0x00,0x00,0x00,0x00,0x00,0x00,0x00,0x00,0x00,0x08,0xC9,0x4A,0x10,0x00,0xC9,0x4A,0x10,
0x00,0x00,0x00,0x00,0x00,0x00,0x00,0x00,0x00,0x00,0x00,0x00,0x00,0x00,0x00,0x00,0x00,0x00,0x00,0x00,0x00,0x00,0x00,0x00,0x00,0x00,0x00,0x00,0xF4,0xC8,0x4A,0x10,0xEC,0xC8,0x4A,0x10,0xE4,0xC8,0x4A,0x10,0xDC,0xC8,0x4A,0x10,0xD4,0xC8,0x4A,0x10,0x00,0x00,
0x00,0x00,0x00,0x00,0x00,0x00,0x00,0x00,0x00,0x00,0x00,0x00,0x00,0x00,0xC8,0xC8,0x4A,0x10,0xC0,0xC8,0x4A,0x10,0x00,0x00,0x00,0x00,0x00,0x00,0x00,0x00,0x00,0x00,0x00,0x00,0x00,0x00,0x00,0x00,0x00,0x00,0x00,0x00,0x00,0x00,0x00,0x00,0x00,0x00,0x00,0x00,
0xB4,0xC8,0x4A,0x10,0xAC,0xC8,0x4A,0x10,0xA4,0xC8,0x4A,0x10,0x9C,0xC8,0x4A,0x10,0x94,0xC8,0x4A,0x10,0x00,0x00,0x00,0x00,0x00,0x00,0x00,0x00,0x00,0x00,0x00,0x00,0x00,0x00,0x00,0x00,0x8C,0xC8,0x4A,0x10,0x84,0xC8,0x4A,0x10,0x7C,0xC8,0x4A,0x10,0x70,0xC8,
0x4A,0x10,0x00,0x00,0x00,0x00,0x00,0x00,0x00,0x00,0x00,0x00,0x00,0x00,0x00,0x00,0x00,0x00,0x00,0x00,0x00,0x00,0x54,0xCD,0x4A,0x10,0x68,0xC8,0x4A,0x10,0xF8,0xB2,0x46,0x10,0x60,0xC8,0x4A,0x10,0x50,0xC8,0x4A,0x10,0x4C,0xC8,0x4A,0x10,0x44,0xC8,0x4A,0x10,
0xC4,0x8E,0x45,0x10,0x00,0x00,0x00,0x00,0x4C,0xCD,0x4A,0x10,0x3C,0xC8,0x4A,0x10,0x00,0x00,0x00,0x00,0x00,0x00,0x00,0x00,0x00,0x00,0x00,0x00,0x00,0x00,0x00,0x00,0x00,0x00,0x00,0x00,0x00,0x00,0x00,0x00,0x00,0x00,0x00,0x00,0x34,0xC8,0x4A,0x10,0x40,0xCD,
0x4A,0x10,0x28,0xC8,0x4A,0x10,0x00,0x00,0x00,0x00,0x00,0x00,0x00,0x00,0x00,0x00,0x00,0x00,0x00,0x00,0x00,0x00,0x00,0x00,0x00,0x00,0x00,0x00,0x00,0x00,0x20,0xC8,0x4A,0x10,0x00,0x00,0x00,0x00,0x00,0x00,0x00,0x00,0x00,0x00,0x00,0x00,0x00,0x00,0x00,0x00,
0x00,0x00,0x00,0x00,0x00,0x00,0x00,0x00,0x00,0x00,0x00,0x00,0x00,0x00,0x00,0x00,0x2C,0xD3,0x4A,0x10,0x18,0x00,0x00,0x00,0x50,0x6A,0x29,0x10,0xD8,0xA2,0x56,0x10,0x00,0x00,0x00,0x00,0x00,0x00,0x00,0x00,0xE0,0x23,0x4D,0x10,0x00,0x00,0x00,0x00,0x2E,0x3F,
0x41,0x56,0x77,0x78,0x43,0x6F,0x6E,0x76,0x41,0x75,0x74,0x6F,0x40,0x40,0x00,0x00,0x00,0x00,0xE0,0x23,0x4D,0x10,0x00,0x00,0x00,0x00,0x2E,0x3F,0x41,0x56,0x77,0x78,0x4D,0x42,0x43,0x6F,0x6E,0x76,0x40,0x40,0x00,0x00,0xE0,0x23,0x4D,0x10,0x00,0x00,0x00,0x00,
0x2E,0x3F,0x41,0x56,0x77,0x78,0x4D,0x65,0x6D,0x6F,0x72,0x79,0x43,0x6F,0x6E,0x66,0x69,0x67,0x40,0x40,0x00,0x00,0x00,0x00,0xE0,0x23,0x4D,0x10,0x00,0x00,0x00,0x00,0x2E,0x3F,0x41,0x56,0x77,0x78,0x46,0x69,0x6C,0x65,0x43,0x6F,0x6E,0x66,0x69,0x67,0x40,0x40,
0x00,0x00,0xE0,0x23,0x4D,0x10,0x00,0x00,0x00,0x00,0x2E,0x3F,0x41,0x56,0x77,0x78,0x46,0x6F,0x6E,0x74,0x4D,0x61,0x70,0x70,0x65,0x72,0x4D,0x6F,0x64,0x75,0x6C,0x65,0x40,0x40,0x00,0x00,0x00,0x00,0xE0,0x23,0x4D,0x10,0x00,0x00,0x00,0x00,0x2E,0x3F,0x41,0x56,
0x77,0x78,0x46,0x6F,0x6E,0x74,0x4D,0x61,0x70,0x70,0x65,0x72,0x42,0x61,0x73,0x65,0x40,0x40,0x00,0x00,0x00,0x00,0x00,0x00,0xFF,0xFF,0xFF,0xFF,0x00,0x00,0x00,0x00,0xE0,0x23,0x4D,0x10,0x00,0x00,0x00,0x00,0x2E,0x3F,0x41,0x56,0x77,0x78,0x4D,0x6F,0x64,0x75,
0x6C,0x65,0x4C,0x69,0x73,0x74,0x40,0x40,0x00,0x00,0xE0,0x23,0x4D,0x10,0x00,0x00,0x00,0x00,0x2E,0x3F,0x41,0x56,0x77,0x78,0x77,0x78,0x4D,0x6F,0x64,0x75,0x6C,0x65,0x4C,0x69,0x73,0x74,0x4E,0x6F,0x64,0x65,0x40,0x40,0x00,0x00,0x00,0x00,0xEC,0xD9,0x4A,0x10,
0x18,0x00,0x00,0x00,0x00,0x00,0x00,0x00,0xB0,0x5A,0x57,0x10,0x00,0x00,0x00,0x00,0x00,0x00,0x00,0x00,0xC8,0xC3,0x4A,0x10,0x00,0x00,0x00,0x00,0x00,0x00,0x00,0x00,0x00,0x00,0x00,0x00,0x00,0x00,0x00,0x00,0x00,0x00,0x00,0x00,0x00,0x00,0x00,0x00,0x7F,0x00,
0x00,0x00,0xFF,0x07,0x00,0x00,0xFF,0xFF,0x00,0x00,0xFF,0xFF,0x1F,0x00,0xFF,0xFF,0xFF,0x03,0xFF,0xFF,0xFF,0x7F,0xFF,0xFF,0xFF,0xFF,0x4C,0xA3,0x56,0x10,0x58,0x60,0x57,0x10,0x6C,0x60,0x57,0x10,0x58,0xA3,0x56,0x10,0x5C,0xA3,0x56,0x10,0x4C,0xA3,0x56,0x10,
0x4C,0xA3,0x56,0x10,0x10,0xDD,0x4A,0x10,0x5C,0xDC,0x4A,0x10,0xB0,0xDC,0x4A,0x10,0x00,0x00,0x00,0x00,0x00,0x00,0x00,0x00,0xBC,0xDB,0x4A,0x10,0xDC,0xDB,0x4A,0x10,0x00,0x00,0x00,0x00,0xE0,0x23,0x4D,0x10,0x00,0x00,0x00,0x00,0x2E,0x3F,0x41,0x56,0x77,0x78,
0x4D,0x42,0x43,0x6F,0x6E,0x76,0x55,0x54,0x46,0x37,0x40,0x40,0x00,0x00,0xE0,0x23,0x4D,0x10,0x00,0x00,0x00,0x00,0x2E,0x3F,0x41,0x56,0x77,0x78,0x4D,0x42,0x43,0x6F,0x6E,0x76,0x55,0x54,0x46,0x38,0x40,0x40,0x00,0x00,0xE0,0x23,0x4D,0x10,0x00,0x00,0x00,0x00,
0x2E,0x3F,0x41,0x56,0x77,0x78,0x4D,0x42,0x43,0x6F,0x6E,0x76,0x55,0x54,0x46,0x31,0x36,0x42,0x61,0x73,0x65,0x40,0x40,0x00,0xE0,0x23,0x4D,0x10,0x00,0x00,0x00,0x00,0x2E,0x3F,0x41,0x56,0x77,0x78,0x4D,0x42,0x43,0x6F,0x6E,0x76,0x55,0x54,0x46,0x31,0x36,0x42,
0x45,0x40,0x40,0x00,0x00,0x00,0xE0,0x23,0x4D,0x10,0x00,0x00,0x00,0x00,0x2E,0x3F,0x41,0x56,0x77,0x78,0x4D,0x42,0x43,0x6F,0x6E,0x76,0x55,0x54,0x46,0x33,0x32,0x42,0x61,0x73,0x65,0x40,0x40,0x00,0xE0,0x23,0x4D,0x10,0x00,0x00,0x00,0x00,0x2E,0x3F,0x41,0x56,
0x77,0x78,0x4D,0x42,0x43,0x6F,0x6E,0x76,0x55,0x54,0x46,0x33,0x32,0x42,0x45,0x40,0x40,0x00,0x00,0x00,0xE0,0x23,0x4D,0x10,0x00,0x00,0x00,0x00,0x2E,0x3F,0x41,0x56,0x77,0x78,0x43,0x53,0x43,0x6F,0x6E,0x76,0x40,0x40,0x00,0x00,0xE0,0x23,0x4D,0x10,0x00,0x00,
0x00,0x00,0x2E,0x3F,0x41,0x56,0x77,0x78,0x45,0x6E,0x63,0x6F,0x64,0x69,0x6E,0x67,0x43,0x6F,0x6E,0x76,0x65,0x72,0x74,0x65,0x72,0x40,0x40,0x00,0x00,0x00,0xE0,0x23,0x4D,0x10,0x00,0x00,0x00,0x00,0x2E,0x3F,0x41,0x56,0x77,0x78,0x4D,0x42,0x43,0x6F,0x6E,0x76,
0x5F,0x77,0x69,0x6E,0x33,0x32,0x40,0x40,0x00,0x00,0x00,0x00,0xFF,0xFF,0xFF,0xFF,0xFF,0xFF,0xFF,0xFF,0xE0,0x23,0x4D,0x10,0x00,0x00,0x00,0x00,0x2E,0x3F,0x41,0x56,0x77,0x78,0x4D,0x42,0x43,0x6F,0x6E,0x76,0x55,0x54,0x46,0x31,0x36,0x4C,0x45,0x40,0x40,0x00,
0x00,0x00,0xE0,0x23,0x4D,0x10,0x00,0x00,0x00,0x00,0x2E,0x3F,0x41,0x56,0x77,0x78,0x4D,0x42,0x43,0x6F,0x6E,0x76,0x5F,0x77,0x78,0x77,0x69,0x6E,0x40,0x40,0x00,0x00,0x00,0x00,0xE0,0x23,0x4D,0x10,0x00,0x00,0x00,0x00,0x2E,0x3F,0x41,0x56,0x77,0x78,0x4D,0x42,
0x43,0x6F,0x6E,0x76,0x55,0x54,0x46,0x33,0x32,0x4C,0x45,0x40,0x40,0x00,0x00,0x00,0x7C,0xDE,0x4A,0x10,0x70,0xDE,0x4A,0x10,0x88,0xE2,0x4A,0x10,0x18,0x00,0x00,0x00,0x10,0x5D,0x2A,0x10,0xD8,0xA2,0x56,0x10,0x00,0x00,0x00,0x00,0x00,0x00,0x00,0x00,0xFF,0xFF,
0xFF,0xFF,0xFF,0xFF,0xFF,0xFF,0xE0,0x23,0x4D,0x10,0x00,0x00,0x00,0x00,0x2E,0x3F,0x41,0x56,0x77,0x78,0x44,0x61,0x74,0x65,0x54,0x69,0x6D,0x65,0x48,0x6F,0x6C,0x69,0x64,0x61,0x79,0x41,0x75,0x74,0x68,0x6F,0x72,0x69,0x74,0x79,0x40,0x40,0x00,0x00,0x00,0x00,
0xE0,0x23,0x4D,0x10,0x00,0x00,0x00,0x00,0x2E,0x3F,0x41,0x56,0x77,0x78,0x44,0x61,0x74,0x65,0x54,0x69,0x6D,0x65,0x48,0x6F,0x6C,0x69,0x64,0x61,0x79,0x73,0x4D,0x6F,0x64,0x75,0x6C,0x65,0x40,0x40,0x00,0x00,0xE0,0x23,0x4D,0x10,0x00,0x00,0x00,0x00,0x2E,0x3F,
0x41,0x56,0x77,0x78,0x44,0x61,0x74,0x65,0x54,0x69,0x6D,0x65,0x57,0x6F,0x72,0x6B,0x44,0x61,0x79,0x73,0x40,0x40,0x00,0x00,0x00,0x00,0xFF,0xFF,0xFF,0x7F,0x1F,0x00,0x1C,0x00,0x1F,0x00,0x1E,0x00,0x1F,0x00,0x1E,0x00,0x1F,0x00,0x1F,0x00,0x1E,0x00,0x1F,0x00,
0x1E,0x00,0x1F,0x00,0x1F,0x00,0x1D,0x00,0x1F,0x00,0x1E,0x00,0x1F,0x00,0x1E,0x00,0x1F,0x00,0x1F,0x00,0x1E,0x00,0x1F,0x00,0x1E,0x00,0x1F,0x00,0xE0,0xDF,0x4A,0x10,0x24,0xE0,0x4A,0x10,0x2C,0xE0,0x4A,0x10,0x34,0xE0,0x4A,0x10,0x3C,0xE0,0x4A,0x10,0x44,0xE0,
0x4A,0x10,0x4C,0xE0,0x4A,0x10,0x54,0xE0,0x4A,0x10,0x5C,0xE0,0x4A,0x10,0x64,0xE0,0x4A,0x10,0x6C,0xE0,0x4A,0x10,0x74,0xE0,0x4A,0x10,0x80,0xE0,0x4A,0x10,0x88,0xE0,0x4A,0x10,0x94,0xE0,0x4A,0x10,0xA0,0xE0,0x4A,0x10,0xAC,0xE0,0x4A,0x10,0xB8,0xE0,0x4A,0x10,
0xC4,0xE0,0x4A,0x10,0xD0,0xE0,0x4A,0x10,0xDC,0xE0,0x4A,0x10,0x18,0xE0,0x4A,0x10,0xF8,0xDF,0x4A,0x10,0x00,0x00,0x00,0x00,0x00,0xE0,0x4A,0x10,0xFF,0xFF,0xFF,0xFF,0x0C,0xE0,0x4A,0x10,0x01,0x00,0x00,0x00,0x00,0x00,0x00,0x00,0x00,0x00,0x00,0x80,0xC0,0xE7,
0x4A,0x10,0xB8,0xE7,0x4A,0x10,0x01,0x00,0x00,0x80,0xA4,0xE7,0x4A,0x10,0x9C,0xE7,0x4A,0x10,0x02,0x00,0x00,0x80,0x88,0xE7,0x4A,0x10,0x80,0xE7,0x4A,0x10,0x03,0x00,0x00,0x80,0x74,0xE7,0x4A,0x10,0x70,0xE7,0x4A,0x10,0x04,0x00,0x00,0x80,0x58,0xE7,0x4A,0x10,
0x50,0xE7,0x4A,0x10,0x05,0x00,0x00,0x80,0x3C,0xE7,0x4A,0x10,0x34,0xE7,0x4A,0x10,0x06,0x00,0x00,0x80,0x24,0xE7,0x4A,0x10,0x1C,0xE7,0x4A,0x10,0x24,0xEC,0x4A,0x10,0xE0,0x23,0x4D,0x10,0x00,0x00,0x00,0x00,0x2E,0x3F,0x41,0x56,0x77,0x78,0x54,0x65,0x78,0x74,
0x42,0x75,0x66,0x66,0x65,0x72,0x40,0x40,0x00,0x00,0xE0,0x23,0x4D,0x10,0x00,0x00,0x00,0x00,0x2E,0x3F,0x41,0x56,0x77,0x78,0x4D,0x65,0x6D,0x6F,0x72,0x79,0x54,0x65,0x78,0x74,0x40,0x40,0x00,0x00,0x38,0xF3,0x4A,0x10,0x30,0x31,0x32,0x33,0x34,0x35,0x36,0x37,
0x38,0x39,0x41,0x42,0x43,0x44,0x45,0x46,0x00,0x00,0x00,0x00,0x40,0x91,0x2B,0x10,0xE0,0x23,0x4D,0x10,0x00,0x00,0x00,0x00,0x2E,0x3F,0x41,0x56,0x77,0x78,0x50,0x72,0x6F,0x63,0x65,0x73,0x73,0x40,0x40,0x00,0xFF,0xFF,0xFF,0xFF,0x14,0x18,0x4B,0x10,0xE0,0x23,
0x4D,0x10,0x00,0x00,0x00,0x00,0x2E,0x3F,0x41,0x56,0x77,0x78,0x50,0x69,0x70,0x65,0x49,0x6E,0x70,0x75,0x74,0x53,0x74,0x72,0x65,0x61,0x6D,0x40,0x40,0x00,0xE0,0x23,0x4D,0x10,0x00,0x00,0x00,0x00,0x2E,0x3F,0x41,0x56,0x77,0x78,0x49,0x6E,0x70,0x75,0x74,0x53,
0x74,0x72,0x65,0x61,0x6D,0x40,0x40,0x00,0xE0,0x23,0x4D,0x10,0x00,0x00,0x00,0x00,0x2E,0x3F,0x41,0x56,0x77,0x78,0x53,0x74,0x72,0x65,0x61,0x6D,0x42,0x61,0x73,0x65,0x40,0x40,0x00,0x00,0xE0,0x23,0x4D,0x10,0x00,0x00,0x00,0x00,0x2E,0x3F,0x41,0x56,0x77,0x78,
0x50,0x69,0x70,0x65,0x4F,0x75,0x74,0x70,0x75,0x74,0x53,0x74,0x72,0x65,0x61,0x6D,0x40,0x40,0x00,0x00,0x00,0x00,0xE0,0x23,0x4D,0x10,0x00,0x00,0x00,0x00,0x2E,0x3F,0x41,0x56,0x77,0x78,0x4F,0x75,0x74,0x70,0x75,0x74,0x53,0x74,0x72,0x65,0x61,0x6D,0x40,0x40,
0x00,0x00,0x00,0x00,0xE0,0x23,0x4D,0x10,0x00,0x00,0x00,0x00,0x2E,0x3F,0x41,0x56,0x77,0x78,0x53,0x74,0x72,0x65,0x61,0x6D,0x42,0x75,0x66,0x66,0x65,0x72,0x40,0x40,0x00,0x00,0x00,0x00,0xE0,0x23,0x4D,0x10,0x00,0x00,0x00,0x00,0x2E,0x3F,0x41,0x56,0x77,0x78,
0x43,0x6F,0x75,0x6E,0x74,0x69,0x6E,0x67,0x4F,0x75,0x74,0x70,0x75,0x74,0x53,0x74,0x72,0x65,0x61,0x6D,0x40,0x40,0x00,0x00,0x00,0x00,0xE0,0x23,0x4D,0x10,0x00,0x00,0x00,0x00,0x2E,0x3F,0x41,0x56,0x77,0x78,0x46,0x69,0x6C,0x74,0x65,0x72,0x49,0x6E,0x70,0x75,
0x74,0x53,0x74,0x72,0x65,0x61,0x6D,0x40,0x40,0x00,0x00,0x00,0xE0,0x23,0x4D,0x10,0x00,0x00,0x00,0x00,0x2E,0x3F,0x41,0x56,0x77,0x78,0x46,0x69,0x6C,0x74,0x65,0x72,0x4F,0x75,0x74,0x70,0x75,0x74,0x53,0x74,0x72,0x65,0x61,0x6D,0x40,0x40,0x00,0x00,0xE0,0x23,
0x4D,0x10,0x00,0x00,0x00,0x00,0x2E,0x3F,0x41,0x56,0x77,0x78,0x42,0x75,0x66,0x66,0x65,0x72,0x65,0x64,0x49,0x6E,0x70,0x75,0x74,0x53,0x74,0x72,0x65,0x61,0x6D,0x40,0x40,0x00,0xE0,0x23,0x4D,0x10,0x00,0x00,0x00,0x00,0x2E,0x3F,0x41,0x56,0x77,0x78,0x42,0x75,
0x66,0x66,0x65,0x72,0x65,0x64,0x4F,0x75,0x74,0x70,0x75,0x74,0x53,0x74,0x72,0x65,0x61,0x6D,0x40,0x40,0x00,0x00,0x00,0x00,0x74,0x1B,0x4B,0x10,0x08,0x00,0x00,0x00,0x00,0x00,0x00,0x00,0xB0,0x5A,0x57,0x10,0x00,0x00,0x00,0x00,0x00,0x00,0x00,0x00,0x90,0x1B,
0x4B,0x10,0x0C,0x00,0x00,0x00,0x00,0x00,0x00,0x00,0x6C,0xA8,0x56,0x10,0x00,0x00,0x00,0x00,0x00,0x00,0x00,0x00,0xE0,0x23,0x4D,0x10,0x00,0x00,0x00,0x00,0x2E,0x3F,0x41,0x56,0x77,0x78,0x46,0x69,0x6C,0x65,0x49,0x6E,0x70,0x75,0x74,0x53,0x74,0x72,0x65,0x61,
0x6D,0x40,0x40,0x00,0xE0,0x23,0x4D,0x10,0x00,0x00,0x00,0x00,0x2E,0x3F,0x41,0x56,0x77,0x78,0x46,0x69,0x6C,0x65,0x4F,0x75,0x74,0x70,0x75,0x74,0x53,0x74,0x72,0x65,0x61,0x6D,0x40,0x40,0x00,0x00,0x00,0x00,0xE0,0x23,0x4D,0x10,0x00,0x00,0x00,0x00,0x2E,0x3F,
0x41,0x56,0x77,0x78,0x54,0x65,0x6D,0x70,0x46,0x69,0x6C,0x65,0x4F,0x75,0x74,0x70,0x75,0x74,0x53,0x74,0x72,0x65,0x61,0x6D,0x40,0x40,0x00,0x00,0x00,0x00,0xE0,0x23,0x4D,0x10,0x00,0x00,0x00,0x00,0x2E,0x3F,0x41,0x56,0x77,0x78,0x46,0x46,0x69,0x6C,0x65,0x49,
0x6E,0x70,0x75,0x74,0x53,0x74,0x72,0x65,0x61,0x6D,0x40,0x40,0x00,0x00,0x00,0x00,0xE0,0x23,0x4D,0x10,0x00,0x00,0x00,0x00,0x2E,0x3F,0x41,0x56,0x77,0x78,0x46,0x46,0x69,0x6C,0x65,0x4F,0x75,0x74,0x70,0x75,0x74,0x53,0x74,0x72,0x65,0x61,0x6D,0x40,0x40,0x00,
0x00,0x00,0xE0,0x23,0x4D,0x10,0x00,0x00,0x00,0x00,0x2E,0x3F,0x41,0x56,0x77,0x78,0x46,0x69,0x6C,0x65,0x53,0x74,0x72,0x65,0x61,0x6D,0x40,0x40,0x00,0x00,0xE0,0x23,0x4D,0x10,0x00,0x00,0x00,0x00,0x2E,0x3F,0x41,0x56,0x77,0x78,0x46,0x46,0x69,0x6C,0x65,0x53,
0x74,0x72,0x65,0x61,0x6D,0x40,0x40,0x00,0xE0,0x23,0x4D,0x10,0x00,0x00,0x00,0x00,0x2E,0x3F,0x41,0x56,0x77,0x78,0x54,0x65,0x78,0x74,0x46,0x69,0x6C,0x65,0x40,0x40,0x00,0x00,0x00,0x00,0xE0,0x23,0x4D,0x10,0x00,0x00,0x00,0x00,0x2E,0x3F,0x41,0x56,0x77,0x78,
0x50,0x72,0x6F,0x63,0x65,0x73,0x73,0x45,0x76,0x65,0x6E,0x74,0x40,0x40,0x00,0x00,0x00,0x00,0x68,0x1E,0x4B,0x10,0x40,0x00,0x00,0x00,0xE0,0x23,0x2C,0x10,0xB4,0x95,0x56,0x10,0x00,0x00,0x00,0x00,0x00,0x00,0x00,0x00,0x74,0x1E,0x4B,0x10,0x2C,0x00,0x00,0x00,
0x60,0x24,0x2C,0x10,0xCC,0x95,0x56,0x10,0x00,0x00,0x00,0x00,0x00,0x00,0x00,0x00,0xE0,0x23,0x4D,0x10,0x00,0x00,0x00,0x00,0x2E,0x3F,0x41,0x56,0x77,0x78,0x54,0x65,0x78,0x74,0x4F,0x75,0x74,0x70,0x75,0x74,0x53,0x74,0x72,0x65,0x61,0x6D,0x40,0x40,0x00,0x00,
0x00,0x00,0xE0,0x23,0x4D,0x10,0x00,0x00,0x00,0x00,0x2E,0x3F,0x41,0x56,0x77,0x78,0x55,0x52,0x49,0x40,0x40,0x00,0xB8,0x1E,0x4B,0x10,0x2C,0x00,0x00,0x00,0x00,0x00,0x00,0x00,0xB0,0x5A,0x57,0x10,0x00,0x00,0x00,0x00,0x00,0x00,0x00,0x00,0xE0,0x23,0x4D,0x10,
0x00,0x00,0x00,0x00,0x2E,0x3F,0x41,0x56,0x77,0x78,0x44,0x44,0x45,0x43,0x6C,0x69,0x65,0x6E,0x74,0x4C,0x69,0x73,0x74,0x40,0x40,0x00,0x00,0x00,0xE0,0x23,0x4D,0x10,0x00,0x00,0x00,0x00,0x2E,0x3F,0x41,0x56,0x77,0x78,0x77,0x78,0x44,0x44,0x45,0x43,0x6C,0x69,
0x65,0x6E,0x74,0x4C,0x69,0x73,0x74,0x4E,0x6F,0x64,0x65,0x40,0x40,0x00,0xE0,0x23,0x4D,0x10,0x00,0x00,0x00,0x00,0x2E,0x3F,0x41,0x56,0x77,0x78,0x44,0x44,0x45,0x53,0x65,0x72,0x76,0x65,0x72,0x4C,0x69,0x73,0x74,0x40,0x40,0x00,0x00,0x00,0xE0,0x23,0x4D,0x10,
0x00,0x00,0x00,0x00,0x2E,0x3F,0x41,0x56,0x77,0x78,0x77,0x78,0x44,0x44,0x45,0x53,0x65,0x72,0x76,0x65,0x72,0x4C,0x69,0x73,0x74,0x4E,0x6F,0x64,0x65,0x40,0x40,0x00,0xE0,0x23,0x4D,0x10,0x00,0x00,0x00,0x00,0x2E,0x3F,0x41,0x56,0x77,0x78,0x44,0x44,0x45,0x43,
0x6F,0x6E,0x6E,0x65,0x63,0x74,0x69,0x6F,0x6E,0x4C,0x69,0x73,0x74,0x40,0x40,0x00,0x00,0x00,0xE0,0x23,0x4D,0x10,0x00,0x00,0x00,0x00,0x2E,0x3F,0x41,0x56,0x77,0x78,0x77,0x78,0x44,0x44,0x45,0x43,0x6F,0x6E,0x6E,0x65,0x63,0x74,0x69,0x6F,0x6E,0x4C,0x69,0x73,
0x74,0x4E,0x6F,0x64,0x65,0x40,0x40,0x00,0xE0,0x23,0x4D,0x10,0x00,0x00,0x00,0x00,0x2E,0x3F,0x41,0x56,0x77,0x78,0x53,0x65,0x72,0x76,0x65,0x72,0x42,0x61,0x73,0x65,0x40,0x40,0x00,0x00,0xE0,0x23,0x4D,0x10,0x00,0x00,0x00,0x00,0x2E,0x3F,0x41,0x56,0x77,0x78,
0x43,0x6C,0x69,0x65,0x6E,0x74,0x42,0x61,0x73,0x65,0x40,0x40,0x00,0x00,0xE0,0x23,0x4D,0x10,0x00,0x00,0x00,0x00,0x2E,0x3F,0x41,0x56,0x77,0x78,0x44,0x44,0x45,0x4D,0x6F,0x64,0x75,0x6C,0x65,0x40,0x40,0x00,0x00,0x00,0xE0,0x23,0x4D,0x10,0x00,0x00,0x00,0x00,
0x2E,0x3F,0x41,0x56,0x77,0x78,0x44,0x44,0x45,0x43,0x6C,0x69,0x65,0x6E,0x74,0x40,0x40,0x00,0x00,0x00,0xE0,0x23,0x4D,0x10,0x00,0x00,0x00,0x00,0x2E,0x3F,0x41,0x56,0x77,0x78,0x44,0x44,0x45,0x43,0x6F,0x6E,0x6E,0x65,0x63,0x74,0x69,0x6F,0x6E,0x40,0x40,0x00,
0x00,0x00,0xE0,0x23,0x4D,0x10,0x00,0x00,0x00,0x00,0x2E,0x3F,0x41,0x56,0x77,0x78,0x43,0x6F,0x6E,0x6E,0x65,0x63,0x74,0x69,0x6F,0x6E,0x42,0x61,0x73,0x65,0x40,0x40,0x00,0x00,0xE0,0x23,0x4D,0x10,0x00,0x00,0x00,0x00,0x2E,0x3F,0x41,0x56,0x77,0x78,0x44,0x44,
0x45,0x53,0x65,0x72,0x76,0x65,0x72,0x40,0x40,0x00,0x00,0x00,0xC8,0xC3,0x4A,0x10,0x00,0x00,0x00,0x00,0x00,0x00,0x00,0x00,0x00,0x00,0x00,0x00,0x00,0x00,0x00,0x00,0x00,0x00,0x00,0x00,0x00,0x00,0x00,0x00,0xC8,0xC3,0x4A,0x10,0x00,0x00,0x00,0x00,0x00,0x00,
0x00,0x00,0x00,0x00,0x00,0x00,0x00,0x00,0x00,0x00,0x00,0x00,0x00,0x00,0x00,0x00,0x00,0x00,0xA4,0x27,0x4B,0x10,0x2C,0x00,0x00,0x00,0xB0,0x79,0x2C,0x10,0x7C,0xAC,0x56,0x10,0x00,0x00,0x00,0x00,0x00,0x00,0x00,0x00,0xB0,0x27,0x4B,0x10,0x28,0x00,0x00,0x00,
0x20,0x7A,0x2C,0x10,0x94,0xAC,0x56,0x10,0x00,0x00,0x00,0x00,0x00,0x00,0x00,0x00,0xBC,0x27,0x4B,0x10,0x34,0x00,0x00,0x00,0x00,0x00,0x00,0x00,0xAC,0xAC,0x56,0x10,0x00,0x00,0x00,0x00,0x00,0x00,0x00,0x00,0xCC,0x27,0x4B,0x10,0x18,0x00,0x00,0x00,0xB0,0x63,
0x2C,0x10,0xD8,0xA2,0x56,0x10,0x00,0x00,0x00,0x00,0x00,0x00,0x00,0x00,0x28,0x28,0x4B,0x10,0x08,0x00,0x00,0x00,0x00,0x00,0x00,0x00,0xB0,0x5A,0x57,0x10,0x00,0x00,0x00,0x00,0x00,0x00,0x00,0x00,0x38,0x28,0x4B,0x10,0x08,0x00,0x00,0x00,0x00,0x00,0x00,0x00,
0xB0,0x5A,0x57,0x10,0x00,0x00,0x00,0x00,0x00,0x00,0x00,0x00,0x48,0x28,0x4B,0x10,0x18,0x00,0x00,0x00,0x00,0x00,0x00,0x00,0xB0,0x5A,0x57,0x10,0x00,0x00,0x00,0x00,0x00,0x00,0x00,0x00,0x00,0x00,0x00,0x00,0xC0,0x28,0x4B,0x10,0xB0,0x28,0x4B,0x10,0xA0,0x28,
0x4B,0x10,0x8C,0x28,0x4B,0x10,0x74,0x28,0x4B,0x10,0x5C,0x28,0x4B,0x10,0x01,0x00,0x00,0x00,0x20,0x2E,0x4B,0x10,0x54,0x00,0x00,0x00,0xA0,0x8D,0x2C,0x10,0xB4,0x95,0x56,0x10,0x00,0x00,0x00,0x00,0x00,0x00,0x00,0x00,0x00,0x00,0x00,0x00,0xFF,0xFF,0xFF,0xFF,
0xFF,0xFF,0xFF,0xFF,0xE0,0x87,0x2C,0x10,0x00,0x00,0x00,0x00,0xF0,0x5A,0x57,0x10,0xFF,0xFF,0xFF,0xFF,0xFF,0xFF,0xFF,0xFF,0x20,0x88,0x2C,0x10,0x00,0x00,0x00,0x00,0x6C,0x84,0x57,0x10,0xFF,0xFF,0xFF,0xFF,0xFF,0xFF,0xFF,0xFF,0x40,0x90,0x2C,0x10,0x00,0x00,
0x00,0x00,0x70,0x84,0x57,0x10,0x00,0x00,0x00,0x00,0x00,0x00,0x00,0x00,0x00,0x00,0x00,0x00,0x00,0x00,0x00,0x00,0xEC,0x5A,0x57,0x10,0xE0,0x23,0x4D,0x10,0x00,0x00,0x00,0x00,0x2E,0x3F,0x41,0x56,0x77,0x78,0x57,0x69,0x6E,0x48,0x61,0x73,0x68,0x54,0x61,0x62,
0x6C,0x65,0x40,0x40,0x00,0x00,0x00,0x00,0xE0,0x23,0x4D,0x10,0x00,0x00,0x00,0x00,0x2E,0x3F,0x41,0x56,0x77,0x78,0x46,0x72,0x61,0x6D,0x65,0x40,0x40,0x00,0x00,0x00,0xE0,0x23,0x4D,0x10,0x00,0x00,0x00,0x00,0x2E,0x3F,0x41,0x56,0x77,0x78,0x46,0x72,0x61,0x6D,
0x65,0x42,0x61,0x73,0x65,0x40,0x40,0x00,0x00,0x00,0xFF,0xFF,0xFF,0xFF,0x03,0x00,0x00,0x00,0x00,0x00,0x00,0x00,0x00,0x00,0x00,0x00,0x00,0x00,0x00,0x00,0x00,0x00,0x00,0x00,0x00,0x00,0x00,0x00,0xE0,0x23,0x4D,0x10,0x00,0x00,0x00,0x00,0x2E,0x3F,0x41,0x56,
0x47,0x53,0x6F,0x63,0x6B,0x65,0x74,0x47,0x55,0x49,0x46,0x75,0x6E,0x63,0x74,0x69,0x6F,0x6E,0x73,0x54,0x61,0x62,0x6C,0x65,0x40,0x40,0x00,0x00,0xE0,0x23,0x4D,0x10,0x00,0x00,0x00,0x00,0x2E,0x3F,0x41,0x56,0x77,0x78,0x4D,0x65,0x73,0x73,0x61,0x67,0x65,0x4F,
0x75,0x74,0x70,0x75,0x74,0x4D,0x65,0x73,0x73,0x61,0x67,0x65,0x42,0x6F,0x78,0x40,0x40,0x00,0xE0,0x23,0x4D,0x10,0x00,0x00,0x00,0x00,0x2E,0x3F,0x41,0x56,0x77,0x78,0x41,0x63,0x74,0x69,0x76,0x61,0x74,0x65,0x45,0x76,0x65,0x6E,0x74,0x40,0x40,0x00,0x00,0x00,
0xE0,0x23,0x4D,0x10,0x00,0x00,0x00,0x00,0x2E,0x3F,0x41,0x56,0x77,0x78,0x49,0x64,0x6C,0x65,0x45,0x76,0x65,0x6E,0x74,0x40,0x40,0x00,0x00,0x00,0xE0,0x23,0x4D,0x10,0x00,0x00,0x00,0x00,0x2E,0x3F,0x41,0x56,0x47,0x53,0x6F,0x63,0x6B,0x65,0x74,0x47,0x55,0x49,
0x46,0x75,0x6E,0x63,0x74,0x69,0x6F,0x6E,0x73,0x54,0x61,0x62,0x6C,0x65,0x43,0x6F,0x6E,0x63,0x72,0x65,0x74,0x65,0x40,0x40,0x00,0x00,0xE0,0x23,0x4D,0x10,0x00,0x00,0x00,0x00,0x2E,0x3F,0x41,0x56,0x77,0x78,0x47,0x55,0x49,0x41,0x70,0x70,0x54,0x72,0x61,0x69,
0x74,0x73,0x42,0x61,0x73,0x65,0x40,0x40,0x00,0x00,0x00,0x00,0xE0,0x23,0x4D,0x10,0x00,0x00,0x00,0x00,0x2E,0x3F,0x41,0x56,0x77,0x78,0x47,0x55,0x49,0x41,0x70,0x70,0x54,0x72,0x61,0x69,0x74,0x73,0x40,0x40,0x00,0x00,0x00,0x00,0xFF,0xFF,0xFF,0xFF,0x00,0x00,
0x00,0x00,0x38,0xFF,0xFF,0xFF,0xC8,0xC3,0x4A,0x10,0x00,0x00,0x00,0x00,0x00,0x00,0x00,0x00,0x00,0x00,0x00,0x00,0x00,0x00,0x00,0x00,0x00,0x00,0x00,0x00,0x00,0x00,0x00,0x00,0x00,0x36,0x4B,0x10,0x14,0x01,0x00,0x00,0x00,0x00,0x00,0x00,0xB4,0x95,0x56,0x10,
0x00,0x00,0x00,0x00,0x00,0x00,0x00,0x00,0xFF,0xFF,0xFF,0xFF,0xFF,0xFF,0xFF,0xFF,0xC0,0xD7,0x2C,0x10,0x00,0x00,0x00,0x00,0xC0,0x84,0x57,0x10,0xFF,0xFF,0xFF,0xFF,0xFF,0xFF,0xFF,0xFF,0x60,0xB0,0x2C,0x10,0x00,0x00,0x00,0x00,0xF4,0x84,0x57,0x10,0xFF,0xFF,
0xFF,0xFF,0xFF,0xFF,0xFF,0xFF,0x80,0xD8,0x2C,0x10,0x00,0x00,0x00,0x00,0x90,0x83,0x57,0x10,0xFF,0xFF,0xFF,0xFF,0xFF,0xFF,0xFF,0xFF,0x20,0xD0,0x2C,0x10,0x00,0x00,0x00,0x00,0x24,0x85,0x57,0x10,0x00,0x00,0x00,0x00,0x00,0x00,0x00,0x00,0x00,0x00,0x00,0x00,
0x00,0x00,0x00,0x00,0xEC,0x5A,0x57,0x10,0xE0,0x23,0x4D,0x10,0x00,0x00,0x00,0x00,0x2E,0x3F,0x41,0x56,0x77,0x78,0x49,0x6E,0x69,0x74,0x44,0x69,0x61,0x6C,0x6F,0x67,0x45,0x76,0x65,0x6E,0x74,0x40,0x40,0x00,0xE0,0x23,0x4D,0x10,0x00,0x00,0x00,0x00,0x2E,0x3F,
0x41,0x56,0x77,0x78,0x43,0x6C,0x6F,0x73,0x65,0x45,0x76,0x65,0x6E,0x74,0x40,0x40,0x00,0x00,0xE0,0x23,0x4D,0x10,0x00,0x00,0x00,0x00,0x2E,0x3F,0x41,0x56,0x77,0x78,0x55,0x70,0x64,0x61,0x74,0x65,0x55,0x49,0x45,0x76,0x65,0x6E,0x74,0x40,0x40,0x00,0x00,0x00,
0xE0,0x23,0x4D,0x10,0x00,0x00,0x00,0x00,0x2E,0x3F,0x41,0x56,0x77,0x78,0x43,0x6F,0x6D,0x6D,0x61,0x6E,0x64,0x45,0x76,0x65,0x6E,0x74,0x40,0x40,0x00,0x00,0x00,0x00,0xE0,0x23,0x4D,0x10,0x00,0x00,0x00,0x00,0x2E,0x3F,0x41,0x56,0x77,0x78,0x53,0x79,0x73,0x43,
0x6F,0x6C,0x6F,0x75,0x72,0x43,0x68,0x61,0x6E,0x67,0x65,0x64,0x45,0x76,0x65,0x6E,0x74,0x40,0x40,0x00,0x00,0x00,0xE0,0x23,0x4D,0x10,0x00,0x00,0x00,0x00,0x2E,0x3F,0x41,0x56,0x77,0x78,0x4D,0x6F,0x75,0x73,0x65,0x43,0x61,0x70,0x74,0x75,0x72,0x65,0x4C,0x6F,
0x73,0x74,0x45,0x76,0x65,0x6E,0x74,0x40,0x40,0x00,0x00,0x00,0xE0,0x23,0x4D,0x10,0x00,0x00,0x00,0x00,0x2E,0x3F,0x41,0x56,0x77,0x78,0x4E,0x61,0x76,0x69,0x67,0x61,0x74,0x69,0x6F,0x6E,0x4B,0x65,0x79,0x45,0x76,0x65,0x6E,0x74,0x40,0x40,0x00,0x00,0xE0,0x23,
0x4D,0x10,0x00,0x00,0x00,0x00,0x2E,0x3F,0x41,0x56,0x77,0x78,0x41,0x63,0x63,0x65,0x6C,0x65,0x72,0x61,0x74,0x6F,0x72,0x54,0x61,0x62,0x6C,0x65,0x40,0x40,0x00,0x00,0x00,0x00,0xE0,0x23,0x4D,0x10,0x00,0x00,0x00,0x00,0x2E,0x3F,0x41,0x56,0x77,0x78,0x57,0x69,
0x6E,0x64,0x6F,0x77,0x4C,0x69,0x73,0x74,0x40,0x40,0x00,0x00,0xE0,0x23,0x4D,0x10,0x00,0x00,0x00,0x00,0x2E,0x3F,0x41,0x56,0x77,0x78,0x57,0x69,0x6E,0x64,0x6F,0x77,0x4C,0x69,0x73,0x74,0x4E,0x6F,0x64,0x65,0x40,0x40,0x00,0x00,0xE0,0x23,0x4D,0x10,0x00,0x00,
0x00,0x00,0x2E,0x3F,0x41,0x56,0x77,0x78,0x52,0x65,0x67,0x69,0x6F,0x6E,0x42,0x61,0x73,0x65,0x40,0x40,0x00,0x00,0xE0,0x23,0x4D,0x10,0x00,0x00,0x00,0x00,0x2E,0x3F,0x41,0x56,0x77,0x78,0x52,0x65,0x67,0x69,0x6F,0x6E,0x57,0x69,0x74,0x68,0x43,0x6F,0x6D,0x62,
0x69,0x6E,0x65,0x40,0x40,0x00,0x00,0x00,0xE0,0x23,0x4D,0x10,0x00,0x00,0x00,0x00,0x2E,0x3F,0x41,0x56,0x77,0x78,0x52,0x65,0x67,0x69,0x6F,0x6E,0x40,0x40,0x00,0x00,0xE0,0x23,0x4D,0x10,0x00,0x00,0x00,0x00,0x2E,0x3F,0x41,0x56,0x77,0x78,0x53,0x65,0x74,0x43,
0x75,0x72,0x73,0x6F,0x72,0x45,0x76,0x65,0x6E,0x74,0x40,0x40,0x00,0x00,0xE0,0x23,0x4D,0x10,0x00,0x00,0x00,0x00,0x2E,0x3F,0x41,0x56,0x77,0x78,0x53,0x69,0x7A,0x65,0x45,0x76,0x65,0x6E,0x74,0x40,0x40,0x00,0x00,0x00,0xE0,0x23,0x4D,0x10,0x00,0x00,0x00,0x00,
0x2E,0x3F,0x41,0x56,0x77,0x78,0x4D,0x6F,0x76,0x65,0x45,0x76,0x65,0x6E,0x74,0x40,0x40,0x00,0x00,0x00,0xE0,0x23,0x4D,0x10,0x00,0x00,0x00,0x00,0x2E,0x3F,0x41,0x56,0x77,0x78,0x50,0x61,0x69,0x6E,0x74,0x45,0x76,0x65,0x6E,0x74,0x40,0x40,0x00,0x00,0xE0,0x23,
0x4D,0x10,0x00,0x00,0x00,0x00,0x2E,0x3F,0x41,0x56,0x77,0x78,0x4E,0x63,0x50,0x61,0x69,0x6E,0x74,0x45,0x76,0x65,0x6E,0x74,0x40,0x40,0x00,0x00,0x00,0x00,0xE0,0x23,0x4D,0x10,0x00,0x00,0x00,0x00,0x2E,0x3F,0x41,0x56,0x77,0x78,0x45,0x72,0x61,0x73,0x65,0x45,
0x76,0x65,0x6E,0x74,0x40,0x40,0x00,0x00,0xE0,0x23,0x4D,0x10,0x00,0x00,0x00,0x00,0x2E,0x3F,0x41,0x56,0x77,0x78,0x46,0x6F,0x63,0x75,0x73,0x45,0x76,0x65,0x6E,0x74,0x40,0x40,0x00,0x00,0xE0,0x23,0x4D,0x10,0x00,0x00,0x00,0x00,0x2E,0x3F,0x41,0x56,0x77,0x78,
0x53,0x68,0x6F,0x77,0x45,0x76,0x65,0x6E,0x74,0x40,0x40,0x00,0x00,0x00,0xE0,0x23,0x4D,0x10,0x00,0x00,0x00,0x00,0x2E,0x3F,0x41,0x56,0x77,0x78,0x49,0x63,0x6F,0x6E,0x69,0x7A,0x65,0x45,0x76,0x65,0x6E,0x74,0x40,0x40,0x00,0x00,0x00,0x00,0xE0,0x23,0x4D,0x10,
0x00,0x00,0x00,0x00,0x2E,0x3F,0x41,0x56,0x77,0x78,0x4D,0x61,0x78,0x69,0x6D,0x69,0x7A,0x65,0x45,0x76,0x65,0x6E,0x74,0x40,0x40,0x00,0x00,0x00,0xE0,0x23,0x4D,0x10,0x00,0x00,0x00,0x00,0x2E,0x3F,0x41,0x56,0x77,0x78,0x4A,0x6F,0x79,0x73,0x74,0x69,0x63,0x6B,
0x45,0x76,0x65,0x6E,0x74,0x40,0x40,0x00,0x00,0x00,0xE0,0x23,0x4D,0x10,0x00,0x00,0x00,0x00,0x2E,0x3F,0x41,0x56,0x77,0x78,0x44,0x72,0x6F,0x70,0x46,0x69,0x6C,0x65,0x73,0x45,0x76,0x65,0x6E,0x74,0x40,0x40,0x00,0x00,0xE0,0x23,0x4D,0x10,0x00,0x00,0x00,0x00,
0x2E,0x3F,0x41,0x56,0x77,0x78,0x4D,0x6F,0x75,0x73,0x65,0x43,0x61,0x70,0x74,0x75,0x72,0x65,0x43,0x68,0x61,0x6E,0x67,0x65,0x64,0x45,0x76,0x65,0x6E,0x74,0x40,0x40,0x00,0x00,0x00,0x00,0xE0,0x23,0x4D,0x10,0x00,0x00,0x00,0x00,0x2E,0x3F,0x41,0x56,0x77,0x78,
0x44,0x69,0x73,0x70,0x6C,0x61,0x79,0x43,0x68,0x61,0x6E,0x67,0x65,0x64,0x45,0x76,0x65,0x6E,0x74,0x40,0x40,0x00,0xE0,0x23,0x4D,0x10,0x00,0x00,0x00,0x00,0x2E,0x3F,0x41,0x56,0x77,0x78,0x50,0x61,0x6C,0x65,0x74,0x74,0x65,0x43,0x68,0x61,0x6E,0x67,0x65,0x64,
0x45,0x76,0x65,0x6E,0x74,0x40,0x40,0x00,0xE0,0x23,0x4D,0x10,0x00,0x00,0x00,0x00,0x2E,0x3F,0x41,0x56,0x77,0x78,0x51,0x75,0x65,0x72,0x79,0x4E,0x65,0x77,0x50,0x61,0x6C,0x65,0x74,0x74,0x65,0x45,0x76,0x65,0x6E,0x74,0x40,0x40,0x00,0x00,0x00,0x00,0xE0,0x23,
0x4D,0x10,0x00,0x00,0x00,0x00,0x2E,0x3F,0x41,0x56,0x77,0x78,0x48,0x65,0x6C,0x70,0x45,0x76,0x65,0x6E,0x74,0x40,0x40,0x00,0x00,0x00,0xE0,0x23,0x4D,0x10,0x00,0x00,0x00,0x00,0x2E,0x3F,0x41,0x56,0x77,0x78,0x43,0x6C,0x69,0x70,0x62,0x6F,0x61,0x72,0x64,0x54,
0x65,0x78,0x74,0x45,0x76,0x65,0x6E,0x74,0x40,0x40,0x00,0x00,0xE0,0x23,0x4D,0x10,0x00,0x00,0x00,0x00,0x2E,0x3F,0x41,0x56,0x77,0x78,0x43,0x6F,0x6E,0x74,0x65,0x78,0x74,0x4D,0x65,0x6E,0x75,0x45,0x76,0x65,0x6E,0x74,0x40,0x40,0x00,0x00,0x00,0x00,0xE0,0x23,
0x4D,0x10,0x00,0x00,0x00,0x00,0x2E,0x3F,0x41,0x56,0x77,0x78,0x44,0x43,0x42,0x61,0x73,0x65,0x40,0x40,0x00,0x00,0xE0,0x23,0x4D,0x10,0x00,0x00,0x00,0x00,0x2E,0x3F,0x41,0x56,0x77,0x78,0x42,0x72,0x75,0x73,0x68,0x42,0x61,0x73,0x65,0x40,0x40,0x00,0x00,0x00,
0xE0,0x23,0x4D,0x10,0x00,0x00,0x00,0x00,0x2E,0x3F,0x41,0x56,0x77,0x78,0x44,0x43,0x54,0x65,0x6D,0x70,0x40,0x40,0x00,0x00,0xE0,0x23,0x4D,0x10,0x00,0x00,0x00,0x00,0x2E,0x3F,0x41,0x56,0x77,0x78,0x44,0x43,0x40,0x40,0x00,0x00,0xE0,0x23,0x4D,0x10,0x00,0x00,
0x00,0x00,0x2E,0x3F,0x41,0x56,0x77,0x78,0x4D,0x65,0x6D,0x6F,0x72,0x79,0x44,0x43,0x42,0x61,0x73,0x65,0x40,0x40,0x00,0x00,0x00,0x00,0xE0,0x23,0x4D,0x10,0x00,0x00,0x00,0x00,0x2E,0x3F,0x41,0x56,0x77,0x78,0x50,0x6F,0x77,0x65,0x72,0x45,0x76,0x65,0x6E,0x74,
0x40,0x40,0x00,0x00,0xFF,0xFF,0xFF,0xFF,0xFF,0xFF,0xFF,0xFF,0xE0,0x23,0x4D,0x10,0x00,0x00,0x00,0x00,0x2E,0x3F,0x41,0x56,0x77,0x78,0x49,0x64,0x6C,0x65,0x57,0x61,0x6B,0x65,0x55,0x70,0x4D,0x6F,0x64,0x75,0x6C,0x65,0x40,0x40,0x00,0x00,0x00,0x00,0xE0,0x23,
0x4D,0x10,0x00,0x00,0x00,0x00,0x2E,0x3F,0x41,0x56,0x77,0x78,0x42,0x72,0x75,0x73,0x68,0x40,0x40,0x00,0x00,0x00,0xE0,0x23,0x4D,0x10,0x00,0x00,0x00,0x00,0x2E,0x3F,0x41,0x56,0x77,0x78,0x43,0x75,0x72,0x73,0x6F,0x72,0x40,0x40,0x00,0x00,0xE0,0x23,0x4D,0x10,
0x00,0x00,0x00,0x00,0x2E,0x3F,0x41,0x56,0x77,0x78,0x4D,0x65,0x6D,0x6F,0x72,0x79,0x44,0x43,0x40,0x40,0x00,0x00,0x00,0x00,0xC4,0x40,0x4B,0x10,0x44,0x01,0x00,0x00,0x60,0x30,0x2D,0x10,0xE8,0xAE,0x56,0x10,0x00,0x00,0x00,0x00,0x00,0x00,0x00,0x00,0xFF,0xFF,
0xFF,0xFF,0xFF,0xFF,0xFF,0xFF,0xA0,0x59,0x2D,0x10,0x00,0x00,0x00,0x00,0xC0,0x84,0x57,0x10,0xFF,0xFF,0xFF,0xFF,0xFF,0xFF,0xFF,0xFF,0xA0,0x9F,0x2D,0x10,0x00,0x00,0x00,0x00,0xA4,0x84,0x57,0x10,0x00,0x00,0x00,0x00,0x00,0x00,0x00,0x00,0x00,0x00,0x00,0x00,
0x00,0x00,0x00,0x00,0xEC,0x5A,0x57,0x10,0xD0,0x40,0x4B,0x10,0x18,0x00,0x00,0x00,0x30,0x90,0x2D,0x10,0xD8,0xA2,0x56,0x10,0x00,0x00,0x00,0x00,0x00,0x00,0x00,0x00,0xE0,0x23,0x4D,0x10,0x00,0x00,0x00,0x00,0x2E,0x3F,0x41,0x56,0x77,0x78,0x42,0x69,0x74,0x6D,
0x61,0x70,0x42,0x75,0x74,0x74,0x6F,0x6E,0x42,0x61,0x73,0x65,0x40,0x40,0x00,0x00,0x00,0x00,0xE0,0x23,0x4D,0x10,0x00,0x00,0x00,0x00,0x2E,0x3F,0x41,0x56,0x77,0x78,0x42,0x69,0x74,0x6D,0x61,0x70,0x42,0x75,0x74,0x74,0x6F,0x6E,0x40,0x40,0x00,0x00,0x00,0x00,
0xE0,0x23,0x4D,0x10,0x00,0x00,0x00,0x00,0x2E,0x3F,0x41,0x56,0x77,0x78,0x53,0x63,0x72,0x6F,0x6C,0x6C,0x42,0x61,0x72,0x42,0x61,0x73,0x65,0x40,0x40,0x00,0x00,0x00,0xE0,0x23,0x4D,0x10,0x00,0x00,0x00,0x00,0x2E,0x3F,0x41,0x56,0x77,0x78,0x53,0x63,0x72,0x6F,
0x6C,0x6C,0x42,0x61,0x72,0x40,0x40,0x00,0x00,0x00,0xE0,0x23,0x4D,0x10,0x00,0x00,0x00,0x00,0x2E,0x3F,0x41,0x56,0x77,0x78,0x53,0x74,0x61,0x74,0x69,0x63,0x42,0x69,0x74,0x6D,0x61,0x70,0x42,0x61,0x73,0x65,0x40,0x40,0x00,0x00,0x00,0x00,0xE0,0x23,0x4D,0x10,
0x00,0x00,0x00,0x00,0x2E,0x3F,0x41,0x56,0x77,0x78,0x52,0x61,0x64,0x69,0x6F,0x42,0x75,0x74,0x74,0x6F,0x6E,0x40,0x40,0x00,0xE0,0x23,0x4D,0x10,0x00,0x00,0x00,0x00,0x2E,0x3F,0x41,0x56,0x77,0x78,0x53,0x6C,0x69,0x64,0x65,0x72,0x42,0x61,0x73,0x65,0x40,0x40,
0x00,0x00,0xE0,0x23,0x4D,0x10,0x00,0x00,0x00,0x00,0x2E,0x3F,0x41,0x56,0x77,0x78,0x53,0x6C,0x69,0x64,0x65,0x72,0x40,0x40,0x00,0x00,0xE0,0x23,0x4D,0x10,0x00,0x00,0x00,0x00,0x2E,0x3F,0x41,0x56,0x77,0x78,0x53,0x74,0x61,0x74,0x69,0x63,0x42,0x69,0x74,0x6D,
0x61,0x70,0x40,0x40,0x00,0x00,0x00,0x00,0xE0,0x23,0x4D,0x10,0x00,0x00,0x00,0x00,0x2E,0x3F,0x41,0x56,0x77,0x78,0x46,0x6F,0x6E,0x74,0x52,0x65,0x66,0x44,0x61,0x74,0x61,0x40,0x40,0x00,0xFC,0x5D,0x4B,0x10,0x08,0x00,0x00,0x00,0xD0,0xD9,0x2D,0x10,0xEC,0xB6,
0x56,0x10,0x00,0x00,0x00,0x00,0x00,0x00,0x00,0x00,0x04,0x5E,0x4B,0x10,0x14,0x00,0x00,0x00,0x30,0xE9,0x2D,0x10,0xB0,0x5A,0x57,0x10,0x00,0x00,0x00,0x00,0x00,0x00,0x00,0x00,0xE0,0x23,0x4D,0x10,0x00,0x00,0x00,0x00,0x2E,0x3F,0x41,0x56,0x77,0x78,0x45,0x76,
0x65,0x6E,0x74,0x4C,0x6F,0x6F,0x70,0x42,0x61,0x73,0x65,0x40,0x40,0x00,0x00,0x00,0xE0,0x23,0x4D,0x10,0x00,0x00,0x00,0x00,0x2E,0x3F,0x41,0x56,0x77,0x78,0x4D,0x6F,0x64,0x61,0x6C,0x45,0x76,0x65,0x6E,0x74,0x4C,0x6F,0x6F,0x70,0x40,0x40,0x00,0x00,0xE0,0x23,
0x4D,0x10,0x00,0x00,0x00,0x00,0x2E,0x3F,0x41,0x56,0x77,0x78,0x45,0x76,0x65,0x6E,0x74,0x4C,0x6F,0x6F,0x70,0x40,0x40,0x00,0x00,0x00,0xE0,0x23,0x4D,0x10,0x00,0x00,0x00,0x00,0x2E,0x3F,0x41,0x56,0x77,0x78,0x45,0x76,0x65,0x6E,0x74,0x4C,0x6F,0x6F,0x70,0x4D,
0x61,0x6E,0x75,0x61,0x6C,0x40,0x40,0x00,0x58,0x5E,0x4B,0x10,0xA0,0x01,0x00,0x00,0x20,0xEB,0x2D,0x10,0x30,0xB9,0x56,0x10,0x00,0x00,0x00,0x00,0x00,0x00,0x00,0x00,0x68,0x82,0x57,0x10,0x44,0x64,0x4B,0x10,0x08,0x00,0x00,0x00,0xA0,0xFA,0x2D,0x10,0xB0,0x5A,
0x57,0x10,0x00,0x00,0x00,0x00,0x00,0x00,0x00,0x00,0xC4,0x70,0x49,0x10,0x00,0x00,0x00,0x00,0x4C,0x90,0x49,0x10,0x00,0x00,0x00,0x00,0x00,0x00,0x00,0x00,0x00,0x00,0x00,0x00,0x00,0x00,0x00,0x00,0x94,0x90,0x49,0x10,0x00,0x00,0x00,0x00,0x00,0x71,0x49,0x10,
0x00,0x00,0x00,0x00,0xFF,0xFF,0xFF,0xFF,0xFF,0xFF,0xFF,0xFF,0xFF,0xFF,0xFF,0xFF,0xFF,0xFF,0xFF,0xFF,0xE0,0x23,0x4D,0x10,0x00,0x00,0x00,0x00,0x2E,0x3F,0x41,0x56,0x77,0x78,0x53,0x74,0x6F,0x63,0x6B,0x47,0x44,0x49,0x40,0x40,0x00,0x00,0x00,0x00,0xE0,0x23,
0x4D,0x10,0x00,0x00,0x00,0x00,0x2E,0x3F,0x41,0x56,0x77,0x78,0x50,0x65,0x6E,0x40,0x40,0x00,0xE0,0x23,0x4D,0x10,0x00,0x00,0x00,0x00,0x2E,0x3F,0x41,0x56,0x77,0x78,0x52,0x65,0x73,0x6F,0x75,0x72,0x63,0x65,0x43,0x61,0x63,0x68,0x65,0x40,0x40,0x00,0x00,0x00,
0x64,0x00,0x00,0x00,0xE0,0x23,0x4D,0x10,0x00,0x00,0x00,0x00,0x2E,0x3F,0x41,0x56,0x77,0x78,0x46,0x6F,0x6E,0x74,0x44,0x69,0x61,0x6C,0x6F,0x67,0x42,0x61,0x73,0x65,0x40,0x40,0x00,0x00,0xE0,0x23,0x4D,0x10,0x00,0x00,0x00,0x00,0x2E,0x3F,0x41,0x56,0x77,0x78,
0x46,0x6F,0x6E,0x74,0x44,0x69,0x61,0x6C,0x6F,0x67,0x40,0x40,0x00,0x00,0xE0,0x23,0x4D,0x10,0x00,0x00,0x00,0x00,0x2E,0x3F,0x41,0x56,0x77,0x78,0x54,0x65,0x78,0x74,0x57,0x72,0x61,0x70,0x70,0x65,0x72,0x40,0x40,0x00,0xE0,0x23,0x4D,0x10,0x00,0x00,0x00,0x00,
0x2E,0x3F,0x41,0x56,0x77,0x78,0x54,0x65,0x78,0x74,0x53,0x69,0x7A,0x65,0x72,0x57,0x72,0x61,0x70,0x70,0x65,0x72,0x40,0x40,0x00,0x00,0x00,0x00,0xE0,0x23,0x4D,0x10,0x00,0x00,0x00,0x00,0x2E,0x3F,0x41,0x56,0x77,0x78,0x53,0x69,0x7A,0x65,0x72,0x49,0x74,0x65,
0x6D,0x40,0x40,0x00,0x00,0x00,0xE0,0x23,0x4D,0x10,0x00,0x00,0x00,0x00,0x2E,0x3F,0x41,0x56,0x77,0x78,0x4C,0x61,0x62,0x65,0x6C,0x57,0x72,0x61,0x70,0x70,0x65,0x72,0x40,0x40,0x00,0x00,0x00,0x00,0x00,0x00,0x00,0x00,0xFF,0xFF,0xFF,0xFF,0xFF,0xFF,0xFF,0xFF,
0x30,0x44,0x2E,0x10,0x00,0x00,0x00,0x00,0x44,0x83,0x57,0x10,0xFF,0xFF,0xFF,0xFF,0xFF,0xFF,0xFF,0xFF,0x80,0x48,0x2E,0x10,0x00,0x00,0x00,0x00,0x68,0x84,0x57,0x10,0xFF,0xFF,0xFF,0xFF,0xFF,0xFF,0xFF,0xFF,0xE0,0x43,0x2E,0x10,0x00,0x00,0x00,0x00,0xFC,0x83,
0x57,0x10,0xFF,0xFF,0xFF,0xFF,0xFF,0xFF,0xFF,0xFF,0x30,0x30,0x2E,0x10,0x00,0x00,0x00,0x00,0xB8,0x83,0x57,0x10,0xFF,0xFF,0xFF,0xFF,0xFF,0xFF,0xFF,0xFF,0xA0,0x30,0x2E,0x10,0x00,0x00,0x00,0x00,0xC0,0x83,0x57,0x10,0xFF,0xFF,0xFF,0xFF,0xFF,0xFF,0xFF,0xFF,
0xC0,0x2F,0x2E,0x10,0x00,0x00,0x00,0x00,0x00,0x84,0x57,0x10,0x00,0x00,0x00,0x00,0x00,0x00,0x00,0x00,0x00,0x00,0x00,0x00,0x00,0x00,0x00,0x00,0xEC,0x5A,0x57,0x10,0x10,0x6B,0x4B,0x10,0x50,0x01,0x00,0x00,0x00,0x00,0x00,0x00,0x88,0xB4,0x56,0x10,0x00,0x00,
0x00,0x00,0x00,0x00,0x00,0x00,0xFF,0xFF,0xFF,0xFF,0xFF,0xFF,0xFF,0xFF,0xE0,0x56,0x2E,0x10,0x00,0x00,0x00,0x00,0x68,0x84,0x57,0x10,0xFF,0xFF,0xFF,0xFF,0xFF,0xFF,0xFF,0xFF,0x60,0x61,0x2E,0x10,0x00,0x00,0x00,0x00,0x58,0x84,0x57,0x10,0x00,0x00,0x00,0x00,
0x00,0x00,0x00,0x00,0x00,0x00,0x00,0x00,0x00,0x00,0x00,0x00,0xEC,0x5A,0x57,0x10,0x28,0x6E,0x4B,0x10,0x7C,0x01,0x00,0x00,0x00,0x00,0x00,0x00,0x88,0xB4,0x56,0x10,0x00,0x00,0x00,0x00,0x00,0x00,0x00,0x00,0xFF,0xFF,0xFF,0xFF,0xFF,0xFF,0xFF,0xFF,0xE0,0x23,
0x4D,0x10,0x00,0x00,0x00,0x00,0x2E,0x3F,0x41,0x56,0x77,0x78,0x54,0x4C,0x57,0x48,0x69,0x64,0x64,0x65,0x6E,0x50,0x61,0x72,0x65,0x6E,0x74,0x4D,0x6F,0x64,0x75,0x6C,0x65,0x40,0x40,0x00,0x00,0x00,0xC4,0x3C,0x4B,0x10,0xC4,0x6E,0x4B,0x10,0x18,0x00,0x00,0x00,
0x10,0x73,0x2E,0x10,0xD8,0xA2,0x56,0x10,0x00,0x00,0x00,0x00,0x00,0x00,0x00,0x00,0xFF,0xFF,0xFF,0xFF,0xFF,0xFF,0xFF,0xFF,0xF0,0x74,0x2E,0x10,0x00,0x00,0x00,0x00,0x80,0x84,0x57,0x10,0x00,0x00,0x00,0x00,0x00,0x00,0x00,0x00,0x00,0x00,0x00,0x00,0x00,0x00,
0x00,0x00,0xEC,0x5A,0x57,0x10,0xF4,0x6E,0x4B,0x10,0x50,0x01,0x00,0x00,0x50,0x80,0x2E,0x10,0xDC,0xB8,0x56,0x10,0x00,0x00,0x00,0x00,0x00,0x00,0x00,0x00,0xFF,0xFF,0xFF,0xFF,0x04,0x70,0x4B,0x10,0x50,0x01,0x00,0x00,0xC0,0x9D,0x2E,0x10,0xDC,0xB8,0x56,0x10,
0x00,0x00,0x00,0x00,0x00,0x00,0x00,0x00,0xE0,0x23,0x4D,0x10,0x00,0x00,0x00,0x00,0x2E,0x3F,0x41,0x56,0x77,0x78,0x53,0x69,0x7A,0x65,0x72,0x49,0x74,0x65,0x6D,0x4C,0x69,0x73,0x74,0x40,0x40,0x00,0x00,0x00,0xE0,0x23,0x4D,0x10,0x00,0x00,0x00,0x00,0x2E,0x3F,
0x41,0x56,0x77,0x78,0x77,0x78,0x53,0x69,0x7A,0x65,0x72,0x49,0x74,0x65,0x6D,0x4C,0x69,0x73,0x74,0x4E,0x6F,0x64,0x65,0x40,0x40,0x00,0xE0,0x23,0x4D,0x10,0x00,0x00,0x00,0x00,0x2E,0x3F,0x41,0x56,0x77,0x78,0x53,0x69,0x7A,0x65,0x72,0x40,0x40,0x00,0x00,0x00,
0xE0,0x23,0x4D,0x10,0x00,0x00,0x00,0x00,0x2E,0x3F,0x41,0x56,0x77,0x78,0x43,0x6C,0x69,0x65,0x6E,0x74,0x44,0x61,0x74,0x61,0x43,0x6F,0x6E,0x74,0x61,0x69,0x6E,0x65,0x72,0x40,0x40,0x00,0xE0,0x23,0x4D,0x10,0x00,0x00,0x00,0x00,0x2E,0x3F,0x41,0x56,0x77,0x78,
0x47,0x72,0x69,0x64,0x53,0x69,0x7A,0x65,0x72,0x40,0x40,0x00,0x00,0x00,0xE0,0x23,0x4D,0x10,0x00,0x00,0x00,0x00,0x2E,0x3F,0x41,0x56,0x77,0x78,0x46,0x6C,0x65,0x78,0x47,0x72,0x69,0x64,0x53,0x69,0x7A,0x65,0x72,0x40,0x40,0x00,0x00,0x00,0xE0,0x23,0x4D,0x10,
0x00,0x00,0x00,0x00,0x2E,0x3F,0x41,0x56,0x77,0x78,0x42,0x6F,0x78,0x53,0x69,0x7A,0x65,0x72,0x40,0x40,0x00,0x00,0x00,0x00,0xE0,0x23,0x4D,0x10,0x00,0x00,0x00,0x00,0x2E,0x3F,0x41,0x56,0x77,0x78,0x53,0x74,0x61,0x74,0x69,0x63,0x42,0x6F,0x78,0x53,0x69,0x7A,
0x65,0x72,0x40,0x40,0x00,0x00,0xE0,0x23,0x4D,0x10,0x00,0x00,0x00,0x00,0x2E,0x3F,0x41,0x56,0x77,0x78,0x53,0x74,0x64,0x44,0x69,0x61,0x6C,0x6F,0x67,0x42,0x75,0x74,0x74,0x6F,0x6E,0x53,0x69,0x7A,0x65,0x72,0x40,0x40,0x00,0x00,0x00,0x00,0x34,0x73,0x4B,0x10,
0x44,0x00,0x00,0x00,0x00,0x00,0x00,0x00,0xB0,0x5A,0x57,0x10,0x00,0x00,0x00,0x00,0x00,0x00,0x00,0x00,0x40,0x73,0x4B,0x10,0x4C,0x00,0x00,0x00,0x00,0x00,0x00,0x00,0xB0,0x5A,0x57,0x10,0x00,0x00,0x00,0x00,0x00,0x00,0x00,0x00,0x48,0x73,0x4B,0x10,0x5C,0x00,
0x00,0x00,0x00,0x00,0x00,0x00,0x28,0xBB,0x56,0x10,0x00,0x00,0x00,0x00,0x00,0x00,0x00,0x00,0x54,0x73,0x4B,0x10,0xB4,0x00,0x00,0x00,0x00,0x00,0x00,0x00,0x40,0xBB,0x56,0x10,0x00,0x00,0x00,0x00,0x00,0x00,0x00,0x00,0x64,0x73,0x4B,0x10,0x64,0x00,0x00,0x00,
0x00,0x00,0x00,0x00,0x28,0xBB,0x56,0x10,0x00,0x00,0x00,0x00,0x00,0x00,0x00,0x00,0x70,0x73,0x4B,0x10,0x68,0x00,0x00,0x00,0x00,0x00,0x00,0x00,0x70,0xBB,0x56,0x10,0x00,0x00,0x00,0x00,0x00,0x00,0x00,0x00,0x84,0x73,0x4B,0x10,0x78,0x00,0x00,0x00,0x00,0x00,
0x00,0x00,0x70,0xBB,0x56,0x10,0x00,0x00,0x00,0x00,0x00,0x00,0x00,0x00,0x9C,0x73,0x4B,0x10,0x50,0x01,0x00,0x00,0xD0,0xE4,0x2E,0x10,0xDC,0xB8,0x56,0x10,0x00,0x00,0x00,0x00,0x00,0x00,0x00,0x00,0xE0,0x23,0x4D,0x10,0x00,0x00,0x00,0x00,0x2E,0x3F,0x41,0x56,
0x77,0x78,0x47,0x44,0x49,0x49,0x6D,0x61,0x67,0x65,0x48,0x61,0x6E,0x64,0x6C,0x65,0x72,0x4C,0x69,0x73,0x74,0x40,0x40,0x00,0xE0,0x23,0x4D,0x10,0x00,0x00,0x00,0x00,0x2E,0x3F,0x41,0x56,0x77,0x78,0x77,0x78,0x47,0x44,0x49,0x49,0x6D,0x61,0x67,0x65,0x48,0x61,
0x6E,0x64,0x6C,0x65,0x72,0x4C,0x69,0x73,0x74,0x4E,0x6F,0x64,0x65,0x40,0x40,0x00,0x00,0x00,0xE0,0x23,0x4D,0x10,0x00,0x00,0x00,0x00,0x2E,0x3F,0x41,0x56,0x77,0x78,0x47,0x44,0x49,0x49,0x6D,0x61,0x67,0x65,0x48,0x61,0x6E,0x64,0x6C,0x65,0x72,0x40,0x40,0x00,
0xE0,0x23,0x4D,0x10,0x00,0x00,0x00,0x00,0x2E,0x3F,0x41,0x56,0x77,0x78,0x42,0x69,0x74,0x6D,0x61,0x70,0x48,0x61,0x6E,0x64,0x6C,0x65,0x72,0x40,0x40,0x00,0x00,0x00,0xE0,0x23,0x4D,0x10,0x00,0x00,0x00,0x00,0x2E,0x3F,0x41,0x56,0x77,0x78,0x42,0x4D,0x50,0x46,
0x69,0x6C,0x65,0x48,0x61,0x6E,0x64,0x6C,0x65,0x72,0x40,0x40,0x00,0x00,0xE0,0x23,0x4D,0x10,0x00,0x00,0x00,0x00,0x2E,0x3F,0x41,0x56,0x77,0x78,0x42,0x4D,0x50,0x52,0x65,0x73,0x6F,0x75,0x72,0x63,0x65,0x48,0x61,0x6E,0x64,0x6C,0x65,0x72,0x40,0x40,0x00,0x00,
0xE0,0x23,0x4D,0x10,0x00,0x00,0x00,0x00,0x2E,0x3F,0x41,0x56,0x77,0x78,0x49,0x63,0x6F,0x6E,0x48,0x61,0x6E,0x64,0x6C,0x65,0x72,0x40,0x40,0x00,0xE0,0x23,0x4D,0x10,0x00,0x00,0x00,0x00,0x2E,0x3F,0x41,0x56,0x77,0x78,0x49,0x43,0x4F,0x46,0x69,0x6C,0x65,0x48,
0x61,0x6E,0x64,0x6C,0x65,0x72,0x40,0x40,0x00,0x00,0xE0,0x23,0x4D,0x10,0x00,0x00,0x00,0x00,0x2E,0x3F,0x41,0x56,0x77,0x78,0x49,0x43,0x4F,0x52,0x65,0x73,0x6F,0x75,0x72,0x63,0x65,0x48,0x61,0x6E,0x64,0x6C,0x65,0x72,0x40,0x40,0x00,0x00,0xC8,0x76,0x4B,0x10,
0x14,0x00,0x00,0x00,0x20,0xFC,0x2E,0x10,0x00,0xBE,0x56,0x10,0x00,0x00,0x00,0x00,0x00,0x00,0x00,0x00,0xDC,0x76,0x4B,0x10,0x14,0x00,0x00,0x00,0x90,0xFC,0x2E,0x10,0x00,0xBE,0x56,0x10,0x00,0x00,0x00,0x00,0x00,0x00,0x00,0x00,0xF4,0x76,0x4B,0x10,0x14,0x00,
0x00,0x00,0x00,0xFD,0x2E,0x10,0xB0,0x5A,0x57,0x10,0x00,0x00,0x00,0x00,0x00,0x00,0x00,0x00,0x08,0x77,0x4B,0x10,0x14,0x00,0x00,0x00,0x70,0xFD,0x2E,0x10,0xB0,0x5A,0x57,0x10,0x00,0x00,0x00,0x00,0x00,0x00,0x00,0x00,0xC8,0xC3,0x4A,0x10,0x00,0x00,0x00,0x00,
0x00,0x00,0x00,0x00,0x00,0x00,0x00,0x00,0x00,0x00,0x00,0x00,0x00,0x00,0x00,0x00,0x00,0x00,0x00,0x00,0xE0,0x23,0x4D,0x10,0x00,0x00,0x00,0x00,0x2E,0x3F,0x41,0x56,0x77,0x78,0x4D,0x61,0x73,0x6B,0x40,0x40,0x00,0x00,0x00,0x00,0xE0,0x23,0x4D,0x10,0x00,0x00,
0x00,0x00,0x2E,0x3F,0x41,0x56,0x77,0x78,0x49,0x6D,0x61,0x67,0x65,0x40,0x40,0x00,0x00,0x00,0xE0,0x23,0x4D,0x10,0x00,0x00,0x00,0x00,0x2E,0x3F,0x41,0x56,0x77,0x78,0x42,0x69,0x74,0x6D,0x61,0x70,0x52,0x65,0x66,0x44,0x61,0x74,0x61,0x40,0x40,0x00,0x00,0x00,
0x78,0x77,0x4B,0x10,0x08,0x00,0x00,0x00,0xF0,0x08,0x2F,0x10,0xEC,0xB6,0x56,0x10,0x00,0x00,0x00,0x00,0x00,0x00,0x00,0x00,0x84,0x77,0x4B,0x10,0x0C,0x00,0x00,0x00,0xB0,0x0E,0x2F,0x10,0xB0,0x5A,0x57,0x10,0x00,0x00,0x00,0x00,0x00,0x00,0x00,0x00,0x8C,0x77,
0x4B,0x10,0x14,0x00,0x00,0x00,0x10,0x09,0x2F,0x10,0xB0,0x5A,0x57,0x10,0x00,0x00,0x00,0x00,0x00,0x00,0x00,0x00,0x9C,0x77,0x4B,0x10,0x08,0x00,0x00,0x00,0x40,0x32,0x2F,0x10,0xEC,0xB6,0x56,0x10,0x00,0x00,0x00,0x00,0x00,0x00,0x00,0x00,0xA4,0x77,0x4B,0x10,
0xC0,0x30,0x4B,0x10,0x00,0x00,0x00,0x00,0x1C,0x79,0x4B,0x10,0x2C,0x00,0x00,0x00,0x80,0x35,0x2F,0x10,0xB4,0x95,0x56,0x10,0x00,0x00,0x00,0x00,0x00,0x00,0x00,0x00,0xE0,0x23,0x4D,0x10,0x00,0x00,0x00,0x00,0x2E,0x3F,0x41,0x56,0x77,0x78,0x4D,0x65,0x6E,0x75,
0x45,0x76,0x65,0x6E,0x74,0x40,0x40,0x00,0x00,0x00,0xE0,0x23,0x4D,0x10,0x00,0x00,0x00,0x00,0x2E,0x3F,0x41,0x56,0x77,0x78,0x53,0x63,0x72,0x6F,0x6C,0x6C,0x45,0x76,0x65,0x6E,0x74,0x40,0x40,0x00,0xE0,0x23,0x4D,0x10,0x00,0x00,0x00,0x00,0x2E,0x3F,0x41,0x56,
0x77,0x78,0x53,0x63,0x72,0x6F,0x6C,0x6C,0x57,0x69,0x6E,0x45,0x76,0x65,0x6E,0x74,0x40,0x40,0x00,0x00,0xE0,0x23,0x4D,0x10,0x00,0x00,0x00,0x00,0x2E,0x3F,0x41,0x56,0x77,0x78,0x4D,0x6F,0x75,0x73,0x65,0x45,0x76,0x65,0x6E,0x74,0x40,0x40,0x00,0x00,0xE0,0x23,
0x4D,0x10,0x00,0x00,0x00,0x00,0x2E,0x3F,0x41,0x56,0x77,0x78,0x4B,0x65,0x79,0x45,0x76,0x65,0x6E,0x74,0x40,0x40,0x00,0x00,0x00,0x00,0xE0,0x23,0x4D,0x10,0x00,0x00,0x00,0x00,0x2E,0x3F,0x41,0x56,0x77,0x78,0x57,0x69,0x6E,0x64,0x6F,0x77,0x43,0x72,0x65,0x61,
0x74,0x65,0x45,0x76,0x65,0x6E,0x74,0x40,0x40,0x00,0x00,0x00,0xE0,0x23,0x4D,0x10,0x00,0x00,0x00,0x00,0x2E,0x3F,0x41,0x56,0x77,0x78,0x57,0x69,0x6E,0x64,0x6F,0x77,0x44,0x65,0x73,0x74,0x72,0x6F,0x79,0x45,0x76,0x65,0x6E,0x74,0x40,0x40,0x00,0x00,0xE0,0x23,
0x4D,0x10,0x00,0x00,0x00,0x00,0x2E,0x3F,0x41,0x56,0x77,0x78,0x43,0x68,0x69,0x6C,0x64,0x46,0x6F,0x63,0x75,0x73,0x45,0x76,0x65,0x6E,0x74,0x40,0x40,0x00,0xE0,0x23,0x4D,0x10,0x00,0x00,0x00,0x00,0x2E,0x3F,0x41,0x56,0x77,0x78,0x4E,0x6F,0x74,0x69,0x66,0x79,
0x45,0x76,0x65,0x6E,0x74,0x40,0x40,0x00,0x00,0x7A,0x4B,0x10,0x28,0x00,0x00,0x00,0x30,0x3B,0x2F,0x10,0xCC,0x95,0x56,0x10,0x00,0x00,0x00,0x00,0x00,0x00,0x00,0x00,0x0C,0x7A,0x4B,0x10,0x38,0x00,0x00,0x00,0x10,0x56,0x2F,0x10,0xCC,0x95,0x56,0x10,0x00,0x00,
0x00,0x00,0x00,0x00,0x00,0x00,0x1C,0x7A,0x4B,0x10,0x3C,0x00,0x00,0x00,0x80,0x56,0x2F,0x10,0x80,0xBF,0x56,0x10,0x00,0x00,0x00,0x00,0x00,0x00,0x00,0x00,0x2C,0x7A,0x4B,0x10,0x38,0x00,0x00,0x00,0xF0,0x56,0x2F,0x10,0x80,0xBF,0x56,0x10,0x00,0x00,0x00,0x00,
0x00,0x00,0x00,0x00,0x3C,0x7A,0x4B,0x10,0x2C,0x00,0x00,0x00,0x60,0x57,0x2F,0x10,0xCC,0x95,0x56,0x10,0x00,0x00,0x00,0x00,0x00,0x00,0x00,0x00,0x50,0x7A,0x4B,0x10,0x40,0x00,0x00,0x00,0xD0,0x57,0x2F,0x10,0xCC,0x95,0x56,0x10,0x00,0x00,0x00,0x00,0x00,0x00,
0x00,0x00,0x60,0x7A,0x4B,0x10,0x40,0x00,0x00,0x00,0x40,0x58,0x2F,0x10,0xCC,0x95,0x56,0x10,0x00,0x00,0x00,0x00,0x00,0x00,0x00,0x00,0x6C,0x7A,0x4B,0x10,0x3C,0x00,0x00,0x00,0xB0,0x3B,0x2F,0x10,0xCC,0x95,0x56,0x10,0x00,0x00,0x00,0x00,0x00,0x00,0x00,0x00,
0x78,0x7A,0x4B,0x10,0x24,0x00,0x00,0x00,0x40,0x3C,0x2F,0x10,0xCC,0x95,0x56,0x10,0x00,0x00,0x00,0x00,0x00,0x00,0x00,0x00,0x88,0x7A,0x4B,0x10,0x24,0x00,0x00,0x00,0xB0,0x3C,0x2F,0x10,0xCC,0x95,0x56,0x10,0x00,0x00,0x00,0x00,0x00,0x00,0x00,0x00,0x98,0x7A,
0x4B,0x10,0x28,0x00,0x00,0x00,0x20,0x3D,0x2F,0x10,0xCC,0x95,0x56,0x10,0x00,0x00,0x00,0x00,0x00,0x00,0x00,0x00,0xA8,0x7A,0x4B,0x10,0x3C,0x00,0x00,0x00,0xA0,0x3D,0x2F,0x10,0xCC,0x95,0x56,0x10,0x00,0x00,0x00,0x00,0x00,0x00,0x00,0x00,0xB4,0x7A,0x4B,0x10,
0x28,0x00,0x00,0x00,0x30,0x3E,0x2F,0x10,0xCC,0x95,0x56,0x10,0x00,0x00,0x00,0x00,0x00,0x00,0x00,0x00,0xC4,0x7A,0x4B,0x10,0x38,0x00,0x00,0x00,0xB0,0x58,0x2F,0x10,0x80,0xBF,0x56,0x10,0x00,0x00,0x00,0x00,0x00,0x00,0x00,0x00,0xD8,0x7A,0x4B,0x10,0x28,0x00,
0x00,0x00,0xB0,0x3E,0x2F,0x10,0xCC,0x95,0x56,0x10,0x00,0x00,0x00,0x00,0x00,0x00,0x00,0x00,0xE8,0x7A,0x4B,0x10,0x28,0x00,0x00,0x00,0x40,0x3F,0x2F,0x10,0xCC,0x95,0x56,0x10,0x00,0x00,0x00,0x00,0x00,0x00,0x00,0x00,0xF4,0x7A,0x4B,0x10,0x24,0x00,0x00,0x00,
0xD0,0x3F,0x2F,0x10,0xCC,0x95,0x56,0x10,0x00,0x00,0x00,0x00,0x00,0x00,0x00,0x00,0x04,0x7B,0x4B,0x10,0x28,0x00,0x00,0x00,0x40,0x40,0x2F,0x10,0xCC,0x95,0x56,0x10,0x00,0x00,0x00,0x00,0x00,0x00,0x00,0x00,0x14,0x7B,0x4B,0x10,0x2C,0x00,0x00,0x00,0xB0,0x40,
0x2F,0x10,0xCC,0x95,0x56,0x10,0x00,0x00,0x00,0x00,0x00,0x00,0x00,0x00,0x20,0x7B,0x4B,0x10,0x3C,0x00,0x00,0x00,0x40,0x41,0x2F,0x10,0xCC,0x95,0x56,0x10,0x00,0x00,0x00,0x00,0x00,0x00,0x00,0x00,0x30,0x7B,0x4B,0x10,0x34,0x00,0x00,0x00,0xD0,0x41,0x2F,0x10,
0xCC,0x95,0x56,0x10,0x00,0x00,0x00,0x00,0x00,0x00,0x00,0x00,0x44,0x7B,0x4B,0x10,0x28,0x00,0x00,0x00,0x60,0x42,0x2F,0x10,0xCC,0x95,0x56,0x10,0x00,0x00,0x00,0x00,0x00,0x00,0x00,0x00,0x54,0x7B,0x4B,0x10,0x24,0x00,0x00,0x00,0xD0,0x42,0x2F,0x10,0xCC,0x95,
0x56,0x10,0x00,0x00,0x00,0x00,0x00,0x00,0x00,0x00,0x68,0x7B,0x4B,0x10,0x34,0x00,0x00,0x00,0x40,0x43,0x2F,0x10,0xCC,0x95,0x56,0x10,0x00,0x00,0x00,0x00,0x00,0x00,0x00,0x00,0x7C,0x7B,0x4B,0x10,0x24,0x00,0x00,0x00,0xE0,0x43,0x2F,0x10,0xCC,0x95,0x56,0x10,
0x00,0x00,0x00,0x00,0x00,0x00,0x00,0x00,0x94,0x7B,0x4B,0x10,0x24,0x00,0x00,0x00,0x50,0x44,0x2F,0x10,0xCC,0x95,0x56,0x10,0x00,0x00,0x00,0x00,0x00,0x00,0x00,0x00,0xAC,0x7B,0x4B,0x10,0x44,0x00,0x00,0x00,0x20,0x59,0x2F,0x10,0x80,0xBF,0x56,0x10,0x00,0x00,
0x00,0x00,0x00,0x00,0x00,0x00,0xBC,0x7B,0x4B,0x10,0x2C,0x00,0x00,0x00,0xC0,0x44,0x2F,0x10,0xCC,0x95,0x56,0x10,0x00,0x00,0x00,0x00,0x00,0x00,0x00,0x00,0xD4,0x7B,0x4B,0x10,0x28,0x00,0x00,0x00,0x50,0x45,0x2F,0x10,0xCC,0x95,0x56,0x10,0x00,0x00,0x00,0x00,
0x00,0x00,0x00,0x00,0xEC,0x7B,0x4B,0x10,0x28,0x00,0x00,0x00,0xD0,0x45,0x2F,0x10,0xCC,0x95,0x56,0x10,0x00,0x00,0x00,0x00,0x00,0x00,0x00,0x00,0x04,0x7C,0x4B,0x10,0x38,0x00,0x00,0x00,0xB0,0x59,0x2F,0x10,0xCC,0x95,0x56,0x10,0x00,0x00,0x00,0x00,0x00,0x00,
0x00,0x00,0x18,0x7C,0x4B,0x10,0x38,0x00,0x00,0x00,0x20,0x5A,0x2F,0x10,0xCC,0x95,0x56,0x10,0x00,0x00,0x00,0x00,0x00,0x00,0x00,0x00,0x30,0x7C,0x4B,0x10,0x4C,0x00,0x00,0x00,0x90,0x5A,0x2F,0x10,0x80,0xBF,0x56,0x10,0x00,0x00,0x00,0x00,0x00,0x00,0x00,0x00,
0x3C,0x7C,0x4B,0x10,0x40,0x00,0x00,0x00,0x40,0x5B,0x2F,0x10,0x80,0xBF,0x56,0x10,0x00,0x00,0x00,0x00,0x00,0x00,0x00,0x00,0x50,0x7C,0x4B,0x10,0x28,0x00,0x00,0x00,0x50,0x46,0x2F,0x10,0xCC,0x95,0x56,0x10,0x00,0x00,0x00,0x00,0x00,0x00,0x00,0x00,0x6C,0x7C,
0x4B,0x10,0x24,0x00,0x00,0x00,0xD0,0x46,0x2F,0x10,0xCC,0x95,0x56,0x10,0x00,0x00,0x00,0x00,0x00,0x00,0x00,0x00,0x84,0x7C,0x4B,0x10,0x38,0x00,0x00,0x00,0xC0,0x5B,0x2F,0x10,0x80,0xBF,0x56,0x10,0x00,0x00,0x00,0x00,0x00,0x00,0x00,0x00,0xA4,0x7C,0x4B,0x10,
0x50,0x01,0x00,0x00,0xD0,0x60,0x2F,0x10,0x88,0xB4,0x56,0x10,0x00,0x00,0x00,0x00,0x00,0x00,0x00,0x00,0xFF,0xFF,0xFF,0xFF,0xFF,0xFF,0xFF,0xFF,0xA0,0x60,0x2F,0x10,0x00,0x00,0x00,0x00,0x58,0x84,0x57,0x10,0xFF,0xFF,0xFF,0xFF,0xFF,0xFF,0xFF,0xFF,0x60,0x5F,
0x2F,0x10,0x00,0x00,0x00,0x00,0xB8,0x83,0x57,0x10,0xFF,0xFF,0xFF,0xFF,0xFF,0xFF,0xFF,0xFF,0xE0,0x5F,0x2F,0x10,0x00,0x00,0x00,0x00,0xC0,0x83,0x57,0x10,0xFF,0xFF,0xFF,0xFF,0xFF,0xFF,0xFF,0xFF,0xF0,0x5E,0x2F,0x10,0x00,0x00,0x00,0x00,0x00,0x84,0x57,0x10,
0x00,0x00,0x00,0x00,0x00,0x00,0x00,0x00,0x00,0x00,0x00,0x00,0x00,0x00,0x00,0x00,0xEC,0x5A,0x57,0x10,0xE0,0x23,0x4D,0x10,0x00,0x00,0x00,0x00,0x2E,0x3F,0x41,0x56,0x77,0x78,0x4E,0x6F,0x74,0x65,0x62,0x6F,0x6F,0x6B,0x40,0x40,0x00,0x00,0x00,0x00,0xE0,0x23,
0x4D,0x10,0x00,0x00,0x00,0x00,0x2E,0x3F,0x41,0x56,0x77,0x78,0x4E,0x6F,0x74,0x65,0x62,0x6F,0x6F,0x6B,0x42,0x61,0x73,0x65,0x40,0x40,0x00,0x00,0x00,0x00,0xE0,0x23,0x4D,0x10,0x00,0x00,0x00,0x00,0x2E,0x3F,0x41,0x56,0x77,0x78,0x42,0x6F,0x6F,0x6B,0x43,0x74,
0x72,0x6C,0x42,0x61,0x73,0x65,0x40,0x40,0x00,0x00,0x00,0x00,0xE0,0x23,0x4D,0x10,0x00,0x00,0x00,0x00,0x2E,0x3F,0x41,0x56,0x77,0x78,0x42,0x6F,0x6F,0x6B,0x43,0x74,0x72,0x6C,0x42,0x61,0x73,0x65,0x45,0x76,0x65,0x6E,0x74,0x40,0x40,0x00,0x00,0x00,0xE0,0x23,
0x4D,0x10,0x00,0x00,0x00,0x00,0x2E,0x3F,0x41,0x56,0x77,0x78,0x4E,0x6F,0x74,0x65,0x62,0x6F,0x6F,0x6B,0x45,0x76,0x65,0x6E,0x74,0x40,0x40,0x00,0x00,0x00,0xE0,0x23,0x4D,0x10,0x00,0x00,0x00,0x00,0x2E,0x3F,0x41,0x56,0x77,0x78,0x4E,0x6F,0x74,0x65,0x62,0x6F,
0x6F,0x6B,0x50,0x61,0x67,0x65,0x49,0x6E,0x66,0x6F,0x40,0x40,0x00,0x00,0x00,0x00,0xE0,0x23,0x4D,0x10,0x00,0x00,0x00,0x00,0x2E,0x3F,0x41,0x56,0x77,0x78,0x4E,0x6F,0x74,0x65,0x62,0x6F,0x6F,0x6B,0x50,0x61,0x67,0x65,0x49,0x6E,0x66,0x6F,0x4C,0x69,0x73,0x74,
0x40,0x40,0x00,0x00,0x00,0x00,0xE0,0x23,0x4D,0x10,0x00,0x00,0x00,0x00,0x2E,0x3F,0x41,0x56,0x77,0x78,0x77,0x78,0x4E,0x6F,0x74,0x65,0x62,0x6F,0x6F,0x6B,0x50,0x61,0x67,0x65,0x49,0x6E,0x66,0x6F,0x4C,0x69,0x73,0x74,0x4E,0x6F,0x64,0x65,0x40,0x40,0x00,0x00,
0xFF,0xFF,0xFF,0xFF,0xFF,0xFF,0xFF,0xFF,0xFF,0xFF,0xFF,0xFF,0x60,0x77,0x2F,0x10,0x00,0x00,0x00,0x00,0x58,0x85,0x57,0x10,0xFF,0xFF,0xFF,0xFF,0xFF,0xFF,0xFF,0xFF,0xE0,0x8C,0x2F,0x10,0x00,0x00,0x00,0x00,0x58,0x84,0x57,0x10,0xFF,0xFF,0xFF,0xFF,0xFF,0xFF,
0xFF,0xFF,0x80,0x77,0x2F,0x10,0x00,0x00,0x00,0x00,0x00,0x84,0x57,0x10,0xFF,0xFF,0xFF,0xFF,0xFF,0xFF,0xFF,0xFF,0x00,0x65,0x2F,0x10,0x00,0x00,0x00,0x00,0xA4,0x84,0x57,0x10,0xFF,0xFF,0xFF,0xFF,0xFF,0xFF,0xFF,0xFF,0x00,0x8B,0x2F,0x10,0x00,0x00,0x00,0x00,
0xA0,0x84,0x57,0x10,0x00,0x00,0x00,0x00,0x00,0x00,0x00,0x00,0x00,0x00,0x00,0x00,0x00,0x00,0x00,0x00,0xEC,0x5A,0x57,0x10,0x40,0x87,0x4B,0x10,0xA0,0x01,0x00,0x00,0x70,0x7F,0x2F,0x10,0xDC,0xB8,0x56,0x10,0x00,0x00,0x00,0x00,0x00,0x00,0x00,0x00,0x4C,0x87,
0x4B,0x10,0x18,0x00,0x00,0x00,0x90,0x6D,0x2F,0x10,0xB0,0x5A,0x57,0x10,0x00,0x00,0x00,0x00,0x00,0x00,0x00,0x00,0x60,0x87,0x4B,0x10,0x44,0x00,0x00,0x00,0xD0,0x6D,0x2F,0x10,0x98,0xBF,0x56,0x10,0x00,0x00,0x00,0x00,0x00,0x00,0x00,0x00,0xFF,0xFF,0xFF,0xFF,
0x50,0x88,0x4B,0x10,0x50,0x01,0x00,0x00,0xF0,0xA7,0x2F,0x10,0xDC,0xB8,0x56,0x10,0x00,0x00,0x00,0x00,0x00,0x00,0x00,0x00,0xE0,0x23,0x4D,0x10,0x00,0x00,0x00,0x00,0x2E,0x3F,0x41,0x56,0x77,0x78,0x54,0x65,0x78,0x74,0x55,0x72,0x6C,0x45,0x76,0x65,0x6E,0x74,
0x40,0x40,0x00,0x00,0x00,0x00,0xB8,0x88,0x4B,0x10,0x80,0x00,0x00,0x00,0x10,0xAF,0x2F,0x10,0x80,0xBF,0x56,0x10,0x00,0x00,0x00,0x00,0x00,0x00,0x00,0x00,0xC8,0x88,0x4B,0x10,0xA4,0x01,0x00,0x00,0x00,0x00,0x00,0x00,0xDC,0xB8,0x56,0x10,0x00,0x00,0x00,0x00,
0x00,0x00,0x00,0x00,0xB4,0x89,0x4B,0x10,0x54,0x00,0x00,0x00,0x30,0xC9,0x2F,0x10,0x3C,0xBE,0x56,0x10,0x00,0x00,0x00,0x00,0x00,0x00,0x00,0x00,0xFF,0xFF,0xFF,0xFF,0xFF,0xFF,0xFF,0xFF,0x20,0xC7,0x2F,0x10,0x00,0x00,0x00,0x00,0xF8,0x83,0x57,0x10,0x00,0x00,
0x00,0x00,0x00,0x00,0x00,0x00,0x00,0x00,0x00,0x00,0x00,0x00,0x00,0x00,0xEC,0x5A,0x57,0x10,0xE0,0x23,0x4D,0x10,0x00,0x00,0x00,0x00,0x2E,0x3F,0x41,0x56,0x77,0x78,0x56,0x61,0x72,0x69,0x61,0x6E,0x74,0x44,0x61,0x74,0x61,0x40,0x40,0x00,0xE0,0x23,0x4D,0x10,
0x00,0x00,0x00,0x00,0x2E,0x3F,0x41,0x56,0x77,0x78,0x43,0x6F,0x6C,0x6F,0x75,0x72,0x56,0x61,0x72,0x69,0x61,0x6E,0x74,0x44,0x61,0x74,0x61,0x40,0x40,0x00,0x00,0x00,0x84,0x8A,0x4B,0x10,0x20,0x00,0x00,0x00,0x00,0x00,0x00,0x00,0xD0,0x40,0x57,0x10,0x00,0x00,
0x00,0x00,0x00,0x00,0x00,0x00,0xA0,0x8A,0x4B,0x10,0xAC,0x8A,0x4B,0x10,0xB8,0x8A,0x4B,0x10,0xE0,0x23,0x4D,0x10,0x00,0x00,0x00,0x00,0x2E,0x3F,0x41,0x56,0x77,0x78,0x4D,0x65,0x6E,0x75,0x49,0x74,0x65,0x6D,0x4C,0x69,0x73,0x74,0x40,0x40,0x00,0x00,0x00,0x00,
0xE0,0x23,0x4D,0x10,0x00,0x00,0x00,0x00,0x2E,0x3F,0x41,0x56,0x77,0x78,0x77,0x78,0x4D,0x65,0x6E,0x75,0x49,0x74,0x65,0x6D,0x4C,0x69,0x73,0x74,0x4E,0x6F,0x64,0x65,0x40,0x40,0x00,0x00,0xE0,0x23,0x4D,0x10,0x00,0x00,0x00,0x00,0x2E,0x3F,0x41,0x56,0x77,0x78,
0x4D,0x65,0x6E,0x75,0x42,0x61,0x73,0x65,0x40,0x40,0x00,0x00,0x00,0x00,0xE0,0x23,0x4D,0x10,0x00,0x00,0x00,0x00,0x2E,0x3F,0x41,0x56,0x77,0x78,0x4D,0x65,0x6E,0x75,0x40,0x40,0x00,0x00,0x00,0x00,0xE0,0x23,0x4D,0x10,0x00,0x00,0x00,0x00,0x2E,0x3F,0x41,0x56,
0x77,0x78,0x52,0x69,0x63,0x68,0x45,0x64,0x69,0x74,0x4D,0x6F,0x64,0x75,0x6C,0x65,0x40,0x40,0x00,0x00,0x50,0x8D,0x4B,0x10,0x18,0x00,0x00,0x00,0x70,0x02,0x30,0x10,0xD8,0xA2,0x56,0x10,0x00,0x00,0x00,0x00,0x00,0x00,0x00,0x00,0x64,0x8D,0x4B,0x10,0xB4,0x01,
0x00,0x00,0x60,0x03,0x30,0x10,0x8C,0xC5,0x56,0x10,0x00,0x00,0x00,0x00,0x00,0x00,0x00,0x00,0xFF,0xFF,0xFF,0xFF,0xFF,0xFF,0xFF,0xFF,0x40,0xF0,0x2F,0x10,0x00,0x00,0x00,0x00,0xF8,0x83,0x57,0x10,0xFF,0xFF,0xFF,0xFF,0xFF,0xFF,0xFF,0xFF,0x20,0xEF,0x2F,0x10,
0x00,0x00,0x00,0x00,0xE4,0x84,0x57,0x10,0xFF,0xFF,0xFF,0xFF,0xFF,0xFF,0xFF,0xFF,0xC0,0xF6,0x2F,0x10,0x00,0x00,0x00,0x00,0xBC,0x84,0x57,0x10,0xA7,0x13,0x00,0x00,0xFF,0xFF,0xFF,0xFF,0x90,0xD7,0x2F,0x10,0x00,0x00,0x00,0x00,0x5C,0x83,0x57,0x10,0xA8,0x13,
0x00,0x00,0xFF,0xFF,0xFF,0xFF,0xA0,0xD7,0x2F,0x10,0x00,0x00,0x00,0x00,0x5C,0x83,0x57,0x10,0xA9,0x13,0x00,0x00,0xFF,0xFF,0xFF,0xFF,0xB0,0xD7,0x2F,0x10,0x00,0x00,0x00,0x00,0x5C,0x83,0x57,0x10,0x8F,0x13,0x00,0x00,0xFF,0xFF,0xFF,0xFF,0xC0,0xD7,0x2F,0x10,
0x00,0x00,0x00,0x00,0x5C,0x83,0x57,0x10,0x90,0x13,0x00,0x00,0xFF,0xFF,0xFF,0xFF,0xD0,0xD7,0x2F,0x10,0x00,0x00,0x00,0x00,0x5C,0x83,0x57,0x10,0xAA,0x13,0x00,0x00,0xFF,0xFF,0xFF,0xFF,0xE0,0xD7,0x2F,0x10,0x00,0x00,0x00,0x00,0x5C,0x83,0x57,0x10,0xAD,0x13,
0x00,0x00,0xFF,0xFF,0xFF,0xFF,0x30,0xD8,0x2F,0x10,0x00,0x00,0x00,0x00,0x5C,0x83,0x57,0x10,0xA7,0x13,0x00,0x00,0xFF,0xFF,0xFF,0xFF,0x90,0xF5,0x2F,0x10,0x00,0x00,0x00,0x00,0xF8,0x84,0x57,0x10,0xA8,0x13,0x00,0x00,0xFF,0xFF,0xFF,0xFF,0xB0,0xF5,0x2F,0x10,
0x00,0x00,0x00,0x00,0xF8,0x84,0x57,0x10,0xA9,0x13,0x00,0x00,0xFF,0xFF,0xFF,0xFF,0xD0,0xF5,0x2F,0x10,0x00,0x00,0x00,0x00,0xF8,0x84,0x57,0x10,0x8F,0x13,0x00,0x00,0xFF,0xFF,0xFF,0xFF,0xF0,0xF5,0x2F,0x10,0x00,0x00,0x00,0x00,0xF8,0x84,0x57,0x10,0x90,0x13,
0x00,0x00,0xFF,0xFF,0xFF,0xFF,0x10,0xF6,0x2F,0x10,0x00,0x00,0x00,0x00,0xF8,0x84,0x57,0x10,0xAA,0x13,0x00,0x00,0xFF,0xFF,0xFF,0xFF,0x30,0xF6,0x2F,0x10,0x00,0x00,0x00,0x00,0xF8,0x84,0x57,0x10,0xAD,0x13,0x00,0x00,0xFF,0xFF,0xFF,0xFF,0xA0,0xF6,0x2F,0x10,
0x00,0x00,0x00,0x00,0xF8,0x84,0x57,0x10,0xFF,0xFF,0xFF,0xFF,0xFF,0xFF,0xFF,0xFF,0x80,0xFD,0x2F,0x10,0x00,0x00,0x00,0x00,0xB8,0x83,0x57,0x10,0x00,0x00,0x00,0x00,0x00,0x00,0x00,0x00,0x00,0x00,0x00,0x00,0x00,0x00,0x00,0x00,0xEC,0x5A,0x57,0x10,0xE0,0x23,
0x4D,0x10,0x00,0x00,0x00,0x00,0x2E,0x3F,0x41,0x56,0x77,0x78,0x4D,0x65,0x73,0x73,0x61,0x67,0x65,0x44,0x69,0x61,0x6C,0x6F,0x67,0x40,0x40,0x00,0x00,0x00,0xE0,0x23,0x4D,0x10,0x00,0x00,0x00,0x00,0x2E,0x3F,0x41,0x56,0x77,0x78,0x4D,0x65,0x73,0x73,0x61,0x67,
0x65,0x44,0x69,0x61,0x6C,0x6F,0x67,0x42,0x61,0x73,0x65,0x40,0x40,0x00,0x00,0x00,0x88,0x90,0x4B,0x10,0xB0,0x01,0x00,0x00,0x00,0x00,0x00,0x00,0xD0,0xB6,0x56,0x10,0x00,0x00,0x00,0x00,0x00,0x00,0x00,0x00,0xE0,0x23,0x4D,0x10,0x00,0x00,0x00,0x00,0x2E,0x3F,
0x41,0x56,0x77,0x78,0x4C,0x69,0x73,0x74,0x42,0x6F,0x78,0x42,0x61,0x73,0x65,0x40,0x40,0x00,0xE0,0x23,0x4D,0x10,0x00,0x00,0x00,0x00,0x2E,0x3F,0x41,0x56,0x77,0x78,0x4C,0x69,0x73,0x74,0x42,0x6F,0x78,0x49,0x74,0x65,0x6D,0x40,0x40,0x00,0xE0,0x23,0x4D,0x10,
0x00,0x00,0x00,0x00,0x2E,0x3F,0x41,0x56,0x77,0x78,0x4F,0x77,0x6E,0x65,0x72,0x44,0x72,0x61,0x77,0x6E,0x40,0x40,0x00,0x00,0xE0,0x23,0x4D,0x10,0x00,0x00,0x00,0x00,0x2E,0x3F,0x41,0x56,0x77,0x78,0x4C,0x69,0x73,0x74,0x42,0x6F,0x78,0x40,0x40,0x00,0x18,0x97,
0x4B,0x10,0x6C,0x01,0x00,0x00,0x60,0x34,0x30,0x10,0xDC,0xB8,0x56,0x10,0x00,0x00,0x00,0x00,0x00,0x00,0x00,0x00,0x24,0x97,0x4B,0x10,0x58,0x01,0x00,0x00,0x00,0x00,0x00,0x00,0xDC,0xB8,0x56,0x10,0x00,0x00,0x00,0x00,0x00,0x00,0x00,0x00,0x38,0x97,0x4B,0x10,
0x58,0x01,0x00,0x00,0x20,0x43,0x30,0x10,0xDC,0xB8,0x56,0x10,0x00,0x00,0x00,0x00,0x00,0x00,0x00,0x00,0xE0,0x23,0x4D,0x10,0x00,0x00,0x00,0x00,0x2E,0x3F,0x41,0x56,0x77,0x78,0x53,0x70,0x69,0x6E,0x45,0x76,0x65,0x6E,0x74,0x40,0x40,0x00,0x00,0x00,0x64,0x97,
0x4B,0x10,0x3C,0x00,0x00,0x00,0x60,0x4E,0x30,0x10,0x98,0xBF,0x56,0x10,0x00,0x00,0x00,0x00,0x00,0x00,0x00,0x00,0x70,0x97,0x4B,0x10,0x58,0x01,0x00,0x00,0xD0,0x4E,0x30,0x10,0xDC,0xB8,0x56,0x10,0x00,0x00,0x00,0x00,0x00,0x00,0x00,0x00,0x0C,0xC0,0x49,0x10,
0x64,0x01,0x00,0x00,0xE0,0x56,0x30,0x10,0xDC,0xB8,0x56,0x10,0x00,0x00,0x00,0x00,0x00,0x00,0x00,0x00,0xFF,0xFF,0xFF,0xFF,0xFF,0xFF,0xFF,0xFF,0x30,0x5A,0x30,0x10,0x00,0x00,0x00,0x00,0xF8,0x83,0x57,0x10,0xFF,0xFF,0xFF,0xFF,0xFF,0xFF,0xFF,0xFF,0x00,0x5C,
0x30,0x10,0x00,0x00,0x00,0x00,0xB8,0x83,0x57,0x10,0xFF,0xFF,0xFF,0xFF,0xFF,0xFF,0xFF,0xFF,0xE0,0x5B,0x30,0x10,0x00,0x00,0x00,0x00,0xBC,0x83,0x57,0x10,0xFF,0xFF,0xFF,0xFF,0xFF,0xFF,0xFF,0xFF,0xB0,0x5E,0x30,0x10,0x00,0x00,0x00,0x00,0x2C,0x84,0x57,0x10,
0x00,0x00,0x00,0x00,0x00,0x00,0x00,0x00,0x00,0x00,0x00,0x00,0x00,0x00,0x00,0x00,0xEC,0x5A,0x57,0x10,0x88,0x97,0x4B,0x10,0x50,0x01,0x00,0x00,0x80,0x64,0x30,0x10,0xDC,0xB8,0x56,0x10,0x00,0x00,0x00,0x00,0x00,0x00,0x00,0x00,0x98,0x97,0x4B,0x10,0x5C,0x01,
0x00,0x00,0x70,0x71,0x30,0x10,0xDC,0xB8,0x56,0x10,0x00,0x00,0x00,0x00,0x00,0x00,0x00,0x00,0xE0,0x23,0x4D,0x10,0x00,0x00,0x00,0x00,0x2E,0x3F,0x41,0x56,0x77,0x78,0x4C,0x69,0x73,0x74,0x49,0x74,0x65,0x6D,0x40,0x40,0x00,0x00,0x00,0x00,0xE0,0x23,0x4D,0x10,
0x00,0x00,0x00,0x00,0x2E,0x3F,0x41,0x56,0x77,0x78,0x4C,0x69,0x73,0x74,0x45,0x76,0x65,0x6E,0x74,0x40,0x40,0x00,0x00,0x00,0xE0,0x23,0x4D,0x10,0x00,0x00,0x00,0x00,0x2E,0x3F,0x41,0x56,0x77,0x78,0x4C,0x69,0x73,0x74,0x56,0x69,0x65,0x77,0x40,0x40,0x00,0x00,
0x00,0x00,0x18,0x9C,0x4B,0x10,0x70,0x01,0x00,0x00,0xE0,0x7C,0x30,0x10,0xDC,0xB8,0x56,0x10,0x00,0x00,0x00,0x00,0x00,0x00,0x00,0x00,0x24,0x9C,0x4B,0x10,0x70,0x01,0x00,0x00,0x70,0xBD,0x30,0x10,0xE8,0xCA,0x56,0x10,0x00,0x00,0x00,0x00,0x00,0x00,0x00,0x00,
0x30,0x9C,0x4B,0x10,0x34,0x00,0x00,0x00,0x50,0x7D,0x30,0x10,0xB0,0x5A,0x57,0x10,0x00,0x00,0x00,0x00,0x00,0x00,0x00,0x00,0x3C,0x9C,0x4B,0x10,0x8C,0x00,0x00,0x00,0x40,0x98,0x30,0x10,0x98,0xBF,0x56,0x10,0x00,0x00,0x00,0x00,0x00,0x00,0x00,0x00,0xFF,0xFF,
0xFF,0xFF,0xFF,0xFF,0xFF,0xFF,0xB0,0xAA,0x30,0x10,0x00,0x00,0x00,0x00,0xA0,0x84,0x57,0x10,0x00,0x00,0x00,0x00,0x00,0x00,0x00,0x00,0x00,0x00,0x00,0x00,0x00,0x00,0x00,0x00,0xEC,0x5A,0x57,0x10,0x78,0x9C,0x4B,0x10,0x3C,0x00,0x00,0x00,0x00,0x00,0x00,0x00,
0xB4,0x95,0x56,0x10,0x00,0x00,0x00,0x00,0x00,0x00,0x00,0x00,0xE0,0x23,0x4D,0x10,0x00,0x00,0x00,0x00,0x2E,0x3F,0x41,0x56,0x77,0x78,0x54,0x69,0x6D,0x65,0x72,0x45,0x76,0x65,0x6E,0x74,0x40,0x40,0x00,0x00,0xA4,0x9C,0x4B,0x10,0x28,0x00,0x00,0x00,0xB0,0xD1,
0x30,0x10,0xCC,0x95,0x56,0x10,0x00,0x00,0x00,0x00,0x00,0x00,0x00,0x00,0xB4,0x9C,0x4B,0x10,0x3C,0x00,0x00,0x00,0x00,0x00,0x00,0x00,0x3C,0xBE,0x56,0x10,0x00,0x00,0x00,0x00,0x00,0x00,0x00,0x00,0x00,0x00,0x00,0x00,0xD0,0x9C,0x4B,0x10,0x5C,0x01,0x00,0x00,
0x00,0xEC,0x30,0x10,0xDC,0xB8,0x56,0x10,0x00,0x00,0x00,0x00,0x00,0x00,0x00,0x00,0xA7,0x13,0x00,0x00,0xFF,0xFF,0xFF,0xFF,0x00,0xE1,0x30,0x10,0x00,0x00,0x00,0x00,0x5C,0x83,0x57,0x10,0xA8,0x13,0x00,0x00,0xFF,0xFF,0xFF,0xFF,0x10,0xE1,0x30,0x10,0x00,0x00,
0x00,0x00,0x5C,0x83,0x57,0x10,0xA9,0x13,0x00,0x00,0xFF,0xFF,0xFF,0xFF,0x20,0xE1,0x30,0x10,0x00,0x00,0x00,0x00,0x5C,0x83,0x57,0x10,0x8F,0x13,0x00,0x00,0xFF,0xFF,0xFF,0xFF,0x30,0xE1,0x30,0x10,0x00,0x00,0x00,0x00,0x5C,0x83,0x57,0x10,0x90,0x13,0x00,0x00,
0xFF,0xFF,0xFF,0xFF,0x40,0xE1,0x30,0x10,0x00,0x00,0x00,0x00,0x5C,0x83,0x57,0x10,0xAA,0x13,0x00,0x00,0xFF,0xFF,0xFF,0xFF,0x50,0xE1,0x30,0x10,0x00,0x00,0x00,0x00,0x5C,0x83,0x57,0x10,0xAD,0x13,0x00,0x00,0xFF,0xFF,0xFF,0xFF,0xA0,0xE1,0x30,0x10,0x00,0x00,
0x00,0x00,0x5C,0x83,0x57,0x10,0xA7,0x13,0x00,0x00,0xFF,0xFF,0xFF,0xFF,0xC0,0xEA,0x30,0x10,0x00,0x00,0x00,0x00,0xF8,0x84,0x57,0x10,0xA8,0x13,0x00,0x00,0xFF,0xFF,0xFF,0xFF,0xE0,0xEA,0x30,0x10,0x00,0x00,0x00,0x00,0xF8,0x84,0x57,0x10,0xA9,0x13,0x00,0x00,
0xFF,0xFF,0xFF,0xFF,0x00,0xEB,0x30,0x10,0x00,0x00,0x00,0x00,0xF8,0x84,0x57,0x10,0x8F,0x13,0x00,0x00,0xFF,0xFF,0xFF,0xFF,0x20,0xEB,0x30,0x10,0x00,0x00,0x00,0x00,0xF8,0x84,0x57,0x10,0x90,0x13,0x00,0x00,0xFF,0xFF,0xFF,0xFF,0x40,0xEB,0x30,0x10,0x00,0x00,
0x00,0x00,0xF8,0x84,0x57,0x10,0xAA,0x13,0x00,0x00,0xFF,0xFF,0xFF,0xFF,0x60,0xEB,0x30,0x10,0x00,0x00,0x00,0x00,0xF8,0x84,0x57,0x10,0xAD,0x13,0x00,0x00,0xFF,0xFF,0xFF,0xFF,0xB0,0xEB,0x30,0x10,0x00,0x00,0x00,0x00,0xF8,0x84,0x57,0x10,0x00,0x00,0x00,0x00,
0x00,0x00,0x00,0x00,0x00,0x00,0x00,0x00,0x00,0x00,0x00,0x00,0xEC,0x5A,0x57,0x10,0xE0,0x23,0x4D,0x10,0x00,0x00,0x00,0x00,0x2E,0x3F,0x41,0x56,0x77,0x78,0x54,0x72,0x65,0x65,0x43,0x74,0x72,0x6C,0x42,0x61,0x73,0x65,0x40,0x40,0x00,0x00,0x00,0x00,0xE0,0x23,
0x4D,0x10,0x00,0x00,0x00,0x00,0x2E,0x3F,0x41,0x56,0x77,0x78,0x54,0x72,0x65,0x65,0x45,0x76,0x65,0x6E,0x74,0x40,0x40,0x00,0x00,0x00,0xB0,0xA0,0x4B,0x10,0x94,0x00,0x00,0x00,0x00,0x00,0x00,0x00,0x98,0xBF,0x56,0x10,0x00,0x00,0x00,0x00,0x00,0x00,0x00,0x00,
0xE0,0x23,0x4D,0x10,0x00,0x00,0x00,0x00,0x2E,0x3F,0x41,0x56,0x77,0x78,0x50,0x61,0x6C,0x65,0x74,0x74,0x65,0x42,0x61,0x73,0x65,0x40,0x40,0x00,0xFF,0xFF,0xFF,0xFF,0xFF,0xFF,0xFF,0xFF,0xE0,0x23,0x4D,0x10,0x00,0x00,0x00,0x00,0x2E,0x3F,0x41,0x56,0x77,0x78,
0x44,0x43,0x43,0x61,0x63,0x68,0x65,0x45,0x6E,0x74,0x72,0x79,0x40,0x40,0x00,0x00,0x00,0x00,0xE0,0x23,0x4D,0x10,0x00,0x00,0x00,0x00,0x2E,0x3F,0x41,0x56,0x77,0x78,0x44,0x43,0x4D,0x6F,0x64,0x75,0x6C,0x65,0x40,0x40,0x00,0x00,0x00,0x00,0xE0,0x23,0x4D,0x10,
0x00,0x00,0x00,0x00,0x2E,0x3F,0x41,0x56,0x77,0x78,0x50,0x61,0x6C,0x65,0x74,0x74,0x65,0x40,0x40,0x00,0xD0,0xA1,0x4B,0x10,0x00,0x01,0x00,0x00,0x00,0x00,0x00,0x00,0x88,0xD7,0x56,0x10,0x00,0x00,0x00,0x00,0x00,0x00,0x00,0x00,0x00,0x00,0x00,0x00,0xD8,0xA1,
0x4B,0x10,0x00,0x00,0x00,0x00,0xE0,0xA1,0x4B,0x10,0xE8,0xA1,0x4B,0x10,0x18,0x00,0x00,0x00,0xB0,0x2C,0x31,0x10,0xD8,0xA2,0x56,0x10,0x00,0x00,0x00,0x00,0x00,0x00,0x00,0x00,0xE0,0x23,0x4D,0x10,0x00,0x00,0x00,0x00,0x2E,0x3F,0x41,0x56,0x77,0x78,0x54,0x6F,
0x6F,0x6C,0x42,0x61,0x72,0x40,0x40,0x00,0xE0,0x23,0x4D,0x10,0x00,0x00,0x00,0x00,0x2E,0x3F,0x41,0x56,0x77,0x78,0x54,0x6F,0x6F,0x6C,0x42,0x61,0x72,0x42,0x61,0x73,0x65,0x40,0x40,0x00,0xE0,0x23,0x4D,0x10,0x00,0x00,0x00,0x00,0x2E,0x3F,0x41,0x56,0x77,0x78,
0x53,0x74,0x61,0x74,0x75,0x73,0x42,0x61,0x72,0x40,0x40,0x00,0x00,0x00,0xE0,0x23,0x4D,0x10,0x00,0x00,0x00,0x00,0x2E,0x3F,0x41,0x56,0x77,0x78,0x53,0x74,0x61,0x74,0x75,0x73,0x42,0x61,0x72,0x42,0x61,0x73,0x65,0x40,0x40,0x00,0x00,0x00,0xFF,0xFF,0xFF,0xFF,
0xFF,0xFF,0xFF,0xFF,0x10,0x4A,0x31,0x10,0x00,0x00,0x00,0x00,0xB0,0x84,0x57,0x10,0xFF,0xFF,0xFF,0xFF,0xFF,0xFF,0xFF,0xFF,0x30,0x4A,0x31,0x10,0x00,0x00,0x00,0x00,0xB4,0x84,0x57,0x10,0xFF,0xFF,0xFF,0xFF,0xFF,0xFF,0xFF,0xFF,0xD0,0x4E,0x31,0x10,0x00,0x00,
0x00,0x00,0xB8,0x84,0x57,0x10,0x00,0x00,0x00,0x00,0x00,0x00,0x00,0x00,0x00,0x00,0x00,0x00,0x00,0x00,0x00,0x00,0xEC,0x5A,0x57,0x10,0x01,0x00,0x00,0x00,0xFF,0xFF,0xFF,0xFF,0xFF,0xFF,0xFF,0xFF,0x50,0x58,0x31,0x10,0x00,0x00,0x00,0x00,0xC0,0x84,0x57,0x10,
0x00,0x00,0x00,0x00,0x00,0x00,0x00,0x00,0x00,0x00,0x00,0x00,0x00,0x00,0x00,0x00,0xEC,0x5A,0x57,0x10,0x98,0xAE,0x4B,0x10,0x9C,0x01,0x00,0x00,0x50,0x52,0x31,0x10,0x30,0xB9,0x56,0x10,0x00,0x00,0x00,0x00,0x00,0x00,0x00,0x00,0xE0,0x23,0x4D,0x10,0x00,0x00,
0x00,0x00,0x2E,0x3F,0x41,0x56,0x77,0x78,0x53,0x74,0x61,0x74,0x75,0x73,0x42,0x61,0x72,0x47,0x65,0x6E,0x65,0x72,0x69,0x63,0x40,0x40,0x00,0x00,0x00,0x00,0xE0,0x23,0x4D,0x10,0x00,0x00,0x00,0x00,0x2E,0x3F,0x41,0x56,0x77,0x78,0x4D,0x73,0x67,0x4C,0x69,0x73,
0x74,0x40,0x40,0x00,0xE0,0x23,0x4D,0x10,0x00,0x00,0x00,0x00,0x2E,0x3F,0x41,0x56,0x77,0x78,0x77,0x78,0x4D,0x73,0x67,0x4C,0x69,0x73,0x74,0x4E,0x6F,0x64,0x65,0x40,0x40,0x00,0x01,0x00,0xE0,0x23,0x4D,0x10,0x00,0x00,0x00,0x00,0x2E,0x3F,0x41,0x56,0x77,0x78,
0x4C,0x6F,0x67,0x46,0x72,0x61,0x6D,0x65,0x40,0x40,0x00,0x00,0x00,0x00,0xE0,0x23,0x4D,0x10,0x00,0x00,0x00,0x00,0x2E,0x3F,0x41,0x56,0x77,0x78,0x4C,0x6F,0x67,0x57,0x69,0x6E,0x64,0x6F,0x77,0x40,0x40,0x00,0x00,0x00,0xE0,0x23,0x4D,0x10,0x00,0x00,0x00,0x00,
0x2E,0x3F,0x41,0x56,0x77,0x78,0x49,0x6D,0x61,0x67,0x65,0x4C,0x69,0x73,0x74,0x40,0x40,0x00,0x00,0x00,0xE0,0x23,0x4D,0x10,0x00,0x00,0x00,0x00,0x2E,0x3F,0x41,0x56,0x77,0x78,0x4C,0x6F,0x67,0x44,0x69,0x61,0x6C,0x6F,0x67,0x40,0x40,0x00,0x00,0x00,0xE0,0x23,
0x4D,0x10,0x00,0x00,0x00,0x00,0x2E,0x3F,0x41,0x56,0x77,0x78,0x4C,0x6F,0x67,0x54,0x65,0x78,0x74,0x43,0x74,0x72,0x6C,0x40,0x40,0x00,0xE0,0x23,0x4D,0x10,0x00,0x00,0x00,0x00,0x2E,0x3F,0x41,0x56,0x77,0x78,0x4C,0x6F,0x67,0x47,0x75,0x69,0x40,0x40,0x00,0x00,
0x08,0xB7,0x4B,0x10,0xF8,0xB6,0x4B,0x10,0x14,0xB7,0x4B,0x10,0xEC,0x13,0x00,0x00,0xFF,0xFF,0xFF,0xFF,0x00,0x6D,0x31,0x10,0x00,0x00,0x00,0x00,0x44,0x83,0x57,0x10,0xF5,0x13,0x00,0x00,0xFF,0xFF,0xFF,0xFF,0xA0,0x95,0x31,0x10,0x00,0x00,0x00,0x00,0x44,0x83,
0x57,0x10,0x8B,0x13,0x00,0x00,0xFF,0xFF,0xFF,0xFF,0x40,0x9C,0x31,0x10,0x00,0x00,0x00,0x00,0x44,0x83,0x57,0x10,0xFF,0xFF,0xFF,0xFF,0xFF,0xFF,0xFF,0xFF,0xE0,0x6C,0x31,0x10,0x00,0x00,0x00,0x00,0x68,0x86,0x57,0x10,0x00,0x00,0x00,0x00,0x00,0x00,0x00,0x00,
0x00,0x00,0x00,0x00,0x00,0x00,0x00,0x00,0xEC,0x5A,0x57,0x10,0x00,0x00,0x00,0x00,0x89,0x13,0x00,0x00,0xFF,0xFF,0xFF,0xFF,0x60,0x6B,0x31,0x10,0x00,0x00,0x00,0x00,0x5C,0x83,0x57,0x10,0x8B,0x13,0x00,0x00,0xFF,0xFF,0xFF,0xFF,0x70,0x80,0x31,0x10,0x00,0x00,
0x00,0x00,0x5C,0x83,0x57,0x10,0xAA,0x13,0x00,0x00,0xFF,0xFF,0xFF,0xFF,0x80,0x6B,0x31,0x10,0x00,0x00,0x00,0x00,0x5C,0x83,0x57,0x10,0xFF,0xFF,0xFF,0xFF,0xFF,0xFF,0xFF,0xFF,0x70,0x6B,0x31,0x10,0x00,0x00,0x00,0x00,0x68,0x84,0x57,0x10,0x00,0x00,0x00,0x00,
0x00,0x00,0x00,0x00,0x00,0x00,0x00,0x00,0x00,0x00,0x00,0x00,0xEC,0x5A,0x57,0x10,0x88,0xB7,0x4B,0x10,0x68,0x4A,0x49,0x10,0xE0,0x23,0x4D,0x10,0x00,0x00,0x00,0x00,0x2E,0x3F,0x41,0x56,0x77,0x78,0x46,0x6F,0x6E,0x74,0x4D,0x61,0x70,0x70,0x65,0x72,0x40,0x40,
0x00,0x00,0xE0,0x23,0x4D,0x10,0x00,0x00,0x00,0x00,0x2E,0x3F,0x41,0x56,0x77,0x78,0x46,0x6F,0x6E,0x74,0x44,0x61,0x74,0x61,0x40,0x40,0x00,0x00,0x00,0x00,0x80,0xBB,0x4B,0x10,0x74,0xBB,0x4B,0x10,0x68,0xBB,0x4B,0x10,0x58,0xBB,0x4B,0x10,0x48,0xBB,0x4B,0x10,
0x38,0xBB,0x4B,0x10,0x38,0xBB,0x4B,0x10,0x28,0xBB,0x4B,0x10,0x18,0xBB,0x4B,0x10,0x18,0xBB,0x4B,0x10,0x58,0xBB,0x4B,0x10,0x18,0xBB,0x4B,0x10,0x18,0xBB,0x4B,0x10,0x58,0xBB,0x4B,0x10,0x4C,0xBF,0x4B,0x10,0x0C,0x00,0x00,0x00,0x90,0xCD,0x31,0x10,0xB0,0x5A,
0x57,0x10,0x00,0x00,0x00,0x00,0x00,0x00,0x00,0x00,0x5C,0xBF,0x4B,0x10,0x88,0x01,0x00,0x00,0x00,0x00,0x00,0x00,0x70,0xD9,0x56,0x10,0x00,0x00,0x00,0x00,0x00,0x00,0x00,0x00,0xF8,0x13,0x00,0x00,0xFF,0xFF,0xFF,0xFF,0xB0,0xCC,0x31,0x10,0x00,0x00,0x00,0x00,
0x44,0x83,0x57,0x10,0x00,0x00,0x00,0x00,0x00,0x00,0x00,0x00,0x00,0x00,0x00,0x00,0x00,0x00,0x00,0x00,0xEC,0x5A,0x57,0x10,0x70,0xBF,0x4B,0x10,0x18,0x00,0x00,0x00,0x40,0xC6,0x31,0x10,0xD8,0xA2,0x56,0x10,0x00,0x00,0x00,0x00,0x00,0x00,0x00,0x00,0xE0,0x23,
0x4D,0x10,0x00,0x00,0x00,0x00,0x2E,0x3F,0x41,0x56,0x77,0x78,0x48,0x65,0x6C,0x70,0x50,0x72,0x6F,0x76,0x69,0x64,0x65,0x72,0x40,0x40,0x00,0x00,0x00,0x00,0xE0,0x23,0x4D,0x10,0x00,0x00,0x00,0x00,0x2E,0x3F,0x41,0x56,0x77,0x78,0x43,0x6F,0x6E,0x74,0x65,0x78,
0x74,0x48,0x65,0x6C,0x70,0x45,0x76,0x74,0x48,0x61,0x6E,0x64,0x6C,0x65,0x72,0x40,0x40,0x00,0x00,0x00,0xE0,0x23,0x4D,0x10,0x00,0x00,0x00,0x00,0x2E,0x3F,0x41,0x56,0x77,0x78,0x43,0x6F,0x6E,0x74,0x65,0x78,0x74,0x48,0x65,0x6C,0x70,0x40,0x40,0x00,0xE0,0x23,
0x4D,0x10,0x00,0x00,0x00,0x00,0x2E,0x3F,0x41,0x56,0x77,0x78,0x43,0x6F,0x6E,0x74,0x65,0x78,0x74,0x48,0x65,0x6C,0x70,0x42,0x75,0x74,0x74,0x6F,0x6E,0x40,0x40,0x00,0x00,0x00,0xE0,0x23,0x4D,0x10,0x00,0x00,0x00,0x00,0x2E,0x3F,0x41,0x56,0x77,0x78,0x48,0x65,
0x6C,0x70,0x50,0x72,0x6F,0x76,0x69,0x64,0x65,0x72,0x4D,0x6F,0x64,0x75,0x6C,0x65,0x40,0x40,0x00,0x00,0xE0,0x23,0x4D,0x10,0x00,0x00,0x00,0x00,0x2E,0x3F,0x41,0x56,0x77,0x78,0x53,0x69,0x6D,0x70,0x6C,0x65,0x48,0x65,0x6C,0x70,0x50,0x72,0x6F,0x76,0x69,0x64,
0x65,0x72,0x40,0x40,0x00,0x00,0xE0,0x23,0x4D,0x10,0x00,0x00,0x00,0x00,0x2E,0x3F,0x41,0x56,0x77,0x78,0x48,0x65,0x6C,0x70,0x43,0x6F,0x6E,0x74,0x72,0x6F,0x6C,0x6C,0x65,0x72,0x48,0x65,0x6C,0x70,0x50,0x72,0x6F,0x76,0x69,0x64,0x65,0x72,0x40,0x40,0x00,0x00,
0xE0,0x23,0x4D,0x10,0x00,0x00,0x00,0x00,0x2E,0x3F,0x41,0x56,0x77,0x78,0x53,0x79,0x73,0x74,0x65,0x6D,0x53,0x65,0x74,0x74,0x69,0x6E,0x67,0x73,0x4D,0x6F,0x64,0x75,0x6C,0x65,0x40,0x40,0x00,0x00,0x00,0x00,0x64,0xC0,0x4B,0x10,0x18,0x00,0x00,0x00,0x50,0xD1,
0x31,0x10,0xD8,0xA2,0x56,0x10,0x00,0x00,0x00,0x00,0x00,0x00,0x00,0x00,0xE0,0x23,0x4D,0x10,0x00,0x00,0x00,0x00,0x2E,0x3F,0x41,0x56,0x77,0x78,0x52,0x65,0x67,0x69,0x6F,0x6E,0x52,0x65,0x66,0x44,0x61,0x74,0x61,0x40,0x40,0x00,0x00,0x00,0xE0,0x23,0x4D,0x10,
0x00,0x00,0x00,0x00,0x2E,0x3F,0x41,0x56,0x77,0x78,0x52,0x65,0x67,0x69,0x6F,0x6E,0x49,0x74,0x65,0x72,0x61,0x74,0x6F,0x72,0x40,0x40,0x00,0x00,0x98,0xC0,0x4B,0x10,0x08,0x00,0x00,0x00,0x50,0xE0,0x31,0x10,0xEC,0xB6,0x56,0x10,0x00,0x00,0x00,0x00,0x00,0x00,
0x00,0x00,0xA4,0xC0,0x4B,0x10,0x1C,0x00,0x00,0x00,0x70,0xE0,0x31,0x10,0xB0,0x5A,0x57,0x10,0x00,0x00,0x00,0x00,0x00,0x00,0x00,0x00,0xE0,0x23,0x4D,0x10,0x00,0x00,0x00,0x00,0x2E,0x3F,0x41,0x56,0x77,0x78,0x41,0x63,0x63,0x65,0x6C,0x65,0x72,0x61,0x74,0x6F,
0x72,0x52,0x65,0x66,0x44,0x61,0x74,0x61,0x40,0x40,0x00,0x00,0xC0,0xC0,0x4B,0x10,0x08,0x00,0x00,0x00,0x40,0xE4,0x31,0x10,0xB0,0x5A,0x57,0x10,0x00,0x00,0x00,0x00,0x00,0x00,0x00,0x00,0xE0,0x23,0x4D,0x10,0x00,0x00,0x00,0x00,0x2E,0x3F,0x41,0x56,0x77,0x78,
0x54,0x6F,0x6F,0x6C,0x54,0x69,0x70,0x40,0x40,0x00,0x20,0xC1,0x4B,0x10,0x10,0x00,0x00,0x00,0x00,0x00,0x00,0x00,0xB0,0x5A,0x57,0x10,0x00,0x00,0x00,0x00,0x00,0x00,0x00,0x00,0xE0,0x23,0x4D,0x10,0x00,0x00,0x00,0x00,0x2E,0x3F,0x41,0x56,0x77,0x78,0x49,0x6E,
0x64,0x69,0x76,0x69,0x64,0x75,0x61,0x6C,0x4C,0x61,0x79,0x6F,0x75,0x74,0x43,0x6F,0x6E,0x73,0x74,0x72,0x61,0x69,0x6E,0x74,0x40,0x40,0x00,0x00,0xE0,0x23,0x4D,0x10,0x00,0x00,0x00,0x00,0x2E,0x3F,0x41,0x56,0x77,0x78,0x4C,0x61,0x79,0x6F,0x75,0x74,0x43,0x6F,
0x6E,0x73,0x74,0x72,0x61,0x69,0x6E,0x74,0x73,0x40,0x40,0x00,0x00,0x00,0x60,0xC1,0x4B,0x10,0x28,0x00,0x00,0x00,0x40,0xF6,0x31,0x10,0xB0,0x5A,0x57,0x10,0x00,0x00,0x00,0x00,0x00,0x00,0x00,0x00,0x80,0xC1,0x4B,0x10,0x48,0x01,0x00,0x00,0x60,0xF6,0x31,0x10,
0xB0,0x5A,0x57,0x10,0x00,0x00,0x00,0x00,0x00,0x00,0x00,0x00,0xE0,0x23,0x4D,0x10,0x00,0x00,0x00,0x00,0x2E,0x3F,0x41,0x56,0x77,0x78,0x50,0x61,0x6C,0x65,0x74,0x74,0x65,0x52,0x65,0x66,0x44,0x61,0x74,0x61,0x40,0x40,0x00,0x00,0x9C,0xC1,0x4B,0x10,0x08,0x00,
0x00,0x00,0x10,0x03,0x32,0x10,0xEC,0xB6,0x56,0x10,0x00,0x00,0x00,0x00,0x00,0x00,0x00,0x00,0xE0,0x23,0x4D,0x10,0x00,0x00,0x00,0x00,0x2E,0x3F,0x41,0x56,0x77,0x78,0x43,0x75,0x72,0x73,0x6F,0x72,0x52,0x65,0x66,0x44,0x61,0x74,0x61,0x40,0x40,0x00,0x00,0x00,
0x78,0xC3,0x4B,0x10,0x08,0x00,0x00,0x00,0x70,0x04,0x32,0x10,0xEC,0xB6,0x56,0x10,0x00,0x00,0x00,0x00,0x00,0x00,0x00,0x00,0xE0,0x23,0x4D,0x10,0x00,0x00,0x00,0x00,0x2E,0x3F,0x41,0x56,0x77,0x78,0x4C,0x69,0x73,0x74,0x53,0x74,0x72,0x69,0x6E,0x67,0x40,0x40,
0x00,0x00,0xE0,0x23,0x4D,0x10,0x00,0x00,0x00,0x00,0x2E,0x3F,0x41,0x56,0x77,0x78,0x77,0x78,0x4C,0x69,0x73,0x74,0x53,0x74,0x72,0x69,0x6E,0x67,0x4E,0x6F,0x64,0x65,0x40,0x40,0x00,0x00,0x00,0x00,0x8C,0xC6,0x4B,0x10,0x54,0x01,0x00,0x00,0xB0,0x11,0x32,0x10,
0x88,0xB4,0x56,0x10,0x00,0x00,0x00,0x00,0x00,0x00,0x00,0x00,0xE0,0x23,0x4D,0x10,0x00,0x00,0x00,0x00,0x2E,0x3F,0x41,0x56,0x77,0x78,0x43,0x6C,0x69,0x65,0x6E,0x74,0x44,0x43,0x40,0x40,0x00,0x00,0x00,0x00,0xE0,0x23,0x4D,0x10,0x00,0x00,0x00,0x00,0x2E,0x3F,
0x41,0x56,0x77,0x78,0x57,0x69,0x6E,0x64,0x6F,0x77,0x44,0x43,0x40,0x40,0x00,0x00,0x00,0x00,0xE0,0x23,0x4D,0x10,0x00,0x00,0x00,0x00,0x2E,0x3F,0x41,0x56,0x77,0x78,0x50,0x61,0x69,0x6E,0x74,0x44,0x43,0x40,0x40,0x00,0xE0,0x23,0x4D,0x10,0x00,0x00,0x00,0x00,
0x2E,0x3F,0x41,0x56,0x77,0x78,0x50,0x61,0x69,0x6E,0x74,0x44,0x43,0x45,0x78,0x40,0x40,0x00,0x00,0x00,0x14,0xCC,0x4B,0x10,0x00,0x01,0x00,0x00,0x90,0x2A,0x32,0x10,0xE8,0xCD,0x56,0x10,0x00,0x00,0x00,0x00,0x00,0x00,0x00,0x00,0x20,0xCC,0x4B,0x10,0x00,0x01,
0x00,0x00,0x00,0x2B,0x32,0x10,0xB8,0xD5,0x56,0x10,0x00,0x00,0x00,0x00,0x00,0x00,0x00,0x00,0x2C,0xCC,0x4B,0x10,0x00,0x01,0x00,0x00,0x70,0x2B,0x32,0x10,0xD0,0xD5,0x56,0x10,0x00,0x00,0x00,0x00,0x00,0x00,0x00,0x00,0x38,0xCC,0x4B,0x10,0x08,0x01,0x00,0x00,
0x00,0x00,0x00,0x00,0xE8,0xD5,0x56,0x10,0x00,0x00,0x00,0x00,0x00,0x00,0x00,0x00,0xE0,0x23,0x4D,0x10,0x00,0x00,0x00,0x00,0x2E,0x3F,0x41,0x56,0x77,0x78,0x42,0x72,0x75,0x73,0x68,0x52,0x65,0x66,0x44,0x61,0x74,0x61,0x40,0x40,0x00,0x00,0x00,0x00,0x4C,0xCC,
0x4B,0x10,0x08,0x00,0x00,0x00,0x90,0x33,0x32,0x10,0xEC,0xB6,0x56,0x10,0x00,0x00,0x00,0x00,0x00,0x00,0x00,0x00,0xFF,0xFF,0xFF,0xFF,0x2C,0xD0,0x4B,0x10,0x18,0x00,0x00,0x00,0x90,0x42,0x32,0x10,0xD8,0xA2,0x56,0x10,0x00,0x00,0x00,0x00,0x00,0x00,0x00,0x00,
0xE0,0x23,0x4D,0x10,0x00,0x00,0x00,0x00,0x2E,0x3F,0x41,0x56,0x77,0x78,0x55,0x78,0x54,0x68,0x65,0x6D,0x65,0x4D,0x6F,0x64,0x75,0x6C,0x65,0x40,0x40,0x00,0x00,0x00,0x88,0x1A,0x4D,0x10,0x58,0x1A,0x4D,0x10,0xE0,0x23,0x4D,0x10,0x00,0x00,0x00,0x00,0x2E,0x3F,
0x41,0x56,0x77,0x78,0x44,0x72,0x6F,0x70,0x54,0x61,0x72,0x67,0x65,0x74,0x42,0x61,0x73,0x65,0x40,0x40,0x00,0x00,0xE0,0x23,0x4D,0x10,0x00,0x00,0x00,0x00,0x2E,0x3F,0x41,0x56,0x77,0x78,0x49,0x44,0x72,0x6F,0x70,0x54,0x61,0x72,0x67,0x65,0x74,0x40,0x40,0x00,
0xE0,0x23,0x4D,0x10,0x00,0x00,0x00,0x00,0x2E,0x3F,0x41,0x55,0x49,0x44,0x72,0x6F,0x70,0x54,0x61,0x72,0x67,0x65,0x74,0x40,0x40,0x00,0x00,0x00,0xE0,0x23,0x4D,0x10,0x00,0x00,0x00,0x00,0x2E,0x3F,0x41,0x55,0x49,0x55,0x6E,0x6B,0x6E,0x6F,0x77,0x6E,0x40,0x40,
0x00,0x00,0xE0,0x23,0x4D,0x10,0x00,0x00,0x00,0x00,0x2E,0x3F,0x41,0x56,0x77,0x78,0x44,0x72,0x6F,0x70,0x54,0x61,0x72,0x67,0x65,0x74,0x40,0x40,0x00,0x00,0x00,0x00,0x00,0x00,0x00,0x00,0x00,0x00,0x01,0x00,0x00,0x00,0xFF,0xFF,0xFF,0xFF,0x01,0x00,0x00,0x00,
0xE0,0x23,0x4D,0x10,0x00,0x00,0x00,0x00,0x2E,0x3F,0x41,0x56,0x77,0x78,0x50,0x65,0x6E,0x52,0x65,0x66,0x44,0x61,0x74,0x61,0x40,0x40,0x00,0x00,0xA8,0xD0,0x4B,0x10,0x08,0x00,0x00,0x00,0x60,0x4E,0x32,0x10,0xEC,0xB6,0x56,0x10,0x00,0x00,0x00,0x00,0x00,0x00,
0x00,0x00,0xE0,0x23,0x4D,0x10,0x00,0x00,0x00,0x00,0x2E,0x3F,0x41,0x56,0x77,0x78,0x42,0x75,0x66,0x66,0x65,0x72,0x65,0x64,0x44,0x43,0x40,0x40,0x00,0x00,0x00,0x00,0x00,0x00,0x24,0xD2,0x4B,0x10,0xD8,0x00,0x00,0x00,0x00,0x00,0x00,0x00,0xB0,0x5A,0x57,0x10,
0x00,0x00,0x00,0x00,0x00,0x00,0x00,0x00,0x30,0xD2,0x4B,0x10,0x18,0x01,0x00,0x00,0x80,0x75,0x32,0x10,0x58,0xD9,0x56,0x10,0x00,0x00,0x00,0x00,0x00,0x00,0x00,0x00,0x40,0xD2,0x4B,0x10,0x18,0x02,0x00,0x00,0x00,0x00,0x00,0x00,0xA0,0xD7,0x56,0x10,0x00,0x00,
0x00,0x00,0x00,0x00,0x00,0x00,0x94,0x90,0x49,0x10,0x00,0x00,0x00,0x00,0x00,0x00,0x00,0x00,0x00,0x00,0xF0,0x3F,0x00,0x00,0x00,0x00,0x00,0x00,0x00,0x00,0xE0,0x23,0x4D,0x10,0x00,0x00,0x00,0x00,0x2E,0x3F,0x41,0x56,0x77,0x78,0x4D,0x65,0x6E,0x75,0x49,0x74,
0x65,0x6D,0x40,0x40,0x00,0x00,0x00,0x00,0xE0,0x23,0x4D,0x10,0x00,0x00,0x00,0x00,0x2E,0x3F,0x41,0x56,0x77,0x78,0x4D,0x65,0x6E,0x75,0x49,0x74,0x65,0x6D,0x42,0x61,0x73,0x65,0x40,0x40,0x00,0x00,0x00,0x00,0x98,0xD2,0x4B,0x10,0x90,0x00,0x00,0x00,0x40,0x7F,
0x32,0x10,0xB0,0x5A,0x57,0x10,0x00,0x00,0x00,0x00,0x00,0x00,0x00,0x00,0xE0,0x23,0x4D,0x10,0x00,0x00,0x00,0x00,0x2E,0x3F,0x41,0x56,0x77,0x78,0x4D,0x65,0x6E,0x75,0x49,0x6E,0x66,0x6F,0x40,0x40,0x00,0x00,0x00,0x00,0xE0,0x23,0x4D,0x10,0x00,0x00,0x00,0x00,
0x2E,0x3F,0x41,0x56,0x77,0x78,0x4D,0x65,0x6E,0x75,0x49,0x6E,0x66,0x6F,0x4C,0x69,0x73,0x74,0x40,0x40,0x00,0x00,0x00,0x00,0xE0,0x23,0x4D,0x10,0x00,0x00,0x00,0x00,0x2E,0x3F,0x41,0x56,0x77,0x78,0x77,0x78,0x4D,0x65,0x6E,0x75,0x49,0x6E,0x66,0x6F,0x4C,0x69,
0x73,0x74,0x4E,0x6F,0x64,0x65,0x40,0x40,0x00,0x00,0xE0,0x23,0x4D,0x10,0x00,0x00,0x00,0x00,0x2E,0x3F,0x41,0x56,0x77,0x78,0x4D,0x65,0x6E,0x75,0x42,0x61,0x72,0x40,0x40,0x00,0xE0,0x23,0x4D,0x10,0x00,0x00,0x00,0x00,0x2E,0x3F,0x41,0x56,0x77,0x78,0x4D,0x65,
0x6E,0x75,0x42,0x61,0x72,0x42,0x61,0x73,0x65,0x40,0x40,0x00,0xD8,0xD5,0x4B,0x10,0x74,0x00,0x00,0x00,0xF0,0x92,0x32,0x10,0xB4,0x95,0x56,0x10,0x00,0x00,0x00,0x00,0x00,0x00,0x00,0x00,0xE0,0xD5,0x4B,0x10,0x9C,0x01,0x00,0x00,0x60,0x93,0x32,0x10,0x88,0xB4,
0x56,0x10,0x00,0x00,0x00,0x00,0x00,0x00,0x00,0x00,0xEC,0xD5,0x4B,0x10,0x10,0x00,0x00,0x00,0x60,0x87,0x32,0x10,0xB0,0x5A,0x57,0x10,0x00,0x00,0x00,0x00,0x00,0x00,0x00,0x00,0x01,0x00,0x00,0x00,0xE0,0x23,0x4D,0x10,0x00,0x00,0x00,0x00,0x2E,0x3F,0x41,0x56,
0x77,0x78,0x4D,0x65,0x6E,0x75,0x4C,0x69,0x73,0x74,0x40,0x40,0x00,0x00,0x00,0x00,0xE0,0x23,0x4D,0x10,0x00,0x00,0x00,0x00,0x2E,0x3F,0x41,0x56,0x77,0x78,0x77,0x78,0x4D,0x65,0x6E,0x75,0x4C,0x69,0x73,0x74,0x4E,0x6F,0x64,0x65,0x40,0x40,0x00,0x00,0x4C,0xDE,
0x4B,0x10,0x08,0x01,0x00,0x00,0xD0,0xC5,0x32,0x10,0xE8,0xCD,0x56,0x10,0x00,0x00,0x00,0x00,0x00,0x00,0x00,0x00,0x60,0xDE,0x4B,0x10,0x88,0x01,0x00,0x00,0xB0,0xC9,0x32,0x10,0xBC,0xB9,0x56,0x10,0x00,0x00,0x00,0x00,0x00,0x00,0x00,0x00,0xFF,0xFF,0xFF,0xFF,
0xFF,0xFF,0xFF,0xFF,0x70,0xCD,0x32,0x10,0x00,0x00,0x00,0x00,0xC0,0x84,0x57,0x10,0xFF,0xFF,0xFF,0xFF,0xFF,0xFF,0xFF,0xFF,0xD0,0xCD,0x32,0x10,0x00,0x00,0x00,0x00,0xA4,0x83,0x57,0x10,0xFF,0xFF,0xFF,0xFF,0xFF,0xFF,0xFF,0xFF,0xD0,0xCD,0x32,0x10,0x00,0x00,
0x00,0x00,0xA8,0x83,0x57,0x10,0x00,0x00,0x00,0x00,0x00,0x00,0x00,0x00,0x00,0x00,0x00,0x00,0x00,0x00,0x00,0x00,0xEC,0x5A,0x57,0x10,0x7C,0xDE,0x4B,0x10,0x5C,0x01,0x00,0x00,0x00,0xD7,0x32,0x10,0xDC,0xB8,0x56,0x10,0x00,0x00,0x00,0x00,0x00,0x00,0x00,0x00,
0x88,0xDE,0x4B,0x10,0x54,0x01,0x00,0x00,0x00,0xDD,0x32,0x10,0xDC,0xB8,0x56,0x10,0x00,0x00,0x00,0x00,0x00,0x00,0x00,0x00,0xAC,0xDE,0x4B,0x10,0x6C,0x01,0x00,0x00,0x70,0xE7,0x32,0x10,0xDC,0xB8,0x56,0x10,0x00,0x00,0x00,0x00,0x00,0x00,0x00,0x00,0xB8,0xDE,
0x4B,0x10,0x5C,0x01,0x00,0x00,0x30,0xF5,0x32,0x10,0xDC,0xB8,0x56,0x10,0x00,0x00,0x00,0x00,0x00,0x00,0x00,0x00,0xE0,0x23,0x4D,0x10,0x00,0x00,0x00,0x00,0x2E,0x3F,0x41,0x56,0x77,0x78,0x43,0x6F,0x6C,0x6F,0x75,0x72,0x44,0x61,0x74,0x61,0x40,0x40,0x00,0x00,
0xE0,0x23,0x4D,0x10,0x00,0x00,0x00,0x00,0x2E,0x3F,0x41,0x56,0x77,0x78,0x50,0x72,0x69,0x6E,0x74,0x44,0x61,0x74,0x61,0x40,0x40,0x00,0x00,0x00,0xE0,0x23,0x4D,0x10,0x00,0x00,0x00,0x00,0x2E,0x3F,0x41,0x56,0x77,0x78,0x50,0x72,0x69,0x6E,0x74,0x44,0x69,0x61,
0x6C,0x6F,0x67,0x44,0x61,0x74,0x61,0x40,0x40,0x00,0xE0,0x23,0x4D,0x10,0x00,0x00,0x00,0x00,0x2E,0x3F,0x41,0x56,0x77,0x78,0x50,0x61,0x67,0x65,0x53,0x65,0x74,0x75,0x70,0x44,0x69,0x61,0x6C,0x6F,0x67,0x44,0x61,0x74,0x61,0x40,0x40,0x00,0x18,0xDF,0x4B,0x10,
0x4C,0x00,0x00,0x00,0x70,0x0B,0x33,0x10,0xB0,0x5A,0x57,0x10,0x00,0x00,0x00,0x00,0x00,0x00,0x00,0x00,0x24,0xDF,0x4B,0x10,0x70,0x00,0x00,0x00,0xE0,0x0B,0x33,0x10,0xB0,0x5A,0x57,0x10,0x00,0x00,0x00,0x00,0x00,0x00,0x00,0x00,0x38,0xDF,0x4B,0x10,0x84,0x00,
0x00,0x00,0xE0,0x13,0x33,0x10,0xB0,0x5A,0x57,0x10,0x00,0x00,0x00,0x00,0x00,0x00,0x00,0x00,0x50,0xDF,0x4B,0x10,0x48,0x00,0x00,0x00,0x50,0x14,0x33,0x10,0xB0,0x5A,0x57,0x10,0x00,0x00,0x00,0x00,0x00,0x00,0x00,0x00,0x5C,0xDF,0x4B,0x10,0x60,0x01,0x00,0x00,
0xC0,0x14,0x33,0x10,0xB0,0x5A,0x57,0x10,0x00,0x00,0x00,0x00,0x00,0x00,0x00,0x00,0xE0,0x23,0x4D,0x10,0x00,0x00,0x00,0x00,0x2E,0x3F,0x41,0x56,0x77,0x78,0x54,0x65,0x78,0x74,0x45,0x6E,0x74,0x72,0x79,0x44,0x69,0x61,0x6C,0x6F,0x67,0x40,0x40,0x00,0xE0,0x23,
0x4D,0x10,0x00,0x00,0x00,0x00,0x2E,0x3F,0x41,0x56,0x77,0x78,0x50,0x61,0x73,0x73,0x77,0x6F,0x72,0x64,0x45,0x6E,0x74,0x72,0x79,0x44,0x69,0x61,0x6C,0x6F,0x67,0x40,0x40,0x00,0xEC,0x13,0x00,0x00,0xFF,0xFF,0xFF,0xFF,0xF0,0x15,0x33,0x10,0x00,0x00,0x00,0x00,
0x44,0x83,0x57,0x10,0x00,0x00,0x00,0x00,0x00,0x00,0x00,0x00,0x00,0x00,0x00,0x00,0x00,0x00,0x00,0x00,0xEC,0x5A,0x57,0x10,0xC0,0xE5,0x4B,0x10,0xAC,0x01,0x00,0x00,0x00,0x00,0x00,0x00,0xD0,0xB6,0x56,0x10,0x00,0x00,0x00,0x00,0x00,0x00,0x00,0x00,0xD4,0xE5,
0x4B,0x10,0xAC,0x01,0x00,0x00,0x00,0x00,0x00,0x00,0x98,0xDB,0x56,0x10,0x00,0x00,0x00,0x00,0x00,0x00,0x00,0x00,0xE0,0x23,0x4D,0x10,0x00,0x00,0x00,0x00,0x2E,0x3F,0x41,0x56,0x77,0x78,0x43,0x6F,0x6C,0x6F,0x75,0x72,0x44,0x69,0x61,0x6C,0x6F,0x67,0x40,0x40,
0x00,0x00,0x00,0x00,0x08,0xE9,0x4B,0x10,0x0C,0x03,0x00,0x00,0xF0,0x20,0x33,0x10,0xD0,0xB6,0x56,0x10,0x00,0x00,0x00,0x00,0x00,0x00,0x00,0x00,0x18,0xE9,0x4B,0x10,0xE8,0x01,0x00,0x00,0x60,0x23,0x33,0x10,0xD0,0xB6,0x56,0x10,0x00,0x00,0x00,0x00,0x00,0x00,
0x00,0x00,0xE0,0x23,0x4D,0x10,0x00,0x00,0x00,0x00,0x2E,0x3F,0x41,0x56,0x77,0x78,0x54,0x72,0x65,0x65,0x49,0x74,0x65,0x6D,0x50,0x61,0x72,0x61,0x6D,0x40,0x40,0x00,0x00,0x00,0xE0,0x23,0x4D,0x10,0x00,0x00,0x00,0x00,0x2E,0x3F,0x41,0x56,0x77,0x78,0x54,0x72,
0x65,0x65,0x54,0x72,0x61,0x76,0x65,0x72,0x73,0x61,0x6C,0x40,0x40,0x00,0x00,0x00,0xE0,0x23,0x4D,0x10,0x00,0x00,0x00,0x00,0x2E,0x3F,0x41,0x56,0x77,0x78,0x44,0x72,0x61,0x67,0x49,0x6D,0x61,0x67,0x65,0x40,0x40,0x00,0x00,0x00,0xE0,0x23,0x4D,0x10,0x00,0x00,
0x00,0x00,0x2E,0x3F,0x41,0x56,0x77,0x78,0x54,0x72,0x65,0x65,0x43,0x74,0x72,0x6C,0x40,0x40,0x00,0x00,0x00,0x00,0xE0,0x23,0x4D,0x10,0x00,0x00,0x00,0x00,0x2E,0x3F,0x41,0x56,0x54,0x72,0x61,0x76,0x65,0x72,0x73,0x65,0x53,0x65,0x6C,0x65,0x63,0x74,0x69,0x6F,
0x6E,0x73,0x40,0x40,0x00,0x00,0x00,0x00,0xE0,0x23,0x4D,0x10,0x00,0x00,0x00,0x00,0x2E,0x3F,0x41,0x56,0x54,0x72,0x61,0x76,0x65,0x72,0x73,0x65,0x43,0x6F,0x75,0x6E,0x74,0x65,0x72,0x40,0x40,0x00,0x00,0x00,0x30,0xED,0x4B,0x10,0x98,0x01,0x00,0x00,0x80,0x55,
0x33,0x10,0xDC,0xB8,0x56,0x10,0x00,0x00,0x00,0x00,0x00,0x00,0x00,0x00,0xE0,0x23,0x4D,0x10,0x00,0x00,0x00,0x00,0x2E,0x3F,0x41,0x56,0x77,0x78,0x44,0x69,0x73,0x70,0x6C,0x61,0x79,0x49,0x6D,0x70,0x6C,0x40,0x40,0x00,0xE0,0x23,0x4D,0x10,0x00,0x00,0x00,0x00,
0x2E,0x3F,0x41,0x56,0x77,0x78,0x44,0x69,0x73,0x70,0x6C,0x61,0x79,0x49,0x6D,0x70,0x6C,0x53,0x69,0x6E,0x67,0x6C,0x65,0x40,0x40,0x00,0x00,0x00,0xE0,0x23,0x4D,0x10,0x00,0x00,0x00,0x00,0x2E,0x3F,0x41,0x56,0x77,0x78,0x44,0x69,0x73,0x70,0x6C,0x61,0x79,0x4D,
0x6F,0x64,0x75,0x6C,0x65,0x40,0x40,0x00,0x00,0x00,0xC8,0xED,0x4B,0x10,0x18,0x00,0x00,0x00,0xB0,0x86,0x33,0x10,0xD8,0xA2,0x56,0x10,0x00,0x00,0x00,0x00,0x00,0x00,0x00,0x00,0xE0,0x23,0x4D,0x10,0x00,0x00,0x00,0x00,0x2E,0x3F,0x41,0x56,0x77,0x78,0x53,0x63,
0x72,0x65,0x65,0x6E,0x44,0x43,0x40,0x40,0x00,0x00,0x00,0x00,0x34,0xEF,0x4B,0x10,0x00,0x01,0x00,0x00,0x60,0x89,0x33,0x10,0xE8,0xCD,0x56,0x10,0x00,0x00,0x00,0x00,0x00,0x00,0x00,0x00,0xE0,0x23,0x4D,0x10,0x00,0x00,0x00,0x00,0x2E,0x3F,0x41,0x56,0x77,0x78,
0x49,0x6D,0x61,0x67,0x65,0x48,0x61,0x6E,0x64,0x6C,0x65,0x72,0x40,0x40,0x00,0x00,0x00,0x00,0xE0,0x23,0x4D,0x10,0x00,0x00,0x00,0x00,0x2E,0x3F,0x41,0x56,0x77,0x78,0x42,0x4D,0x50,0x48,0x61,0x6E,0x64,0x6C,0x65,0x72,0x40,0x40,0x00,0x00,0xE0,0x23,0x4D,0x10,
0x00,0x00,0x00,0x00,0x2E,0x3F,0x41,0x56,0x77,0x78,0x49,0x6D,0x61,0x67,0x65,0x56,0x61,0x72,0x69,0x61,0x6E,0x74,0x44,0x61,0x74,0x61,0x40,0x40,0x00,0x00,0x00,0x00,0xE0,0x23,0x4D,0x10,0x00,0x00,0x00,0x00,0x2E,0x3F,0x41,0x56,0x77,0x78,0x49,0x6D,0x61,0x67,
0x65,0x52,0x65,0x66,0x44,0x61,0x74,0x61,0x40,0x40,0x00,0x00,0x00,0x00,0xE0,0x23,0x4D,0x10,0x00,0x00,0x00,0x00,0x2E,0x3F,0x41,0x56,0x77,0x78,0x49,0x6D,0x61,0x67,0x65,0x4D,0x6F,0x64,0x75,0x6C,0x65,0x40,0x40,0x00,0xD0,0xF5,0x4B,0x10,0x14,0x00,0x00,0x00,
0x00,0x00,0x00,0x00,0xD0,0x40,0x57,0x10,0x00,0x00,0x00,0x00,0x00,0x00,0x00,0x00,0x38,0x77,0x4B,0x10,0x00,0x00,0x00,0x00,0xE4,0xF5,0x4B,0x10,0x08,0x00,0x00,0x00,0x20,0xAD,0x33,0x10,0xB0,0x5A,0x57,0x10,0x00,0x00,0x00,0x00,0x00,0x00,0x00,0x00,0xEC,0xF5,
0x4B,0x10,0x18,0x00,0x00,0x00,0x00,0x00,0x00,0x00,0xB0,0x5A,0x57,0x10,0x00,0x00,0x00,0x00,0x00,0x00,0x00,0x00,0xFC,0xF5,0x4B,0x10,0x18,0x00,0x00,0x00,0xB0,0xC3,0x33,0x10,0xD8,0xA2,0x56,0x10,0x00,0x00,0x00,0x00,0x00,0x00,0x00,0x00,0xE0,0x23,0x4D,0x10,
0x00,0x00,0x00,0x00,0x2E,0x3F,0x41,0x56,0x77,0x78,0x42,0x69,0x74,0x6D,0x61,0x70,0x56,0x61,0x72,0x69,0x61,0x6E,0x74,0x44,0x61,0x74,0x61,0x40,0x40,0x00,0x00,0x00,0xE0,0x23,0x4D,0x10,0x00,0x00,0x00,0x00,0x2E,0x3F,0x41,0x56,0x77,0x78,0x49,0x63,0x6F,0x6E,
0x56,0x61,0x72,0x69,0x61,0x6E,0x74,0x44,0x61,0x74,0x61,0x40,0x40,0x00,0x5C,0xF6,0x4B,0x10,0x14,0x00,0x00,0x00,0x00,0x00,0x00,0x00,0xD0,0x40,0x57,0x10,0x00,0x00,0x00,0x00,0x00,0x00,0x00,0x00,0x70,0xF6,0x4B,0x10,0x14,0x00,0x00,0x00,0x00,0x00,0x00,0x00,
0xD0,0x40,0x57,0x10,0x00,0x00,0x00,0x00,0x00,0x00,0x00,0x00,0x8C,0xF6,0x4B,0x10,0x78,0x01,0x00,0x00,0x00,0x00,0x00,0x00,0xDC,0xB8,0x56,0x10,0x00,0x00,0x00,0x00,0x00,0x00,0x00,0x00,0xFF,0xFF,0xFF,0xFF,0xFF,0xFF,0xFF,0xFF,0x70,0x21,0x34,0x10,0x00,0x00,
0x00,0x00,0x58,0x84,0x57,0x10,0xFF,0xFF,0xFF,0xFF,0xFF,0xFF,0xFF,0xFF,0x90,0x22,0x34,0x10,0x00,0x00,0x00,0x00,0x24,0x85,0x57,0x10,0x00,0x00,0x00,0x00,0x00,0x00,0x00,0x00,0x00,0x00,0x00,0x00,0x00,0x00,0x00,0x00,0xEC,0x5A,0x57,0x10,0xE0,0x23,0x4D,0x10,
0x00,0x00,0x00,0x00,0x2E,0x3F,0x41,0x56,0x77,0x78,0x46,0x6F,0x6E,0x74,0x45,0x6E,0x75,0x6D,0x65,0x72,0x61,0x74,0x6F,0x72,0x40,0x40,0x00,0x00,0xE0,0x23,0x4D,0x10,0x00,0x00,0x00,0x00,0x2E,0x3F,0x41,0x56,0x77,0x78,0x53,0x69,0x6D,0x70,0x6C,0x65,0x46,0x6F,
0x6E,0x74,0x45,0x6E,0x75,0x6D,0x65,0x72,0x61,0x74,0x6F,0x72,0x40,0x40,0x00,0x00,0x00,0x00,0x12,0x00,0x00,0x00,0x12,0x00,0x00,0x00,0x01,0x00,0x00,0x00,0x30,0xF7,0x4B,0x10,0x18,0x00,0x00,0x00,0xB0,0x2E,0x34,0x10,0xD8,0xA2,0x56,0x10,0x00,0x00,0x00,0x00,
0x00,0x00,0x00,0x00,0xE0,0x23,0x4D,0x10,0x00,0x00,0x00,0x00,0x2E,0x3F,0x41,0x56,0x77,0x78,0x4D,0x53,0x57,0x53,0x79,0x73,0x74,0x65,0x6D,0x4D,0x65,0x6E,0x75,0x46,0x6F,0x6E,0x74,0x4D,0x6F,0x64,0x75,0x6C,0x65,0x40,0x40,0x00,0xE0,0x23,0x4D,0x10,0x00,0x00,
0x00,0x00,0x2E,0x3F,0x41,0x56,0x77,0x78,0x43,0x68,0x65,0x63,0x6B,0x4C,0x69,0x73,0x74,0x42,0x6F,0x78,0x42,0x61,0x73,0x65,0x40,0x40,0x00,0x00,0x00,0x00,0xE0,0x23,0x4D,0x10,0x00,0x00,0x00,0x00,0x2E,0x3F,0x41,0x56,0x77,0x78,0x43,0x68,0x65,0x63,0x6B,0x4C,
0x69,0x73,0x74,0x42,0x6F,0x78,0x40,0x40,0x00,0x00,0x00,0x00,0xE0,0x23,0x4D,0x10,0x00,0x00,0x00,0x00,0x2E,0x3F,0x41,0x56,0x77,0x78,0x43,0x68,0x65,0x63,0x6B,0x4C,0x69,0x73,0x74,0x42,0x6F,0x78,0x49,0x74,0x65,0x6D,0x40,0x40,0x00,0x00,0x00,0x00,0xE8,0xFD,
0x4B,0x10,0x70,0x01,0x00,0x00,0x10,0x43,0x34,0x10,0x54,0xC9,0x56,0x10,0x00,0x00,0x00,0x00,0x00,0x00,0x00,0x00,0xFF,0xFF,0xFF,0xFF,0xFF,0xFF,0xFF,0xFF,0xF0,0x48,0x34,0x10,0x00,0x00,0x00,0x00,0x04,0x84,0x57,0x10,0xFF,0xFF,0xFF,0xFF,0xFF,0xFF,0xFF,0xFF,
0x50,0x4A,0x34,0x10,0x00,0x00,0x00,0x00,0x88,0x83,0x57,0x10,0x00,0x00,0x00,0x00,0x00,0x00,0x00,0x00,0x00,0x00,0x00,0x00,0x00,0x00,0x00,0x00,0xEC,0x5A,0x57,0x10,0xE0,0x23,0x4D,0x10,0x00,0x00,0x00,0x00,0x2E,0x3F,0x41,0x56,0x77,0x78,0x52,0x61,0x64,0x69,
0x6F,0x42,0x6F,0x78,0x42,0x61,0x73,0x65,0x40,0x40,0x00,0x00,0x00,0x00,0xE0,0x23,0x4D,0x10,0x00,0x00,0x00,0x00,0x2E,0x3F,0x41,0x56,0x77,0x78,0x52,0x61,0x64,0x69,0x6F,0x42,0x6F,0x78,0x40,0x40,0x00,0x00,0x00,0x00,0x44,0x01,0x4C,0x10,0x84,0x01,0x00,0x00,
0xE0,0x4E,0x34,0x10,0xDC,0xB8,0x56,0x10,0x00,0x00,0x00,0x00,0x00,0x00,0x00,0x00,0xE0,0x23,0x4D,0x10,0x00,0x00,0x00,0x00,0x2E,0x3F,0x41,0x56,0x77,0x78,0x47,0x61,0x75,0x67,0x65,0x42,0x61,0x73,0x65,0x40,0x40,0x00,0x00,0x00,0xE0,0x23,0x4D,0x10,0x00,0x00,
0x00,0x00,0x2E,0x3F,0x41,0x56,0x77,0x78,0x47,0x61,0x75,0x67,0x65,0x39,0x35,0x40,0x40,0x00,0x40,0x07,0x4C,0x10,0x5C,0x01,0x00,0x00,0x30,0x64,0x34,0x10,0xDC,0xB8,0x56,0x10,0x00,0x00,0x00,0x00,0x00,0x00,0x00,0x00,0xE0,0x23,0x4D,0x10,0x00,0x00,0x00,0x00,
0x2E,0x3F,0x41,0x56,0x77,0x78,0x43,0x6C,0x69,0x70,0x62,0x6F,0x61,0x72,0x64,0x42,0x61,0x73,0x65,0x40,0x40,0x00,0x00,0x00,0xE0,0x23,0x4D,0x10,0x00,0x00,0x00,0x00,0x2E,0x3F,0x41,0x56,0x77,0x78,0x45,0x6E,0x68,0x4D,0x65,0x74,0x61,0x46,0x69,0x6C,0x65,0x40,
0x40,0x00,0xE0,0x23,0x4D,0x10,0x00,0x00,0x00,0x00,0x2E,0x3F,0x41,0x56,0x77,0x78,0x43,0x6C,0x69,0x70,0x62,0x6F,0x61,0x72,0x64,0x40,0x40,0x00,0x00,0x00,0x0C,0x0A,0x4C,0x10,0x10,0x00,0x00,0x00,0xE0,0x74,0x34,0x10,0xB0,0x5A,0x57,0x10,0x00,0x00,0x00,0x00,
0x00,0x00,0x00,0x00,0xE0,0x23,0x4D,0x10,0x00,0x00,0x00,0x00,0x2E,0x3F,0x41,0x56,0x77,0x78,0x54,0x6F,0x6F,0x6C,0x42,0x61,0x72,0x54,0x6F,0x6F,0x6C,0x73,0x4C,0x69,0x73,0x74,0x40,0x40,0x00,0x00,0x00,0x00,0xE0,0x23,0x4D,0x10,0x00,0x00,0x00,0x00,0x2E,0x3F,
0x41,0x56,0x77,0x78,0x77,0x78,0x54,0x6F,0x6F,0x6C,0x42,0x61,0x72,0x54,0x6F,0x6F,0x6C,0x73,0x4C,0x69,0x73,0x74,0x4E,0x6F,0x64,0x65,0x40,0x40,0x00,0x00,0xE0,0x23,0x4D,0x10,0x00,0x00,0x00,0x00,0x2E,0x3F,0x41,0x56,0x77,0x78,0x54,0x6F,0x6F,0x6C,0x42,0x61,
0x72,0x54,0x6F,0x6F,0x6C,0x42,0x61,0x73,0x65,0x40,0x40,0x00,0x00,0x00,0x00,0x00,0x00,0x00,0x00,0x00,0x00,0x00,0x00,0x00,0x00,0x00,0x00,0x00,0xEC,0x5A,0x57,0x10,0xEC,0x0D,0x4C,0x10,0x3C,0x00,0x00,0x00,0xC0,0x8E,0x34,0x10,0xB0,0x5A,0x57,0x10,0x00,0x00,
0x00,0x00,0x00,0x00,0x00,0x00,0xE0,0x23,0x4D,0x10,0x00,0x00,0x00,0x00,0x2E,0x3F,0x41,0x56,0x77,0x78,0x54,0x6F,0x6F,0x6C,0x42,0x61,0x72,0x54,0x6F,0x6F,0x6C,0x40,0x40,0x00,0x44,0x0E,0x4C,0x10,0x00,0x00,0x00,0x00,0x50,0x0E,0x4C,0x10,0x9C,0x01,0x00,0x00,
0xB0,0x97,0x34,0x10,0xDC,0xB8,0x56,0x10,0x00,0x00,0x00,0x00,0x00,0x00,0x00,0x00,0xFF,0xFF,0xFF,0xFF,0xFF,0xFF,0xFF,0xFF,0x10,0xA3,0x34,0x10,0x00,0x00,0x00,0x00,0x88,0x83,0x57,0x10,0xFF,0xFF,0xFF,0xFF,0xFF,0xFF,0xFF,0xFF,0x10,0xA3,0x34,0x10,0x00,0x00,
0x00,0x00,0x8C,0x83,0x57,0x10,0xFF,0xFF,0xFF,0xFF,0xFF,0xFF,0xFF,0xFF,0x10,0xA3,0x34,0x10,0x00,0x00,0x00,0x00,0x90,0x83,0x57,0x10,0xFF,0xFF,0xFF,0xFF,0xFF,0xFF,0xFF,0xFF,0x10,0xA3,0x34,0x10,0x00,0x00,0x00,0x00,0x94,0x83,0x57,0x10,0xFF,0xFF,0xFF,0xFF,
0xFF,0xFF,0xFF,0xFF,0x10,0xA3,0x34,0x10,0x00,0x00,0x00,0x00,0x98,0x83,0x57,0x10,0xFF,0xFF,0xFF,0xFF,0xFF,0xFF,0xFF,0xFF,0x10,0xA3,0x34,0x10,0x00,0x00,0x00,0x00,0x9C,0x83,0x57,0x10,0xFF,0xFF,0xFF,0xFF,0xFF,0xFF,0xFF,0xFF,0x10,0xA3,0x34,0x10,0x00,0x00,
0x00,0x00,0xA0,0x83,0x57,0x10,0xFF,0xFF,0xFF,0xFF,0xFF,0xFF,0xFF,0xFF,0x10,0xA3,0x34,0x10,0x00,0x00,0x00,0x00,0xAC,0x83,0x57,0x10,0xFF,0xFF,0xFF,0xFF,0xFF,0xFF,0xFF,0xFF,0x10,0xA3,0x34,0x10,0x00,0x00,0x00,0x00,0xB0,0x83,0x57,0x10,0xFF,0xFF,0xFF,0xFF,
0xFF,0xFF,0xFF,0xFF,0x10,0xA3,0x34,0x10,0x00,0x00,0x00,0x00,0xB4,0x83,0x57,0x10,0xFF,0xFF,0xFF,0xFF,0xFF,0xFF,0xFF,0xFF,0x10,0xA3,0x34,0x10,0x00,0x00,0x00,0x00,0xA8,0x83,0x57,0x10,0xFF,0xFF,0xFF,0xFF,0xFF,0xFF,0xFF,0xFF,0x10,0xA3,0x34,0x10,0x00,0x00,
0x00,0x00,0xA4,0x83,0x57,0x10,0xFF,0xFF,0xFF,0xFF,0xFF,0xFF,0xFF,0xFF,0x10,0xA3,0x34,0x10,0x00,0x00,0x00,0x00,0xC4,0x83,0x57,0x10,0xFF,0xFF,0xFF,0xFF,0xFF,0xFF,0xFF,0xFF,0x90,0xA2,0x34,0x10,0x00,0x00,0x00,0x00,0xC0,0x84,0x57,0x10,0xFF,0xFF,0xFF,0xFF,
0xFF,0xFF,0xFF,0xFF,0xB0,0xAA,0x34,0x10,0x00,0x00,0x00,0x00,0xA4,0x84,0x57,0x10,0x00,0x00,0x00,0x00,0x00,0x00,0x00,0x00,0x00,0x00,0x00,0x00,0x00,0x00,0x00,0x00,0xEC,0x5A,0x57,0x10,0x94,0x0E,0x4C,0x10,0x8C,0x01,0x00,0x00,0x80,0xC8,0x34,0x10,0x88,0xB4,
0x56,0x10,0x00,0x00,0x00,0x00,0x00,0x00,0x00,0x00,0xFF,0xFF,0xFF,0xFF,0xFF,0xFF,0xFF,0xFF,0xB0,0xD3,0x34,0x10,0x00,0x00,0x00,0x00,0xA0,0x84,0x57,0x10,0xFF,0xFF,0xFF,0xFF,0xFF,0xFF,0xFF,0xFF,0xF0,0xD1,0x34,0x10,0x00,0x00,0x00,0x00,0x88,0x83,0x57,0x10,
0xFF,0xFF,0xFF,0xFF,0xFF,0xFF,0xFF,0xFF,0x00,0xD2,0x34,0x10,0x00,0x00,0x00,0x00,0x98,0x83,0x57,0x10,0xFF,0xFF,0xFF,0xFF,0xFF,0xFF,0xFF,0xFF,0xB0,0xC7,0x34,0x10,0x00,0x00,0x00,0x00,0xC0,0x84,0x57,0x10,0x00,0x00,0x00,0x00,0x00,0x00,0x00,0x00,0x00,0x00,
0x00,0x00,0x00,0x00,0x00,0x00,0xEC,0x5A,0x57,0x10,0xE0,0x23,0x4D,0x10,0x00,0x00,0x00,0x00,0x2E,0x3F,0x41,0x56,0x77,0x78,0x4D,0x44,0x49,0x43,0x68,0x69,0x6C,0x64,0x46,0x72,0x61,0x6D,0x65,0x40,0x40,0x00,0x00,0x00,0xE0,0x23,0x4D,0x10,0x00,0x00,0x00,0x00,
0x2E,0x3F,0x41,0x56,0x77,0x78,0x4D,0x44,0x49,0x50,0x61,0x72,0x65,0x6E,0x74,0x46,0x72,0x61,0x6D,0x65,0x40,0x40,0x00,0x00,0xE0,0x23,0x4D,0x10,0x00,0x00,0x00,0x00,0x2E,0x3F,0x41,0x56,0x77,0x78,0x4D,0x44,0x49,0x43,0x6C,0x69,0x65,0x6E,0x74,0x57,0x69,0x6E,
0x64,0x6F,0x77,0x40,0x40,0x00,0x00,0x00,0x00,0x00,0xDC,0x18,0x4C,0x10,0xAC,0x01,0x00,0x00,0xD0,0xF1,0x34,0x10,0x14,0xCF,0x56,0x10,0x00,0x00,0x00,0x00,0x00,0x00,0x00,0x00,0xF0,0x18,0x4C,0x10,0xA0,0x01,0x00,0x00,0x50,0xD8,0x34,0x10,0x14,0xCF,0x56,0x10,
0x00,0x00,0x00,0x00,0x00,0x00,0x00,0x00,0x00,0x19,0x4C,0x10,0x4C,0x01,0x00,0x00,0x40,0xF2,0x34,0x10,0x88,0xB4,0x56,0x10,0x00,0x00,0x00,0x00,0x00,0x00,0x00,0x00,0xFF,0xFF,0xFF,0xFF,0xFF,0xFF,0xFF,0xFF,0xF0,0xE0,0x34,0x10,0x00,0x00,0x00,0x00,0x58,0x84,
0x57,0x10,0xFF,0xFF,0xFF,0xFF,0xFF,0xFF,0xFF,0xFF,0x00,0xE1,0x34,0x10,0x00,0x00,0x00,0x00,0x90,0x84,0x57,0x10,0xFF,0xFF,0xFF,0xFF,0xFF,0xFF,0xFF,0xFF,0x50,0xE1,0x34,0x10,0x00,0x00,0x00,0x00,0xC0,0x84,0x57,0x10,0x00,0x00,0x00,0x00,0x00,0x00,0x00,0x00,
0x00,0x00,0x00,0x00,0x00,0x00,0x00,0x00,0xEC,0x5A,0x57,0x10,0xFF,0xFF,0xFF,0xFF,0xFF,0xFF,0xFF,0xFF,0x10,0xED,0x34,0x10,0x00,0x00,0x00,0x00,0xF0,0x5A,0x57,0x10,0x00,0x00,0x00,0x00,0x00,0x00,0x00,0x00,0x00,0x00,0x00,0x00,0x00,0x00,0x00,0x00,0xEC,0x5A,
0x57,0x10,0xFF,0xFF,0xFF,0xFF,0xFF,0xFF,0xFF,0xFF,0x30,0xEC,0x34,0x10,0x00,0x00,0x00,0x00,0x14,0x84,0x57,0x10,0xFF,0xFF,0xFF,0xFF,0xFF,0xFF,0xFF,0xFF,0x30,0xEC,0x34,0x10,0x00,0x00,0x00,0x00,0x18,0x84,0x57,0x10,0xFF,0xFF,0xFF,0xFF,0xFF,0xFF,0xFF,0xFF,
0x30,0xEC,0x34,0x10,0x00,0x00,0x00,0x00,0x1C,0x84,0x57,0x10,0xFF,0xFF,0xFF,0xFF,0xFF,0xFF,0xFF,0xFF,0x30,0xEC,0x34,0x10,0x00,0x00,0x00,0x00,0x20,0x84,0x57,0x10,0xFF,0xFF,0xFF,0xFF,0xFF,0xFF,0xFF,0xFF,0x30,0xEC,0x34,0x10,0x00,0x00,0x00,0x00,0x24,0x84,
0x57,0x10,0xFF,0xFF,0xFF,0xFF,0xFF,0xFF,0xFF,0xFF,0x30,0xEC,0x34,0x10,0x00,0x00,0x00,0x00,0x28,0x84,0x57,0x10,0xFF,0xFF,0xFF,0xFF,0xFF,0xFF,0xFF,0xFF,0x30,0xEC,0x34,0x10,0x00,0x00,0x00,0x00,0x2C,0x84,0x57,0x10,0xFF,0xFF,0xFF,0xFF,0xFF,0xFF,0xFF,0xFF,
0x30,0xEC,0x34,0x10,0x00,0x00,0x00,0x00,0x30,0x84,0x57,0x10,0xFF,0xFF,0xFF,0xFF,0xFF,0xFF,0xFF,0xFF,0x30,0xEC,0x34,0x10,0x00,0x00,0x00,0x00,0x34,0x84,0x57,0x10,0x00,0x00,0x00,0x00,0x00,0x00,0x00,0x00,0x00,0x00,0x00,0x00,0x00,0x00,0x00,0x00,0xEC,0x5A,
0x57,0x10,0x40,0x19,0x4C,0x10,0x0C,0x00,0x00,0x00,0x70,0xFF,0x34,0x10,0xB0,0x5A,0x57,0x10,0x00,0x00,0x00,0x00,0x00,0x00,0x00,0x00,0xE0,0x23,0x4D,0x10,0x00,0x00,0x00,0x00,0x2E,0x3F,0x41,0x56,0x77,0x78,0x46,0x69,0x6C,0x65,0x44,0x69,0x61,0x6C,0x6F,0x67,
0x42,0x61,0x73,0x65,0x40,0x40,0x00,0x00,0xF0,0x1C,0x4C,0x10,0xB8,0x01,0x00,0x00,0x40,0x09,0x35,0x10,0xD0,0xB6,0x56,0x10,0x00,0x00,0x00,0x00,0x00,0x00,0x00,0x00,0xE0,0x23,0x4D,0x10,0x00,0x00,0x00,0x00,0x2E,0x3F,0x41,0x56,0x77,0x78,0x41,0x72,0x74,0x50,
0x72,0x6F,0x76,0x69,0x64,0x65,0x72,0x73,0x4C,0x69,0x73,0x74,0x40,0x40,0x00,0x00,0x00,0x00,0xE0,0x23,0x4D,0x10,0x00,0x00,0x00,0x00,0x2E,0x3F,0x41,0x56,0x77,0x78,0x77,0x78,0x41,0x72,0x74,0x50,0x72,0x6F,0x76,0x69,0x64,0x65,0x72,0x73,0x4C,0x69,0x73,0x74,
0x4E,0x6F,0x64,0x65,0x40,0x40,0x00,0x00,0xE0,0x23,0x4D,0x10,0x00,0x00,0x00,0x00,0x2E,0x3F,0x41,0x56,0x77,0x78,0x41,0x72,0x74,0x50,0x72,0x6F,0x76,0x69,0x64,0x65,0x72,0x4D,0x6F,0x64,0x75,0x6C,0x65,0x40,0x40,0x00,0x00,0x00,0xE0,0x23,0x4D,0x10,0x00,0x00,
0x00,0x00,0x2E,0x3F,0x41,0x56,0x77,0x78,0x41,0x72,0x74,0x50,0x72,0x6F,0x76,0x69,0x64,0x65,0x72,0x40,0x40,0x00,0xE0,0x1D,0x4C,0x10,0x08,0x00,0x00,0x00,0x00,0x00,0x00,0x00,0xB0,0x5A,0x57,0x10,0x00,0x00,0x00,0x00,0x00,0x00,0x00,0x00,0xF0,0x1D,0x4C,0x10,
0x18,0x00,0x00,0x00,0x10,0x22,0x35,0x10,0xD8,0xA2,0x56,0x10,0x00,0x00,0x00,0x00,0x00,0x00,0x00,0x00,0xE0,0x23,0x4D,0x10,0x00,0x00,0x00,0x00,0x2E,0x3F,0x41,0x56,0x77,0x78,0x41,0x6E,0x79,0x43,0x68,0x6F,0x69,0x63,0x65,0x44,0x69,0x61,0x6C,0x6F,0x67,0x40,
0x40,0x00,0xE0,0x23,0x4D,0x10,0x00,0x00,0x00,0x00,0x2E,0x3F,0x41,0x56,0x77,0x78,0x53,0x69,0x6E,0x67,0x6C,0x65,0x43,0x68,0x6F,0x69,0x63,0x65,0x44,0x69,0x61,0x6C,0x6F,0x67,0x40,0x40,0x00,0x00,0xE0,0x23,0x4D,0x10,0x00,0x00,0x00,0x00,0x2E,0x3F,0x41,0x56,
0x77,0x78,0x4D,0x75,0x6C,0x74,0x69,0x43,0x68,0x6F,0x69,0x63,0x65,0x44,0x69,0x61,0x6C,0x6F,0x67,0x40,0x40,0x00,0x00,0x00,0xEC,0x13,0x00,0x00,0xFF,0xFF,0xFF,0xFF,0xB0,0x41,0x35,0x10,0x00,0x00,0x00,0x00,0x44,0x83,0x57,0x10,0xB8,0x0B,0x00,0x00,0xFF,0xFF,
0xFF,0xFF,0xC0,0x41,0x35,0x10,0x00,0x00,0x00,0x00,0x54,0x83,0x57,0x10,0x00,0x00,0x00,0x00,0x00,0x00,0x00,0x00,0x00,0x00,0x00,0x00,0x00,0x00,0x00,0x00,0xEC,0x5A,0x57,0x10,0x6C,0x27,0x4C,0x10,0xAC,0x01,0x00,0x00,0xC0,0x35,0x35,0x10,0xD0,0xB6,0x56,0x10,
0x00,0x00,0x00,0x00,0x00,0x00,0x00,0x00,0x84,0x27,0x4C,0x10,0xB0,0x01,0x00,0x00,0xB0,0x37,0x35,0x10,0xD0,0xB6,0x56,0x10,0x00,0x00,0x00,0x00,0x00,0x00,0x00,0x00,0xE0,0x23,0x4D,0x10,0x00,0x00,0x00,0x00,0x2E,0x3F,0x41,0x56,0x77,0x78,0x54,0x69,0x70,0x57,
0x69,0x6E,0x64,0x6F,0x77,0x40,0x40,0x00,0x00,0x00,0xE0,0x23,0x4D,0x10,0x00,0x00,0x00,0x00,0x2E,0x3F,0x41,0x56,0x77,0x78,0x50,0x6F,0x70,0x75,0x70,0x54,0x72,0x61,0x6E,0x73,0x69,0x65,0x6E,0x74,0x57,0x69,0x6E,0x64,0x6F,0x77,0x40,0x40,0x00,0x00,0x00,0x00,
0xE0,0x23,0x4D,0x10,0x00,0x00,0x00,0x00,0x2E,0x3F,0x41,0x56,0x77,0x78,0x50,0x6F,0x70,0x75,0x70,0x57,0x69,0x6E,0x64,0x6F,0x77,0x40,0x40,0x00,0xE0,0x23,0x4D,0x10,0x00,0x00,0x00,0x00,0x2E,0x3F,0x41,0x56,0x77,0x78,0x50,0x6F,0x70,0x75,0x70,0x57,0x69,0x6E,
0x64,0x6F,0x77,0x42,0x61,0x73,0x65,0x40,0x40,0x00,0xE0,0x23,0x4D,0x10,0x00,0x00,0x00,0x00,0x2E,0x3F,0x41,0x56,0x77,0x78,0x54,0x69,0x70,0x57,0x69,0x6E,0x64,0x6F,0x77,0x56,0x69,0x65,0x77,0x40,0x40,0x00,0x00,0x00,0xFF,0xFF,0xFF,0xFF,0xFF,0xFF,0xFF,0xFF,
0xA0,0x49,0x35,0x10,0x00,0x00,0x00,0x00,0x88,0x83,0x57,0x10,0xFF,0xFF,0xFF,0xFF,0xFF,0xFF,0xFF,0xFF,0xA0,0x49,0x35,0x10,0x00,0x00,0x00,0x00,0x98,0x83,0x57,0x10,0xFF,0xFF,0xFF,0xFF,0xFF,0xFF,0xFF,0xFF,0xA0,0x49,0x35,0x10,0x00,0x00,0x00,0x00,0x90,0x83,
0x57,0x10,0x00,0x00,0x00,0x00,0x00,0x00,0x00,0x00,0x00,0x00,0x00,0x00,0x00,0x00,0x00,0x00,0xEC,0x5A,0x57,0x10,0xFF,0xFF,0xFF,0xFF,0xFF,0xFF,0xFF,0xFF,0x90,0x4F,0x35,0x10,0x00,0x00,0x00,0x00,0xA0,0x84,0x57,0x10,0xFF,0xFF,0xFF,0xFF,0xFF,0xFF,0xFF,0xFF,
0x80,0x48,0x35,0x10,0x00,0x00,0x00,0x00,0x88,0x83,0x57,0x10,0xFF,0xFF,0xFF,0xFF,0xFF,0xFF,0xFF,0xFF,0x80,0x48,0x35,0x10,0x00,0x00,0x00,0x00,0x98,0x83,0x57,0x10,0xFF,0xFF,0xFF,0xFF,0xFF,0xFF,0xFF,0xFF,0x80,0x48,0x35,0x10,0x00,0x00,0x00,0x00,0x90,0x83,
0x57,0x10,0xFF,0xFF,0xFF,0xFF,0xFF,0xFF,0xFF,0xFF,0x80,0x4D,0x35,0x10,0x00,0x00,0x00,0x00,0xA0,0x83,0x57,0x10,0x00,0x00,0x00,0x00,0x00,0x00,0x00,0x00,0x00,0x00,0x00,0x00,0x00,0x00,0x00,0x00,0xEC,0x5A,0x57,0x10,0xE0,0x23,0x4D,0x10,0x00,0x00,0x00,0x00,
0x2E,0x3F,0x41,0x56,0x77,0x78,0x48,0x65,0x6C,0x70,0x43,0x6F,0x6E,0x74,0x72,0x6F,0x6C,0x6C,0x65,0x72,0x42,0x61,0x73,0x65,0x40,0x40,0x00,0x00,0xE0,0x23,0x4D,0x10,0x00,0x00,0x00,0x00,0x2E,0x3F,0x41,0x56,0x77,0x78,0x43,0x48,0x4D,0x48,0x65,0x6C,0x70,0x43,
0x6F,0x6E,0x74,0x72,0x6F,0x6C,0x6C,0x65,0x72,0x40,0x40,0x00,0x00,0x00,0xB0,0x2E,0x4C,0x10,0x10,0x00,0x00,0x00,0x40,0x54,0x35,0x10,0x10,0x17,0x57,0x10,0x00,0x00,0x00,0x00,0x00,0x00,0x00,0x00,0xE0,0x23,0x4D,0x10,0x00,0x00,0x00,0x00,0x2E,0x3F,0x41,0x56,
0x77,0x78,0x44,0x61,0x74,0x61,0x4F,0x62,0x6A,0x65,0x63,0x74,0x42,0x61,0x73,0x65,0x40,0x40,0x00,0x00,0xE0,0x23,0x4D,0x10,0x00,0x00,0x00,0x00,0x2E,0x3F,0x41,0x56,0x77,0x78,0x44,0x61,0x74,0x61,0x4F,0x62,0x6A,0x65,0x63,0x74,0x53,0x69,0x6D,0x70,0x6C,0x65,
0x40,0x40,0x00,0x00,0x00,0x00,0xE0,0x23,0x4D,0x10,0x00,0x00,0x00,0x00,0x2E,0x3F,0x41,0x56,0x77,0x78,0x44,0x61,0x74,0x61,0x4F,0x62,0x6A,0x65,0x63,0x74,0x40,0x40,0x00,0x00,0xE0,0x23,0x4D,0x10,0x00,0x00,0x00,0x00,0x2E,0x3F,0x41,0x56,0x77,0x78,0x53,0x69,
0x6D,0x70,0x6C,0x65,0x44,0x61,0x74,0x61,0x4F,0x62,0x6A,0x65,0x63,0x74,0x4C,0x69,0x73,0x74,0x40,0x40,0x00,0x00,0x00,0x00,0xE0,0x23,0x4D,0x10,0x00,0x00,0x00,0x00,0x2E,0x3F,0x41,0x56,0x77,0x78,0x77,0x78,0x53,0x69,0x6D,0x70,0x6C,0x65,0x44,0x61,0x74,0x61,
0x4F,0x62,0x6A,0x65,0x63,0x74,0x4C,0x69,0x73,0x74,0x4E,0x6F,0x64,0x65,0x40,0x40,0x00,0x00,0xE0,0x23,0x4D,0x10,0x00,0x00,0x00,0x00,0x2E,0x3F,0x41,0x56,0x77,0x78,0x46,0x69,0x6C,0x65,0x44,0x61,0x74,0x61,0x4F,0x62,0x6A,0x65,0x63,0x74,0x42,0x61,0x73,0x65,
0x40,0x40,0x00,0x00,0xE0,0x23,0x4D,0x10,0x00,0x00,0x00,0x00,0x2E,0x3F,0x41,0x56,0x77,0x78,0x46,0x69,0x6C,0x65,0x44,0x61,0x74,0x61,0x4F,0x62,0x6A,0x65,0x63,0x74,0x40,0x40,0x00,0x00,0xE0,0x23,0x4D,0x10,0x00,0x00,0x00,0x00,0x2E,0x3F,0x41,0x56,0x77,0x78,
0x44,0x61,0x74,0x61,0x4F,0x62,0x6A,0x65,0x63,0x74,0x43,0x6F,0x6D,0x70,0x6F,0x73,0x69,0x74,0x65,0x40,0x40,0x00,0xE0,0x23,0x4D,0x10,0x00,0x00,0x00,0x00,0x2E,0x3F,0x41,0x56,0x77,0x78,0x43,0x75,0x73,0x74,0x6F,0x6D,0x44,0x61,0x74,0x61,0x4F,0x62,0x6A,0x65,
0x63,0x74,0x40,0x40,0x00,0x00,0x00,0x00,0xE0,0x23,0x4D,0x10,0x00,0x00,0x00,0x00,0x2E,0x3F,0x41,0x56,0x77,0x78,0x46,0x69,0x6C,0x65,0x44,0x72,0x6F,0x70,0x54,0x61,0x72,0x67,0x65,0x74,0x40,0x40,0x00,0x00,0xE0,0x23,0x4D,0x10,0x00,0x00,0x00,0x00,0x2E,0x3F,
0x41,0x56,0x77,0x78,0x54,0x65,0x78,0x74,0x44,0x61,0x74,0x61,0x4F,0x62,0x6A,0x65,0x63,0x74,0x40,0x40,0x00,0x00,0xE0,0x23,0x4D,0x10,0x00,0x00,0x00,0x00,0x2E,0x3F,0x41,0x56,0x77,0x78,0x54,0x65,0x78,0x74,0x44,0x72,0x6F,0x70,0x54,0x61,0x72,0x67,0x65,0x74,
0x40,0x40,0x00,0x00,0xA8,0x9F,0x57,0x10,0xE0,0x23,0x4D,0x10,0x00,0x00,0x00,0x00,0x2E,0x3F,0x41,0x56,0x77,0x78,0x50,0x72,0x69,0x6E,0x74,0x46,0x61,0x63,0x74,0x6F,0x72,0x79,0x40,0x40,0x00,0x00,0x00,0x00,0xE0,0x23,0x4D,0x10,0x00,0x00,0x00,0x00,0x2E,0x3F,
0x41,0x56,0x77,0x78,0x4E,0x61,0x74,0x69,0x76,0x65,0x50,0x72,0x69,0x6E,0x74,0x46,0x61,0x63,0x74,0x6F,0x72,0x79,0x40,0x40,0x00,0x00,0xE0,0x23,0x4D,0x10,0x00,0x00,0x00,0x00,0x2E,0x3F,0x41,0x56,0x77,0x78,0x50,0x72,0x65,0x76,0x69,0x65,0x77,0x43,0x61,0x6E,
0x76,0x61,0x73,0x40,0x40,0x00,0x00,0x00,0xE0,0x23,0x4D,0x10,0x00,0x00,0x00,0x00,0x2E,0x3F,0x41,0x56,0x77,0x78,0x53,0x63,0x72,0x6F,0x6C,0x6C,0x65,0x64,0x57,0x69,0x6E,0x64,0x6F,0x77,0x40,0x40,0x00,0x00,0xE0,0x23,0x4D,0x10,0x00,0x00,0x00,0x00,0x2E,0x3F,
0x41,0x56,0x77,0x78,0x53,0x63,0x72,0x6F,0x6C,0x6C,0x48,0x65,0x6C,0x70,0x65,0x72,0x40,0x40,0x00,0x00,0x00,0x00,0xE0,0x23,0x4D,0x10,0x00,0x00,0x00,0x00,0x2E,0x3F,0x41,0x56,0x77,0x78,0x50,0x72,0x65,0x76,0x69,0x65,0x77,0x43,0x6F,0x6E,0x74,0x72,0x6F,0x6C,
0x42,0x61,0x72,0x40,0x40,0x00,0x00,0x00,0xE0,0x23,0x4D,0x10,0x00,0x00,0x00,0x00,0x2E,0x3F,0x41,0x56,0x77,0x78,0x50,0x72,0x65,0x76,0x69,0x65,0x77,0x46,0x72,0x61,0x6D,0x65,0x40,0x40,0x00,0x00,0x00,0x00,0xE0,0x23,0x4D,0x10,0x00,0x00,0x00,0x00,0x2E,0x3F,
0x41,0x56,0x77,0x78,0x50,0x72,0x69,0x6E,0x74,0x41,0x62,0x6F,0x72,0x74,0x44,0x69,0x61,0x6C,0x6F,0x67,0x40,0x40,0x00,0x00,0x00,0x00,0xE0,0x23,0x4D,0x10,0x00,0x00,0x00,0x00,0x2E,0x3F,0x41,0x56,0x77,0x78,0x50,0x72,0x69,0x6E,0x74,0x4E,0x61,0x74,0x69,0x76,
0x65,0x44,0x61,0x74,0x61,0x42,0x61,0x73,0x65,0x40,0x40,0x00,0xE0,0x23,0x4D,0x10,0x00,0x00,0x00,0x00,0x2E,0x3F,0x41,0x56,0x77,0x78,0x50,0x72,0x69,0x6E,0x74,0x46,0x61,0x63,0x74,0x6F,0x72,0x79,0x4D,0x6F,0x64,0x75,0x6C,0x65,0x40,0x40,0x00,0x00,0xE0,0x23,
0x4D,0x10,0x00,0x00,0x00,0x00,0x2E,0x3F,0x41,0x56,0x77,0x78,0x50,0x72,0x69,0x6E,0x74,0x65,0x72,0x42,0x61,0x73,0x65,0x40,0x40,0x00,0xE0,0x23,0x4D,0x10,0x00,0x00,0x00,0x00,0x2E,0x3F,0x41,0x56,0x77,0x78,0x50,0x72,0x69,0x6E,0x74,0x65,0x72,0x40,0x40,0x00,
0xE0,0x23,0x4D,0x10,0x00,0x00,0x00,0x00,0x2E,0x3F,0x41,0x56,0x77,0x78,0x50,0x72,0x69,0x6E,0x74,0x44,0x69,0x61,0x6C,0x6F,0x67,0x40,0x40,0x00,0xE0,0x23,0x4D,0x10,0x00,0x00,0x00,0x00,0x2E,0x3F,0x41,0x56,0x77,0x78,0x50,0x61,0x67,0x65,0x53,0x65,0x74,0x75,
0x70,0x44,0x69,0x61,0x6C,0x6F,0x67,0x40,0x40,0x00,0xE0,0x23,0x4D,0x10,0x00,0x00,0x00,0x00,0x2E,0x3F,0x41,0x56,0x77,0x78,0x50,0x72,0x69,0x6E,0x74,0x6F,0x75,0x74,0x40,0x40,0x00,0x00,0x00,0x00,0xE0,0x23,0x4D,0x10,0x00,0x00,0x00,0x00,0x2E,0x3F,0x41,0x56,
0x77,0x78,0x50,0x72,0x69,0x6E,0x74,0x50,0x72,0x65,0x76,0x69,0x65,0x77,0x42,0x61,0x73,0x65,0x40,0x40,0x00,0x00,0x00,0x00,0xE0,0x23,0x4D,0x10,0x00,0x00,0x00,0x00,0x2E,0x3F,0x41,0x56,0x77,0x78,0x50,0x72,0x69,0x6E,0x74,0x50,0x72,0x65,0x76,0x69,0x65,0x77,
0x40,0x40,0x00,0x00,0x00,0x00,0xE0,0x23,0x4D,0x10,0x00,0x00,0x00,0x00,0x2E,0x3F,0x41,0x56,0x77,0x78,0x50,0x72,0x69,0x6E,0x74,0x44,0x69,0x61,0x6C,0x6F,0x67,0x42,0x61,0x73,0x65,0x40,0x40,0x00,0xE0,0x23,0x4D,0x10,0x00,0x00,0x00,0x00,0x2E,0x3F,0x41,0x56,
0x77,0x78,0x50,0x61,0x67,0x65,0x53,0x65,0x74,0x75,0x70,0x44,0x69,0x61,0x6C,0x6F,0x67,0x42,0x61,0x73,0x65,0x40,0x40,0x00,0x00,0x00,0x00,0x00,0xDC,0x4A,0x4C,0x10,0x0C,0x00,0x00,0x00,0x00,0x00,0x00,0x00,0xB0,0x5A,0x57,0x10,0x00,0x00,0x00,0x00,0x00,0x00,
0x00,0x00,0xF4,0x4A,0x4C,0x10,0x18,0x00,0x00,0x00,0x40,0x8D,0x35,0x10,0xD8,0xA2,0x56,0x10,0x00,0x00,0x00,0x00,0x00,0x00,0x00,0x00,0x0C,0x4B,0x4C,0x10,0x7C,0x00,0x00,0x00,0x00,0x00,0x00,0x00,0xB0,0x5A,0x57,0x10,0x00,0x00,0x00,0x00,0x00,0x00,0x00,0x00,
0x1C,0x4B,0x4C,0x10,0x80,0x00,0x00,0x00,0x00,0x00,0x00,0x00,0x28,0xEE,0x56,0x10,0x00,0x00,0x00,0x00,0x00,0x00,0x00,0x00,0x28,0x4B,0x4C,0x10,0xA0,0x01,0x00,0x00,0x00,0x00,0x00,0x00,0xD0,0xB6,0x56,0x10,0x00,0x00,0x00,0x00,0x00,0x00,0x00,0x00,0x3C,0x4B,
0x4C,0x10,0x0C,0x00,0x00,0x00,0x00,0x00,0x00,0x00,0xB0,0x5A,0x57,0x10,0x00,0x00,0x00,0x00,0x00,0x00,0x00,0x00,0x4C,0x4B,0x4C,0x10,0xA0,0x01,0x00,0x00,0x00,0x00,0x00,0x00,0xD0,0xB6,0x56,0x10,0x00,0x00,0x00,0x00,0x00,0x00,0x00,0x00,0x64,0x4B,0x4C,0x10,
0x0C,0x00,0x00,0x00,0x00,0x00,0x00,0x00,0xB0,0x5A,0x57,0x10,0x00,0x00,0x00,0x00,0x00,0x00,0x00,0x00,0xED,0x13,0x00,0x00,0xFF,0xFF,0xFF,0xFF,0x40,0x7D,0x35,0x10,0x00,0x00,0x00,0x00,0x44,0x83,0x57,0x10,0x00,0x00,0x00,0x00,0x00,0x00,0x00,0x00,0x00,0x00,
0x00,0x00,0x00,0x00,0x00,0x00,0xEC,0x5A,0x57,0x10,0x78,0x4B,0x4C,0x10,0x44,0x00,0x00,0x00,0x00,0x00,0x00,0x00,0xB0,0x5A,0x57,0x10,0x00,0x00,0x00,0x00,0x00,0x00,0x00,0x00,0x84,0x4B,0x4C,0x10,0xB8,0x01,0x00,0x00,0x00,0x00,0x00,0x00,0x88,0xB4,0x56,0x10,
0x00,0x00,0x00,0x00,0x00,0x00,0x00,0x00,0xFF,0xFF,0xFF,0xFF,0xFF,0xFF,0xFF,0xFF,0xF0,0x7E,0x35,0x10,0x00,0x00,0x00,0x00,0xA0,0x84,0x57,0x10,0xFF,0xFF,0xFF,0xFF,0xFF,0xFF,0xFF,0xFF,0x60,0xBB,0x35,0x10,0x00,0x00,0x00,0x00,0xF8,0x83,0x57,0x10,0xFF,0xFF,
0xFF,0xFF,0xFF,0xFF,0xFF,0xFF,0x90,0x7F,0x35,0x10,0x00,0x00,0x00,0x00,0xC0,0x84,0x57,0x10,0xFF,0xFF,0xFF,0xFF,0xFF,0xFF,0xFF,0xFF,0xA0,0x9F,0x35,0x10,0x00,0x00,0x00,0x00,0xC4,0x83,0x57,0x10,0x00,0x00,0x00,0x00,0x00,0x00,0x00,0x00,0x00,0x00,0x00,0x00,
0x00,0x00,0x00,0x00,0xEC,0x5A,0x57,0x10,0x94,0x4B,0x4C,0x10,0x78,0x01,0x00,0x00,0x00,0x00,0x00,0x00,0x88,0xB4,0x56,0x10,0x00,0x00,0x00,0x00,0x00,0x00,0x00,0x00,0x00,0x00,0x00,0x00,0x01,0x00,0x00,0x00,0xFF,0xFF,0xFF,0xFF,0xD0,0xA1,0x35,0x10,0x00,0x00,
0x00,0x00,0x44,0x83,0x57,0x10,0x04,0x00,0x00,0x00,0xFF,0xFF,0xFF,0xFF,0xA0,0x89,0x35,0x10,0x00,0x00,0x00,0x00,0x44,0x83,0x57,0x10,0x03,0x00,0x00,0x00,0xFF,0xFF,0xFF,0xFF,0xC0,0x89,0x35,0x10,0x00,0x00,0x00,0x00,0x44,0x83,0x57,0x10,0x02,0x00,0x00,0x00,
0xFF,0xFF,0xFF,0xFF,0xB0,0x89,0x35,0x10,0x00,0x00,0x00,0x00,0x44,0x83,0x57,0x10,0x06,0x00,0x00,0x00,0xFF,0xFF,0xFF,0xFF,0xD0,0x89,0x35,0x10,0x00,0x00,0x00,0x00,0x44,0x83,0x57,0x10,0x07,0x00,0x00,0x00,0xFF,0xFF,0xFF,0xFF,0xE0,0x89,0x35,0x10,0x00,0x00,
0x00,0x00,0x44,0x83,0x57,0x10,0x08,0x00,0x00,0x00,0xFF,0xFF,0xFF,0xFF,0xA0,0xB3,0x35,0x10,0x00,0x00,0x00,0x00,0x44,0x83,0x57,0x10,0x05,0x00,0x00,0x00,0xFF,0xFF,0xFF,0xFF,0xF0,0x81,0x35,0x10,0x00,0x00,0x00,0x00,0x4C,0x83,0x57,0x10,0xFF,0xFF,0xFF,0xFF,
0xFF,0xFF,0xFF,0xFF,0x00,0xA1,0x35,0x10,0x00,0x00,0x00,0x00,0xA0,0x84,0x57,0x10,0x00,0x00,0x00,0x00,0x00,0x00,0x00,0x00,0x00,0x00,0x00,0x00,0x00,0x00,0x00,0x00,0xEC,0x5A,0x57,0x10,0xA8,0x4B,0x4C,0x10,0xAC,0x01,0x00,0x00,0x00,0x00,0x00,0x00,0x14,0xCF,
0x56,0x10,0x00,0x00,0x00,0x00,0x00,0x00,0x00,0x00,0xFF,0xFF,0xFF,0xFF,0xFF,0xFF,0xFF,0xFF,0x00,0xA8,0x35,0x10,0x00,0x00,0x00,0x00,0x68,0x84,0x57,0x10,0x00,0x00,0x00,0x00,0x00,0x00,0x00,0x00,0x00,0x00,0x00,0x00,0x00,0x00,0x00,0x00,0xEC,0x5A,0x57,0x10,
0xB8,0x4B,0x4C,0x10,0xB8,0x00,0x00,0x00,0x00,0x00,0x00,0x00,0xB0,0x5A,0x57,0x10,0x00,0x00,0x00,0x00,0x00,0x00,0x00,0x00,0xCC,0x4B,0x4C,0x10,0xBC,0x00,0x00,0x00,0x00,0x00,0x00,0x00,0x98,0xF0,0x56,0x10,0x00,0x00,0x00,0x00,0x00,0x00,0x00,0x00,0xE0,0x23,
0x4D,0x10,0x00,0x00,0x00,0x00,0x2E,0x3F,0x41,0x56,0x77,0x78,0x50,0x72,0x69,0x6E,0x74,0x50,0x61,0x70,0x65,0x72,0x54,0x79,0x70,0x65,0x40,0x40,0x00,0x00,0xE0,0x23,0x4D,0x10,0x00,0x00,0x00,0x00,0x2E,0x3F,0x41,0x56,0x77,0x78,0x50,0x72,0x69,0x6E,0x74,0x50,
0x61,0x70,0x65,0x72,0x54,0x79,0x70,0x65,0x4C,0x69,0x73,0x74,0x40,0x40,0x00,0x00,0xE0,0x23,0x4D,0x10,0x00,0x00,0x00,0x00,0x2E,0x3F,0x41,0x56,0x77,0x78,0x77,0x78,0x50,0x72,0x69,0x6E,0x74,0x50,0x61,0x70,0x65,0x72,0x54,0x79,0x70,0x65,0x4C,0x69,0x73,0x74,
0x4E,0x6F,0x64,0x65,0x40,0x40,0x00,0x00,0x00,0x00,0xE0,0x23,0x4D,0x10,0x00,0x00,0x00,0x00,0x2E,0x3F,0x41,0x56,0x77,0x78,0x50,0x72,0x69,0x6E,0x74,0x50,0x61,0x70,0x65,0x72,0x4D,0x6F,0x64,0x75,0x6C,0x65,0x40,0x40,0x00,0x00,0x00,0x00,0x50,0x59,0x4C,0x10,
0x1C,0x00,0x00,0x00,0x00,0xDC,0x35,0x10,0xB0,0x5A,0x57,0x10,0x00,0x00,0x00,0x00,0x00,0x00,0x00,0x00,0x64,0x59,0x4C,0x10,0x18,0x00,0x00,0x00,0x40,0xDA,0x35,0x10,0xD8,0xA2,0x56,0x10,0x00,0x00,0x00,0x00,0x00,0x00,0x00,0x00,0x78,0x59,0x4C,0x10,0x38,0x00,
0x00,0x00,0xB0,0x0E,0x36,0x10,0xB0,0x5A,0x57,0x10,0x00,0x00,0x00,0x00,0x00,0x00,0x00,0x00,0xFF,0xFF,0xFF,0xFF,0xE0,0x23,0x4D,0x10,0x00,0x00,0x00,0x00,0x2E,0x3F,0x41,0x56,0x77,0x78,0x44,0x69,0x73,0x70,0x6C,0x61,0x79,0x46,0x61,0x63,0x74,0x6F,0x72,0x79,
0x40,0x40,0x00,0x00,0xE0,0x23,0x4D,0x10,0x00,0x00,0x00,0x00,0x2E,0x3F,0x41,0x56,0x77,0x78,0x44,0x69,0x73,0x70,0x6C,0x61,0x79,0x49,0x6D,0x70,0x6C,0x57,0x69,0x6E,0x33,0x32,0x42,0x61,0x73,0x65,0x40,0x40,0x00,0x00,0x00,0x00,0xE0,0x23,0x4D,0x10,0x00,0x00,
0x00,0x00,0x2E,0x3F,0x41,0x56,0x77,0x78,0x44,0x69,0x73,0x70,0x6C,0x61,0x79,0x49,0x6D,0x70,0x6C,0x4D,0x75,0x6C,0x74,0x69,0x6D,0x6F,0x6E,0x40,0x40,0x00,0xE0,0x23,0x4D,0x10,0x00,0x00,0x00,0x00,0x2E,0x3F,0x41,0x56,0x77,0x78,0x44,0x69,0x73,0x70,0x6C,0x61,
0x79,0x46,0x61,0x63,0x74,0x6F,0x72,0x79,0x53,0x69,0x6E,0x67,0x6C,0x65,0x40,0x40,0x00,0x00,0x00,0x00,0xE0,0x23,0x4D,0x10,0x00,0x00,0x00,0x00,0x2E,0x3F,0x41,0x55,0x77,0x78,0x44,0x69,0x73,0x70,0x6C,0x61,0x79,0x49,0x6E,0x66,0x6F,0x40,0x40,0x00,0xE0,0x23,
0x4D,0x10,0x00,0x00,0x00,0x00,0x2E,0x3F,0x41,0x56,0x77,0x78,0x44,0x69,0x73,0x70,0x6C,0x61,0x79,0x46,0x61,0x63,0x74,0x6F,0x72,0x79,0x57,0x69,0x6E,0x33,0x32,0x42,0x61,0x73,0x65,0x40,0x40,0x00,0xE0,0x23,0x4D,0x10,0x00,0x00,0x00,0x00,0x2E,0x3F,0x41,0x56,
0x77,0x78,0x44,0x69,0x73,0x70,0x6C,0x61,0x79,0x46,0x61,0x63,0x74,0x6F,0x72,0x79,0x4D,0x75,0x6C,0x74,0x69,0x6D,0x6F,0x6E,0x40,0x40,0x00,0x00,0xE0,0x23,0x4D,0x10,0x00,0x00,0x00,0x00,0x2E,0x3F,0x41,0x56,0x77,0x78,0x49,0x43,0x4F,0x48,0x61,0x6E,0x64,0x6C,
0x65,0x72,0x40,0x40,0x00,0x00,0xE0,0x23,0x4D,0x10,0x00,0x00,0x00,0x00,0x2E,0x3F,0x41,0x56,0x77,0x78,0x43,0x55,0x52,0x48,0x61,0x6E,0x64,0x6C,0x65,0x72,0x40,0x40,0x00,0x00,0xE0,0x23,0x4D,0x10,0x00,0x00,0x00,0x00,0x2E,0x3F,0x41,0x56,0x77,0x78,0x41,0x4E,
0x49,0x48,0x61,0x6E,0x64,0x6C,0x65,0x72,0x40,0x40,0x00,0x00,0x64,0x5E,0x4C,0x10,0x18,0x00,0x00,0x00,0x30,0x2D,0x36,0x10,0x6C,0xDE,0x56,0x10,0x00,0x00,0x00,0x00,0x00,0x00,0x00,0x00,0x74,0x5E,0x4C,0x10,0x18,0x00,0x00,0x00,0xC0,0x3B,0x36,0x10,0xFC,0xF2,
0x56,0x10,0x00,0x00,0x00,0x00,0x00,0x00,0x00,0x00,0x84,0x5E,0x4C,0x10,0x18,0x00,0x00,0x00,0xE0,0x3E,0x36,0x10,0x14,0xF3,0x56,0x10,0x00,0x00,0x00,0x00,0x00,0x00,0x00,0x00,0x94,0x5E,0x4C,0x10,0x18,0x00,0x00,0x00,0xD0,0x3F,0x36,0x10,0x2C,0xF3,0x56,0x10,
0x00,0x00,0x00,0x00,0x00,0x00,0x00,0x00,0x00,0x00,0x00,0x00,0xF8,0x67,0x4C,0x10,0xFF,0xF8,0xF0,0x00,0xE8,0x67,0x4C,0x10,0xD7,0xEB,0xFA,0x00,0xDC,0x67,0x4C,0x10,0xC1,0xBF,0x32,0x00,0xD4,0x67,0x4C,0x10,0xFF,0xFF,0xF0,0x00,0xCC,0x67,0x4C,0x10,0xDC,0xF5,
0xF5,0x00,0xC4,0x67,0x4C,0x10,0xC4,0xE4,0xFF,0x00,0xBC,0x67,0x4C,0x10,0x00,0x00,0x00,0x00,0xAC,0x67,0x4C,0x10,0xCD,0xEB,0xFF,0x00,0xA4,0x67,0x4C,0x10,0xFF,0x00,0x00,0x00,0x98,0x67,0x4C,0x10,0xE2,0x2B,0x8A,0x00,0x90,0x67,0x4C,0x10,0x2A,0x2A,0xA5,0x00,
0x84,0x67,0x4C,0x10,0x87,0xB8,0xDE,0x00,0x78,0x67,0x4C,0x10,0x9E,0x92,0x5F,0x00,0x6C,0x67,0x4C,0x10,0x00,0xFF,0x7F,0x00,0x60,0x67,0x4C,0x10,0x1E,0x69,0xD2,0x00,0x58,0x67,0x4C,0x10,0x56,0x72,0xFF,0x00,0x48,0x67,0x4C,0x10,0x98,0x22,0x22,0x00,0x3C,0x67,
0x4C,0x10,0xDC,0xF8,0xFF,0x00,0x34,0x67,0x4C,0x10,0xFF,0xFF,0x00,0x00,0x24,0x67,0x4C,0x10,0x0B,0x86,0xB8,0x00,0x18,0x67,0x4C,0x10,0x2D,0x56,0x00,0x00,0x0C,0x67,0x4C,0x10,0x6B,0xB7,0xBD,0x00,0xFC,0x66,0x4C,0x10,0x2F,0x56,0x55,0x00,0xF0,0x66,0x4C,0x10,
0x00,0x8C,0xFF,0x00,0xE4,0x66,0x4C,0x10,0x8B,0x20,0x8B,0x00,0xD8,0x66,0x4C,0x10,0x7A,0x96,0xE9,0x00,0xC8,0x66,0x4C,0x10,0x8F,0xBC,0x8F,0x00,0xB8,0x66,0x4C,0x10,0x66,0x4B,0x38,0x00,0xA8,0x66,0x4C,0x10,0x4F,0x4F,0x2F,0x00,0x98,0x66,0x4C,0x10,0xA6,0xA6,
0x00,0x00,0x8C,0x66,0x4C,0x10,0xD3,0x00,0x94,0x00,0x80,0x66,0x4C,0x10,0x93,0x14,0xFF,0x00,0x74,0x66,0x4C,0x10,0xFF,0xBF,0x00,0x00,0x6C,0x66,0x4C,0x10,0x54,0x54,0x54,0x00,0x60,0x66,0x4C,0x10,0xFF,0x90,0x1E,0x00,0x54,0x66,0x4C,0x10,0x23,0x23,0x8E,0x00,
0x48,0x66,0x4C,0x10,0xF0,0xFA,0xFF,0x00,0x3C,0x66,0x4C,0x10,0x69,0x9F,0x50,0x00,0x30,0x66,0x4C,0x10,0xDC,0xDC,0xDC,0x00,0x24,0x66,0x4C,0x10,0xFF,0xF8,0xF8,0x00,0x1C,0x66,0x4C,0x10,0x00,0xAA,0xDA,0x00,0x10,0x66,0x4C,0x10,0x84,0xDF,0xEF,0x00,0x08,0x66,
0x4C,0x10,0x7E,0x7E,0x7E,0x00,0x00,0x66,0x4C,0x10,0x00,0x00,0x00,0x00,0xF8,0x65,0x4C,0x10,0x03,0x03,0x03,0x00,0xF0,0x65,0x4C,0x10,0x1A,0x1A,0x1A,0x00,0xE8,0x65,0x4C,0x10,0xFF,0xFF,0xFF,0x00,0xE0,0x65,0x4C,0x10,0x1C,0x1C,0x1C,0x00,0xD8,0x65,0x4C,0x10,
0x1F,0x1F,0x1F,0x00,0xD0,0x65,0x4C,0x10,0x21,0x21,0x21,0x00,0xC8,0x65,0x4C,0x10,0x24,0x24,0x24,0x00,0xC0,0x65,0x4C,0x10,0x26,0x26,0x26,0x00,0xB8,0x65,0x4C,0x10,0x29,0x29,0x29,0x00,0xB0,0x65,0x4C,0x10,0x2B,0x2B,0x2B,0x00,0xA8,0x65,0x4C,0x10,0x2E,0x2E,
0x2E,0x00,0xA0,0x65,0x4C,0x10,0x30,0x30,0x30,0x00,0x98,0x65,0x4C,0x10,0x05,0x05,0x05,0x00,0x90,0x65,0x4C,0x10,0x33,0x33,0x33,0x00,0x88,0x65,0x4C,0x10,0x36,0x36,0x36,0x00,0x80,0x65,0x4C,0x10,0x38,0x38,0x38,0x00,0x78,0x65,0x4C,0x10,0x3B,0x3B,0x3B,0x00,
0x70,0x65,0x4C,0x10,0x3D,0x3D,0x3D,0x00,0x68,0x65,0x4C,0x10,0x40,0x40,0x40,0x00,0x60,0x65,0x4C,0x10,0x42,0x42,0x42,0x00,0x58,0x65,0x4C,0x10,0x45,0x45,0x45,0x00,0x50,0x65,0x4C,0x10,0x47,0x47,0x47,0x00,0x48,0x65,0x4C,0x10,0x4A,0x4A,0x4A,0x00,0x40,0x65,
0x4C,0x10,0x08,0x08,0x08,0x00,0x38,0x65,0x4C,0x10,0x4D,0x4D,0x4D,0x00,0x30,0x65,0x4C,0x10,0x4F,0x4F,0x4F,0x00,0x28,0x65,0x4C,0x10,0x52,0x52,0x52,0x00,0x20,0x65,0x4C,0x10,0x54,0x54,0x54,0x00,0x18,0x65,0x4C,0x10,0x57,0x57,0x57,0x00,0x10,0x65,0x4C,0x10,
0x59,0x59,0x59,0x00,0x08,0x65,0x4C,0x10,0x5C,0x5C,0x5C,0x00,0x00,0x65,0x4C,0x10,0x5E,0x5E,0x5E,0x00,0xF8,0x64,0x4C,0x10,0x61,0x61,0x61,0x00,0xF0,0x64,0x4C,0x10,0x63,0x63,0x63,0x00,0xE8,0x64,0x4C,0x10,0x0A,0x0A,0x0A,0x00,0xE0,0x64,0x4C,0x10,0x66,0x66,
0x66,0x00,0xD8,0x64,0x4C,0x10,0x69,0x69,0x69,0x00,0xD0,0x64,0x4C,0x10,0x6B,0x6B,0x6B,0x00,0xC8,0x64,0x4C,0x10,0x6E,0x6E,0x6E,0x00,0xC0,0x64,0x4C,0x10,0x70,0x70,0x70,0x00,0xB8,0x64,0x4C,0x10,0x73,0x73,0x73,0x00,0xB0,0x64,0x4C,0x10,0x75,0x75,0x75,0x00,
0xA8,0x64,0x4C,0x10,0x78,0x78,0x78,0x00,0xA0,0x64,0x4C,0x10,0x7A,0x7A,0x7A,0x00,0x98,0x64,0x4C,0x10,0x7D,0x7D,0x7D,0x00,0x90,0x64,0x4C,0x10,0x0D,0x0D,0x0D,0x00,0x88,0x64,0x4C,0x10,0x7F,0x7F,0x7F,0x00,0x80,0x64,0x4C,0x10,0x82,0x82,0x82,0x00,0x78,0x64,
0x4C,0x10,0x85,0x85,0x85,0x00,0x70,0x64,0x4C,0x10,0x87,0x87,0x87,0x00,0x68,0x64,0x4C,0x10,0x8A,0x8A,0x8A,0x00,0x60,0x64,0x4C,0x10,0x8C,0x8C,0x8C,0x00,0x58,0x64,0x4C,0x10,0x8F,0x8F,0x8F,0x00,0x50,0x64,0x4C,0x10,0x91,0x91,0x91,0x00,0x48,0x64,0x4C,0x10,
0x94,0x94,0x94,0x00,0x40,0x64,0x4C,0x10,0x96,0x96,0x96,0x00,0x38,0x64,0x4C,0x10,0x0F,0x0F,0x0F,0x00,0x30,0x64,0x4C,0x10,0x99,0x99,0x99,0x00,0x28,0x64,0x4C,0x10,0x9C,0x9C,0x9C,0x00,0x20,0x64,0x4C,0x10,0x9E,0x9E,0x9E,0x00,0x18,0x64,0x4C,0x10,0xA1,0xA1,
0xA1,0x00,0x10,0x64,0x4C,0x10,0xA3,0xA3,0xA3,0x00,0x08,0x64,0x4C,0x10,0xA6,0xA6,0xA6,0x00,0x00,0x64,0x4C,0x10,0xA8,0xA8,0xA8,0x00,0xF8,0x63,0x4C,0x10,0xAB,0xAB,0xAB,0x00,0xF0,0x63,0x4C,0x10,0xAD,0xAD,0xAD,0x00,0xE8,0x63,0x4C,0x10,0xB0,0xB0,0xB0,0x00,
0xE0,0x63,0x4C,0x10,0x12,0x12,0x12,0x00,0xD8,0x63,0x4C,0x10,0xB3,0xB3,0xB3,0x00,0xD0,0x63,0x4C,0x10,0xB5,0xB5,0xB5,0x00,0xC8,0x63,0x4C,0x10,0xB8,0xB8,0xB8,0x00,0xC0,0x63,0x4C,0x10,0xBA,0xBA,0xBA,0x00,0xB8,0x63,0x4C,0x10,0xBD,0xBD,0xBD,0x00,0xB0,0x63,
0x4C,0x10,0xBF,0xBF,0xBF,0x00,0xA8,0x63,0x4C,0x10,0xC2,0xC2,0xC2,0x00,0xA0,0x63,0x4C,0x10,0xC4,0xC4,0xC4,0x00,0x98,0x63,0x4C,0x10,0xC7,0xC7,0xC7,0x00,0x90,0x63,0x4C,0x10,0xC9,0xC9,0xC9,0x00,0x88,0x63,0x4C,0x10,0x14,0x14,0x14,0x00,0x80,0x63,0x4C,0x10,
0xCC,0xCC,0xCC,0x00,0x78,0x63,0x4C,0x10,0xCF,0xCF,0xCF,0x00,0x70,0x63,0x4C,0x10,0xD1,0xD1,0xD1,0x00,0x68,0x63,0x4C,0x10,0xD4,0xD4,0xD4,0x00,0x60,0x63,0x4C,0x10,0xD6,0xD6,0xD6,0x00,0x58,0x63,0x4C,0x10,0xD9,0xD9,0xD9,0x00,0x50,0x63,0x4C,0x10,0xDB,0xDB,
0xDB,0x00,0x48,0x63,0x4C,0x10,0xDE,0xDE,0xDE,0x00,0x40,0x63,0x4C,0x10,0xE0,0xE0,0xE0,0x00,0x38,0x63,0x4C,0x10,0xE3,0xE3,0xE3,0x00,0x30,0x63,0x4C,0x10,0x17,0x17,0x17,0x00,0x28,0x63,0x4C,0x10,0xE5,0xE5,0xE5,0x00,0x20,0x63,0x4C,0x10,0xE8,0xE8,0xE8,0x00,
0x18,0x63,0x4C,0x10,0xEB,0xEB,0xEB,0x00,0x10,0x63,0x4C,0x10,0xED,0xED,0xED,0x00,0x08,0x63,0x4C,0x10,0xF0,0xF0,0xF0,0x00,0x00,0x63,0x4C,0x10,0xF2,0xF2,0xF2,0x00,0xF8,0x62,0x4C,0x10,0xF5,0xF5,0xF5,0x00,0xF0,0x62,0x4C,0x10,0xF7,0xF7,0xF7,0x00,0xE8,0x62,
0x4C,0x10,0xFA,0xFA,0xFA,0x00,0xE0,0x62,0x4C,0x10,0xFC,0xFC,0xFC,0x00,0xD8,0x62,0x4C,0x10,0x00,0xFF,0x00,0x00,0xCC,0x62,0x4C,0x10,0x2F,0xFF,0xAD,0x00,0xC0,0x62,0x4C,0x10,0xF0,0xFF,0xF0,0x00,0xB8,0x62,0x4C,0x10,0xB4,0x69,0xFF,0x00,0xAC,0x62,0x4C,0x10,
0x39,0x39,0x6B,0x00,0xA4,0x62,0x4C,0x10,0xF0,0xFF,0xFF,0x00,0x9C,0x62,0x4C,0x10,0x7E,0xB3,0xB3,0x00,0x90,0x62,0x4C,0x10,0xFA,0xE6,0xE6,0x00,0x80,0x62,0x4C,0x10,0xF5,0xF0,0xFF,0x00,0x74,0x62,0x4C,0x10,0x00,0xFC,0x7C,0x00,0x64,0x62,0x4C,0x10,0xCD,0xFA,
0xFF,0x00,0x58,0x62,0x4C,0x10,0xFF,0xE2,0xB0,0x00,0x4C,0x62,0x4C,0x10,0x80,0x80,0xF0,0x00,0x40,0x62,0x4C,0x10,0xFF,0xFF,0xE0,0x00,0x30,0x62,0x4C,0x10,0x82,0xDD,0xEE,0x00,0x18,0x62,0x4C,0x10,0xD2,0xFA,0xFA,0x00,0x0C,0x62,0x4C,0x10,0xA8,0xA8,0xA8,0x00,
0x00,0x62,0x4C,0x10,0xC1,0xB6,0xFF,0x00,0xF4,0x61,0x4C,0x10,0x7A,0xA0,0xFF,0x00,0xE4,0x61,0x4C,0x10,0xAA,0xB2,0x20,0x00,0xD4,0x61,0x4C,0x10,0xFA,0xCE,0x87,0x00,0xC4,0x61,0x4C,0x10,0xFF,0x70,0x84,0x00,0xB4,0x61,0x4C,0x10,0x99,0x88,0x77,0x00,0xA4,0x61,
0x4C,0x10,0xD3,0x98,0x7C,0x00,0x98,0x61,0x4C,0x10,0xE0,0xFF,0xFF,0x00,0x8C,0x61,0x4C,0x10,0x14,0xAF,0x00,0x00,0x84,0x61,0x4C,0x10,0xE6,0xF0,0xFA,0x00,0x7C,0x61,0x4C,0x10,0xFF,0x00,0xFF,0x00,0x74,0x61,0x4C,0x10,0x52,0x00,0x8F,0x00,0x60,0x61,0x4C,0x10,
0x8F,0x93,0x00,0x00,0x54,0x61,0x4C,0x10,0xCC,0x32,0x32,0x00,0x40,0x61,0x4C,0x10,0x4B,0x81,0x32,0x00,0x30,0x61,0x4C,0x10,0x66,0xC1,0xD1,0x00,0x20,0x61,0x4C,0x10,0xBD,0x52,0xBD,0x00,0x10,0x61,0x4C,0x10,0xDB,0x70,0x93,0x00,0x00,0x61,0x4C,0x10,0x66,0x77,
0x34,0x00,0xF0,0x60,0x4C,0x10,0x8D,0x6A,0x6A,0x00,0xDC,0x60,0x4C,0x10,0x23,0x8E,0x23,0x00,0xCC,0x60,0x4C,0x10,0xD2,0xD2,0x00,0x00,0xBC,0x60,0x4C,0x10,0x79,0x20,0xD5,0x00,0xAC,0x60,0x4C,0x10,0x64,0x2F,0x2F,0x00,0xA0,0x60,0x4C,0x10,0xFA,0xFF,0xF5,0x00,
0x94,0x60,0x4C,0x10,0xE1,0xE4,0xFF,0x00,0x88,0x60,0x4C,0x10,0xB5,0xE4,0xFF,0x00,0x7C,0x60,0x4C,0x10,0xAD,0xDE,0xFF,0x00,0x74,0x60,0x4C,0x10,0x75,0x23,0x23,0x00,0x68,0x60,0x4C,0x10,0x75,0x23,0x23,0x00,0x60,0x60,0x4C,0x10,0xE6,0xF5,0xFD,0x00,0x54,0x60,
0x4C,0x10,0x23,0x8E,0x6B,0x00,0x4C,0x60,0x4C,0x10,0x00,0x87,0xFF,0x00,0x40,0x60,0x4C,0x10,0x00,0x45,0xFF,0x00,0x38,0x60,0x4C,0x10,0xEF,0x84,0xEF,0x00,0x28,0x60,0x4C,0x10,0xAA,0xE8,0xEE,0x00,0x1C,0x60,0x4C,0x10,0x78,0xDE,0x73,0x00,0x0C,0x60,0x4C,0x10,
0xEE,0xEE,0xAF,0x00,0xFC,0x5F,0x4C,0x10,0x93,0x70,0xDB,0x00,0xF0,0x5F,0x4C,0x10,0xD5,0xEF,0xFF,0x00,0xE4,0x5F,0x4C,0x10,0xB9,0xDA,0xFF,0x00,0xDC,0x5F,0x4C,0x10,0x3F,0x85,0xCD,0x00,0xD4,0x5F,0x4C,0x10,0xC5,0xB5,0xFF,0x00,0xCC,0x5F,0x4C,0x10,0x9B,0x48,
0xC5,0x00,0xC0,0x5F,0x4C,0x10,0xE6,0xE0,0xB0,0x00,0xB8,0x5F,0x4C,0x10,0xF0,0x20,0xA0,0x00,0xB4,0x5F,0x4C,0x10,0x00,0x00,0xFF,0x00,0xA8,0x5F,0x4C,0x10,0x8F,0x8F,0xBC,0x00,0x9C,0x5F,0x4C,0x10,0xE1,0x69,0x41,0x00,0x90,0x5F,0x4C,0x10,0x13,0x45,0x8B,0x00,
0x88,0x5F,0x4C,0x10,0x7A,0x96,0xE9,0x00,0x7C,0x5F,0x4C,0x10,0x60,0xA4,0xF4,0x00,0x70,0x5F,0x4C,0x10,0x84,0x95,0x52,0x00,0x64,0x5F,0x4C,0x10,0xEE,0xF5,0xFF,0x00,0x5C,0x5F,0x4C,0x10,0x2D,0x52,0x96,0x00,0x54,0x5F,0x4C,0x10,0xC0,0xC0,0xC0,0x00,0x4C,0x5F,
0x4C,0x10,0xFF,0x9F,0x72,0x00,0x40,0x5F,0x4C,0x10,0xAB,0x88,0x7E,0x00,0x34,0x5F,0x4C,0x10,0x90,0x80,0x70,0x00,0x2C,0x5F,0x4C,0x10,0xFA,0xFA,0xFF,0x00,0x20,0x5F,0x4C,0x10,0x41,0xAC,0x41,0x00,0x14,0x5F,0x4C,0x10,0xAA,0x70,0x54,0x00,0x10,0x5F,0x4C,0x10,
0x87,0xB8,0xDE,0x00,0x08,0x5F,0x4C,0x10,0xD8,0xBF,0xD8,0x00,0x00,0x5F,0x4C,0x10,0x47,0x63,0xFF,0x00,0xF4,0x5E,0x4C,0x10,0x01,0x00,0x00,0x00,0xE8,0x5E,0x4C,0x10,0xDF,0xCC,0x19,0x00,0xE0,0x5E,0x4C,0x10,0xCE,0x3E,0x9C,0x00,0xD4,0x5E,0x4C,0x10,0x96,0x3E,
0xF3,0x00,0xCC,0x5E,0x4C,0x10,0xB3,0xDE,0xF5,0x00,0xC4,0x5E,0x4C,0x10,0xFF,0xFF,0xFF,0x00,0xB8,0x5E,0x4C,0x10,0xF5,0xF5,0xF5,0x00,0xB0,0x5E,0x4C,0x10,0x00,0xFF,0xFF,0x00,0xA4,0x5E,0x4C,0x10,0x38,0xD8,0x32,0x00,0x00,0x00,0x00,0x00,0x00,0x00,0x00,0x00,
0xEB,0x00,0x00,0x00,0x0C,0x68,0x4C,0x10,0x10,0x68,0x4C,0x10,0x14,0x68,0x4C,0x10,0x18,0x68,0x4C,0x10,0x1C,0x68,0x4C,0x10,0x20,0x68,0x4C,0x10,0x00,0x00,0x00,0x00,0xE0,0x23,0x4D,0x10,0x00,0x00,0x00,0x00,0x2E,0x3F,0x41,0x56,0x77,0x78,0x45,0x6E,0x68,0x4D,
0x65,0x74,0x61,0x46,0x69,0x6C,0x65,0x44,0x43,0x40,0x40,0x00,0x00,0x00,0xE0,0x23,0x4D,0x10,0x00,0x00,0x00,0x00,0x2E,0x3F,0x41,0x56,0x77,0x78,0x45,0x6E,0x68,0x4D,0x65,0x74,0x61,0x46,0x69,0x6C,0x65,0x44,0x61,0x74,0x61,0x4F,0x62,0x6A,0x65,0x63,0x74,0x40,
0x40,0x00,0x00,0x00,0xCC,0x6A,0x4C,0x10,0x10,0x00,0x00,0x00,0x30,0x81,0x36,0x10,0xB0,0x5A,0x57,0x10,0x00,0x00,0x00,0x00,0x00,0x00,0x00,0x00,0xDC,0x6A,0x4C,0x10,0x08,0x01,0x00,0x00,0x00,0x00,0x00,0x00,0xE8,0xCD,0x56,0x10,0x00,0x00,0x00,0x00,0x00,0x00,
0x00,0x00,0x88,0x1A,0x4D,0x10,0x88,0x04,0x4D,0x10,0x88,0x1A,0x4D,0x10,0xF8,0x04,0x4D,0x10,0xE0,0x23,0x4D,0x10,0x00,0x00,0x00,0x00,0x2E,0x3F,0x41,0x56,0x77,0x78,0x49,0x44,0x61,0x74,0x61,0x4F,0x62,0x6A,0x65,0x63,0x74,0x40,0x40,0x00,0xE0,0x23,0x4D,0x10,
0x00,0x00,0x00,0x00,0x2E,0x3F,0x41,0x55,0x49,0x44,0x61,0x74,0x61,0x4F,0x62,0x6A,0x65,0x63,0x74,0x40,0x40,0x00,0x00,0x00,0xE0,0x23,0x4D,0x10,0x00,0x00,0x00,0x00,0x2E,0x3F,0x41,0x56,0x77,0x78,0x49,0x45,0x6E,0x75,0x6D,0x46,0x4F,0x52,0x4D,0x41,0x54,0x45,
0x54,0x43,0x40,0x40,0x00,0x00,0xE0,0x23,0x4D,0x10,0x00,0x00,0x00,0x00,0x2E,0x3F,0x41,0x55,0x49,0x45,0x6E,0x75,0x6D,0x46,0x4F,0x52,0x4D,0x41,0x54,0x45,0x54,0x43,0x40,0x40,0x00,0x00,0x00,0x00,0xE0,0x23,0x4D,0x10,0x00,0x00,0x00,0x00,0x2E,0x3F,0x41,0x56,
0x43,0x46,0x53,0x54,0x52,0x5F,0x53,0x48,0x45,0x4C,0x4C,0x55,0x52,0x4C,0x44,0x61,0x74,0x61,0x4F,0x62,0x6A,0x65,0x63,0x74,0x40,0x40,0x00,0x00,0xE0,0x23,0x4D,0x10,0x00,0x00,0x00,0x00,0x2E,0x3F,0x41,0x56,0x77,0x78,0x55,0x52,0x4C,0x44,0x61,0x74,0x61,0x4F,
0x62,0x6A,0x65,0x63,0x74,0x40,0x40,0x00,0x00,0x00,0x58,0x00,0x00,0x00,0x00,0x00,0x00,0x00,0x00,0x00,0x00,0x00,0xAC,0x01,0x00,0x00,0x0A,0x01,0x00,0x00,0xBC,0x70,0x4C,0x10,0xCC,0x01,0x00,0x00,0x00,0x00,0x00,0x00,0x78,0xE6,0x56,0x10,0x00,0x00,0x00,0x00,
0x00,0x00,0x00,0x00,0xE0,0x23,0x4D,0x10,0x00,0x00,0x00,0x00,0x2E,0x3F,0x41,0x56,0x77,0x78,0x46,0x69,0x6C,0x65,0x44,0x69,0x61,0x6C,0x6F,0x67,0x40,0x40,0x00,0x00,0x60,0xBF,0x4C,0x10,0x54,0xBF,0x4C,0x10,0x48,0xBF,0x4C,0x10,0x3C,0xBF,0x4C,0x10,0x74,0xBB,
0x4B,0x10,0x30,0xBF,0x4C,0x10,0x24,0xBF,0x4C,0x10,0x10,0xBF,0x4C,0x10,0xFC,0xBE,0x4C,0x10,0xE8,0xBE,0x4C,0x10,0xD4,0xBE,0x4C,0x10,0xC0,0xBE,0x4C,0x10,0xAC,0xBE,0x4C,0x10,0xC0,0xBE,0x4C,0x10,0x98,0xBE,0x4C,0x10,0x84,0xBE,0x4C,0x10,0xC0,0xBE,0x4C,0x10,
0x70,0xBE,0x4C,0x10,0x5C,0xBE,0x4C,0x10,0x48,0xBE,0x4C,0x10,0xC0,0xBE,0x4C,0x10,0xFC,0xBE,0x4C,0x10,0x3C,0xBE,0x4C,0x10,0x30,0xBE,0x4C,0x10,0x24,0xBE,0x4C,0x10,0x10,0xBF,0x4C,0x10,0x10,0xBE,0x4C,0x10,0xFC,0xBD,0x4C,0x10,0xE8,0xBD,0x4C,0x10,0xD4,0xBD,
0x4C,0x10,0xC0,0xBD,0x4C,0x10,0xAC,0xBD,0x4C,0x10,0x98,0xBD,0x4C,0x10,0x84,0xBD,0x4C,0x10,0x70,0xBD,0x4C,0x10,0x5C,0xBD,0x4C,0x10,0x48,0xBD,0x4C,0x10,0x34,0xBD,0x4C,0x10,0x20,0xBD,0x4C,0x10,0x10,0xBF,0x4C,0x10,0x14,0xBD,0x4C,0x10,0x30,0xBE,0x4C,0x10,
0x08,0xBD,0x4C,0x10,0xFC,0xBC,0x4C,0x10,0xF0,0xBC,0x4C,0x10,0xE4,0xBC,0x4C,0x10,0xD8,0xBC,0x4C,0x10,0x10,0xBF,0x4C,0x10,0xC4,0xBC,0x4C,0x10,0xB0,0xBC,0x4C,0x10,0x9C,0xBC,0x4C,0x10,0x88,0xBC,0x4C,0x10,0x74,0xBC,0x4C,0x10,0x60,0xBC,0x4C,0x10,0x4C,0xBC,
0x4C,0x10,0x38,0xBC,0x4C,0x10,0x24,0xBC,0x4C,0x10,0x10,0xBC,0x4C,0x10,0xFC,0xBB,0x4C,0x10,0xE8,0xBB,0x4C,0x10,0xD4,0xBB,0x4C,0x10,0xC0,0xBB,0x4C,0x10,0xFC,0xBD,0x4C,0x10,0xF0,0x8D,0x4C,0x10,0xE4,0x8D,0x4C,0x10,0x74,0xBB,0x4B,0x10,0xD8,0x8D,0x4C,0x10,
0xCC,0x8D,0x4C,0x10,0xC0,0x8D,0x4C,0x10,0xB4,0x8D,0x4C,0x10,0xA8,0x8D,0x4C,0x10,0x9C,0x8D,0x4C,0x10,0x90,0x8D,0x4C,0x10,0x84,0x8D,0x4C,0x10,0x78,0x8D,0x4C,0x10,0xD8,0x8D,0x4C,0x10,0x14,0xBD,0x4C,0x10,0x30,0xBE,0x4C,0x10,0x08,0xBD,0x4C,0x10,0xFC,0xBC,
0x4C,0x10,0xF0,0xBC,0x4C,0x10,0xE4,0xBC,0x4C,0x10,0xD8,0xBC,0x4C,0x10,0x10,0xBF,0x4C,0x10,0xC4,0xBC,0x4C,0x10,0xB0,0xBC,0x4C,0x10,0x9C,0xBC,0x4C,0x10,0x88,0xBC,0x4C,0x10,0x74,0xBC,0x4C,0x10,0x60,0xBC,0x4C,0x10,0x4C,0xBC,0x4C,0x10,0x38,0xBC,0x4C,0x10,
0x24,0xBC,0x4C,0x10,0x10,0xBC,0x4C,0x10,0xFC,0xBB,0x4C,0x10,0xE8,0xBB,0x4C,0x10,0xD4,0xBB,0x4C,0x10,0xC0,0xBB,0x4C,0x10,0xFC,0xBD,0x4C,0x10,0xF0,0x8D,0x4C,0x10,0x94,0xAF,0x4C,0x10,0x6C,0x8D,0x4C,0x10,0x60,0x8D,0x4C,0x10,0x54,0x8D,0x4C,0x10,0x48,0x8D,
0x4C,0x10,0x3C,0x8D,0x4C,0x10,0x30,0x8D,0x4C,0x10,0x30,0x8D,0x4C,0x10,0x3C,0x8D,0x4C,0x10,0x48,0x8D,0x4C,0x10,0x54,0x8D,0x4C,0x10,0x24,0x8D,0x4C,0x10,0xB4,0xBB,0x4C,0x10,0x30,0xBE,0x4C,0x10,0xA8,0xBB,0x4C,0x10,0x9C,0xBB,0x4C,0x10,0x90,0xBB,0x4C,0x10,
0x10,0xBF,0x4C,0x10,0x7C,0xBB,0x4C,0x10,0x68,0xBB,0x4C,0x10,0x54,0xBB,0x4C,0x10,0x40,0xBB,0x4C,0x10,0x2C,0xBB,0x4C,0x10,0x18,0xBB,0x4C,0x10,0x2C,0xBB,0x4C,0x10,0x18,0xBB,0x4C,0x10,0x2C,0xBB,0x4C,0x10,0x18,0xBB,0x4C,0x10,0x2C,0xBB,0x4C,0x10,0x18,0xBB,
0x4C,0x10,0x2C,0xBB,0x4C,0x10,0x2C,0xBB,0x4C,0x10,0x04,0xBB,0x4C,0x10,0x00,0x00,0x00,0x00,0xF8,0xBA,0x4C,0x10,0xEC,0xBA,0x4C,0x10,0xE0,0xBA,0x4C,0x10,0x74,0xBB,0x4B,0x10,0xD4,0xBA,0x4C,0x10,0xC8,0xBA,0x4C,0x10,0xA4,0xBA,0x4C,0x10,0x80,0xBA,0x4C,0x10,
0x80,0xBA,0x4C,0x10,0x5C,0xBA,0x4C,0x10,0x5C,0xBA,0x4C,0x10,0x5C,0xBA,0x4C,0x10,0x5C,0xBA,0x4C,0x10,0x5C,0xBA,0x4C,0x10,0x5C,0xBA,0x4C,0x10,0x38,0xBA,0x4C,0x10,0x14,0xBA,0x4C,0x10,0xF0,0xB9,0x4C,0x10,0xCC,0xB9,0x4C,0x10,0xA8,0xB9,0x4C,0x10,0x84,0xB9,
0x4C,0x10,0x60,0xB9,0x4C,0x10,0x3C,0xB9,0x4C,0x10,0x18,0xB9,0x4C,0x10,0xF4,0xB8,0x4C,0x10,0xD0,0xB8,0x4C,0x10,0xAC,0xB8,0x4C,0x10,0x88,0xB8,0x4C,0x10,0x64,0xB8,0x4C,0x10,0x5C,0xBA,0x4C,0x10,0x5C,0xBA,0x4C,0x10,0x5C,0xBA,0x4C,0x10,0x5C,0xBA,0x4C,0x10,
0x5C,0xBA,0x4C,0x10,0x5C,0xBA,0x4C,0x10,0x80,0xBA,0x4C,0x10,0x80,0xBA,0x4C,0x10,0x40,0xB8,0x4C,0x10,0x34,0xB8,0x4C,0x10,0x54,0xBF,0x4C,0x10,0x28,0xB8,0x4C,0x10,0x74,0xBB,0x4B,0x10,0x14,0xB8,0x4C,0x10,0x00,0xB8,0x4C,0x10,0xEC,0xB7,0x4C,0x10,0xEC,0xB7,
0x4C,0x10,0xD8,0xB7,0x4C,0x10,0xD8,0xB7,0x4C,0x10,0xEC,0xB7,0x4C,0x10,0xEC,0xB7,0x4C,0x10,0x00,0xB8,0x4C,0x10,0x00,0xB8,0x4C,0x10,0x00,0xB8,0x4C,0x10,0x00,0xB8,0x4C,0x10,0xC4,0xB7,0x4C,0x10,0xB0,0xB7,0x4C,0x10,0x9C,0xB7,0x4C,0x10,0x00,0x00,0x00,0x00,
0x34,0xB8,0x4C,0x10,0x54,0xBF,0x4C,0x10,0x74,0xBB,0x4B,0x10,0x90,0xB7,0x4C,0x10,0x14,0xB8,0x4C,0x10,0x00,0xB8,0x4C,0x10,0x7C,0xB7,0x4C,0x10,0x68,0xB7,0x4C,0x10,0x54,0xB7,0x4C,0x10,0x40,0xB7,0x4C,0x10,0x54,0xB7,0x4C,0x10,0x68,0xB7,0x4C,0x10,0x7C,0xB7,
0x4C,0x10,0x00,0xB8,0x4C,0x10,0x00,0xB8,0x4C,0x10,0x00,0xB8,0x4C,0x10,0xC4,0xB7,0x4C,0x10,0xB0,0xB7,0x4C,0x10,0x9C,0xB7,0x4C,0x10,0x00,0x00,0x00,0x00,0x34,0xB8,0x4C,0x10,0x30,0xBE,0x4C,0x10,0x08,0xBD,0x4C,0x10,0x9C,0xBB,0x4C,0x10,0x10,0xBF,0x4C,0x10,
0x10,0xBF,0x4C,0x10,0x2C,0xB7,0x4C,0x10,0x18,0xB7,0x4C,0x10,0x04,0xB7,0x4C,0x10,0xF0,0xB6,0x4C,0x10,0xDC,0xB6,0x4C,0x10,0xC8,0xB6,0x4C,0x10,0xC8,0xB6,0x4C,0x10,0xDC,0xB6,0x4C,0x10,0xF0,0xB6,0x4C,0x10,0x04,0xB7,0x4C,0x10,0x18,0xB7,0x4C,0x10,0x2C,0xB7,
0x4C,0x10,0x10,0xBF,0x4C,0x10,0x00,0x00,0x00,0x00,0x34,0xB8,0x4C,0x10,0x30,0xBE,0x4C,0x10,0x08,0xBD,0x4C,0x10,0x9C,0xBB,0x4C,0x10,0x10,0xBF,0x4C,0x10,0x10,0xBF,0x4C,0x10,0xB4,0xB6,0x4C,0x10,0xA0,0xB6,0x4C,0x10,0x8C,0xB6,0x4C,0x10,0x78,0xB6,0x4C,0x10,
0xDC,0xB6,0x4C,0x10,0x64,0xB6,0x4C,0x10,0x64,0xB6,0x4C,0x10,0xDC,0xB6,0x4C,0x10,0x78,0xB6,0x4C,0x10,0x8C,0xB6,0x4C,0x10,0xA0,0xB6,0x4C,0x10,0xB4,0xB6,0x4C,0x10,0x10,0xBF,0x4C,0x10,0x00,0x00,0x00,0x00,0x34,0xB8,0x4C,0x10,0x30,0xBE,0x4C,0x10,0x08,0xBD,
0x4C,0x10,0x9C,0xBB,0x4C,0x10,0x10,0xBF,0x4C,0x10,0xC4,0xBC,0x4C,0x10,0x50,0xB6,0x4C,0x10,0x3C,0xB6,0x4C,0x10,0x28,0xB6,0x4C,0x10,0x14,0xB6,0x4C,0x10,0x00,0xB6,0x4C,0x10,0x3C,0xB6,0x4C,0x10,0x3C,0xB6,0x4C,0x10,0x3C,0xB6,0x4C,0x10,0x3C,0xB6,0x4C,0x10,
0x3C,0xB6,0x4C,0x10,0x3C,0xB6,0x4C,0x10,0xEC,0xB5,0x4C,0x10,0x10,0xBF,0x4C,0x10,0x00,0x00,0x00,0x00,0x34,0xB8,0x4C,0x10,0x30,0xBE,0x4C,0x10,0x08,0xBD,0x4C,0x10,0x9C,0xBB,0x4C,0x10,0x10,0xBF,0x4C,0x10,0xEC,0xB5,0x4C,0x10,0x3C,0xB6,0x4C,0x10,0x3C,0xB6,
0x4C,0x10,0x3C,0xB6,0x4C,0x10,0x3C,0xB6,0x4C,0x10,0x3C,0xB6,0x4C,0x10,0x3C,0xB6,0x4C,0x10,0x00,0xB6,0x4C,0x10,0x14,0xB6,0x4C,0x10,0x28,0xB6,0x4C,0x10,0x3C,0xB6,0x4C,0x10,0x50,0xB6,0x4C,0x10,0xC4,0xBC,0x4C,0x10,0x10,0xBF,0x4C,0x10,0x00,0x00,0x00,0x00,
0x34,0xB8,0x4C,0x10,0x30,0xBE,0x4C,0x10,0x08,0xBD,0x4C,0x10,0x9C,0xBB,0x4C,0x10,0x10,0xBF,0x4C,0x10,0x10,0xBE,0x4C,0x10,0xD8,0xB5,0x4C,0x10,0xC4,0xB5,0x4C,0x10,0xB0,0xB5,0x4C,0x10,0x9C,0xB5,0x4C,0x10,0x88,0xB5,0x4C,0x10,0xC4,0xB5,0x4C,0x10,0x74,0xB5,
0x4C,0x10,0x60,0xB5,0x4C,0x10,0x60,0xB5,0x4C,0x10,0x60,0xB5,0x4C,0x10,0x60,0xB5,0x4C,0x10,0x4C,0xB5,0x4C,0x10,0x10,0xBF,0x4C,0x10,0x00,0x00,0x00,0x00,0x40,0xB5,0x4C,0x10,0x34,0xB5,0x4C,0x10,0x28,0xB5,0x4C,0x10,0x1C,0xB5,0x4C,0x10,0x10,0xB5,0x4C,0x10,
0x04,0xB5,0x4C,0x10,0xF8,0xB4,0x4C,0x10,0xEC,0xB4,0x4C,0x10,0xE0,0xB4,0x4C,0x10,0xD4,0xB4,0x4C,0x10,0xC8,0xB4,0x4C,0x10,0xBC,0xB4,0x4C,0x10,0xB0,0xB4,0x4C,0x10,0xA4,0xB4,0x4C,0x10,0x98,0xB4,0x4C,0x10,0x8C,0xB4,0x4C,0x10,0x80,0xB4,0x4C,0x10,0x74,0xB4,
0x4C,0x10,0x74,0xBB,0x4B,0x10,0x68,0xB4,0x4C,0x10,0x5C,0xB4,0x4C,0x10,0x50,0xB4,0x4C,0x10,0x44,0xB4,0x4C,0x10,0x38,0xB4,0x4C,0x10,0x2C,0xB4,0x4C,0x10,0x20,0xB4,0x4C,0x10,0x14,0xB4,0x4C,0x10,0x08,0xB4,0x4C,0x10,0xFC,0xB3,0x4C,0x10,0xF0,0xB3,0x4C,0x10,
0xE4,0xB3,0x4C,0x10,0xD8,0xB3,0x4C,0x10,0xCC,0xB3,0x4C,0x10,0xC0,0xB3,0x4C,0x10,0xB4,0xB3,0x4C,0x10,0xA8,0xB3,0x4C,0x10,0x9C,0xB3,0x4C,0x10,0x10,0xBF,0x4C,0x10,0xE8,0xBD,0x4C,0x10,0x88,0xB3,0x4C,0x10,0x74,0xB3,0x4C,0x10,0x60,0xB3,0x4C,0x10,0x4C,0xB3,
0x4C,0x10,0x38,0xB3,0x4C,0x10,0x24,0xB3,0x4C,0x10,0x10,0xB3,0x4C,0x10,0xFC,0xB2,0x4C,0x10,0xE8,0xB2,0x4C,0x10,0xD4,0xB2,0x4C,0x10,0xC0,0xB2,0x4C,0x10,0xAC,0xB2,0x4C,0x10,0x10,0xBF,0x4C,0x10,0xA0,0xB2,0x4C,0x10,0x94,0xB2,0x4C,0x10,0x88,0xB2,0x4C,0x10,
0x7C,0xB2,0x4C,0x10,0x70,0xB2,0x4C,0x10,0x64,0xB2,0x4C,0x10,0x58,0xB2,0x4C,0x10,0x4C,0xB2,0x4C,0x10,0x40,0xB2,0x4C,0x10,0x34,0xB2,0x4C,0x10,0x28,0xB2,0x4C,0x10,0x1C,0xB2,0x4C,0x10,0x10,0xB2,0x4C,0x10,0x04,0xB2,0x4C,0x10,0xF8,0xB1,0x4C,0x10,0xEC,0xB1,
0x4C,0x10,0xE0,0xB1,0x4C,0x10,0x74,0xBB,0x4B,0x10,0xD4,0xB1,0x4C,0x10,0xC8,0xB1,0x4C,0x10,0xBC,0xB1,0x4C,0x10,0xB0,0xB1,0x4C,0x10,0xA4,0xB1,0x4C,0x10,0x98,0xB1,0x4C,0x10,0x8C,0xB1,0x4C,0x10,0x80,0xB1,0x4C,0x10,0x74,0xB1,0x4C,0x10,0x68,0xB1,0x4C,0x10,
0x5C,0xB1,0x4C,0x10,0x50,0xB1,0x4C,0x10,0x44,0xB1,0x4C,0x10,0x38,0xB1,0x4C,0x10,0x2C,0xB1,0x4C,0x10,0x20,0xB1,0x4C,0x10,0x14,0xB1,0x4C,0x10,0x08,0xB1,0x4C,0x10,0xFC,0xB0,0x4C,0x10,0xF0,0xB0,0x4C,0x10,0xE4,0xB0,0x4C,0x10,0xD8,0xB0,0x4C,0x10,0xC4,0xB0,
0x4C,0x10,0xB0,0xB0,0x4C,0x10,0x9C,0xB0,0x4C,0x10,0x88,0xB0,0x4C,0x10,0x74,0xB0,0x4C,0x10,0x60,0xB0,0x4C,0x10,0x4C,0xB0,0x4C,0x10,0x38,0xB0,0x4C,0x10,0x24,0xB0,0x4C,0x10,0x10,0xB0,0x4C,0x10,0xFC,0xAF,0x4C,0x10,0xE8,0xAF,0x4C,0x10,0xD4,0xAF,0x4C,0x10,
0xC0,0xAF,0x4C,0x10,0xAC,0xAF,0x4C,0x10,0x00,0x00,0x00,0x00,0xA0,0xAF,0x4C,0x10,0x94,0xAF,0x4C,0x10,0x88,0xAF,0x4C,0x10,0x74,0xAF,0x4C,0x10,0x60,0xAF,0x4C,0x10,0x54,0xAF,0x4C,0x10,0x48,0xAF,0x4C,0x10,0x24,0xAF,0x4C,0x10,0x00,0xAF,0x4C,0x10,0xDC,0xAE,
0x4C,0x10,0xB8,0xAE,0x4C,0x10,0x94,0xAE,0x4C,0x10,0x70,0xAE,0x4C,0x10,0x4C,0xAE,0x4C,0x10,0x28,0xAE,0x4C,0x10,0x04,0xAE,0x4C,0x10,0xE0,0xAD,0x4C,0x10,0xBC,0xAD,0x4C,0x10,0x98,0xAD,0x4C,0x10,0x74,0xAD,0x4C,0x10,0x50,0xAD,0x4C,0x10,0x2C,0xAD,0x4C,0x10,
0x08,0xAD,0x4C,0x10,0xE4,0xAC,0x4C,0x10,0xC0,0xAC,0x4C,0x10,0x9C,0xAC,0x4C,0x10,0x78,0xAC,0x4C,0x10,0x54,0xAC,0x4C,0x10,0x30,0xAC,0x4C,0x10,0x0C,0xAC,0x4C,0x10,0xE8,0xAB,0x4C,0x10,0xC4,0xAB,0x4C,0x10,0xA0,0xAB,0x4C,0x10,0x7C,0xAB,0x4C,0x10,0x58,0xAB,
0x4C,0x10,0x34,0xAB,0x4C,0x10,0x10,0xAB,0x4C,0x10,0xEC,0xAA,0x4C,0x10,0xC8,0xAA,0x4C,0x10,0x00,0x00,0x00,0x00,0xBC,0xAA,0x4C,0x10,0xB0,0xAA,0x4C,0x10,0xA4,0xAA,0x4C,0x10,0x98,0xAA,0x4C,0x10,0x8C,0xAA,0x4C,0x10,0x80,0xAA,0x4C,0x10,0x74,0xBB,0x4B,0x10,
0x74,0xAA,0x4C,0x10,0x68,0xAA,0x4C,0x10,0x5C,0xAA,0x4C,0x10,0x38,0xAA,0x4C,0x10,0x14,0xAA,0x4C,0x10,0xF0,0xA9,0x4C,0x10,0xCC,0xA9,0x4C,0x10,0xA8,0xA9,0x4C,0x10,0x84,0xA9,0x4C,0x10,0x60,0xA9,0x4C,0x10,0x3C,0xA9,0x4C,0x10,0x18,0xA9,0x4C,0x10,0xF4,0xA8,
0x4C,0x10,0xD0,0xA8,0x4C,0x10,0xAC,0xA8,0x4C,0x10,0x88,0xA8,0x4C,0x10,0x64,0xA8,0x4C,0x10,0x40,0xA8,0x4C,0x10,0x1C,0xA8,0x4C,0x10,0xF8,0xA7,0x4C,0x10,0xD4,0xA7,0x4C,0x10,0xB0,0xA7,0x4C,0x10,0x8C,0xA7,0x4C,0x10,0x68,0xA7,0x4C,0x10,0x44,0xA7,0x4C,0x10,
0x20,0xA7,0x4C,0x10,0x44,0xA7,0x4C,0x10,0x20,0xA7,0x4C,0x10,0x44,0xA7,0x4C,0x10,0xFC,0xA6,0x4C,0x10,0xD8,0xA6,0x4C,0x10,0xB4,0xA6,0x4C,0x10,0x38,0xAA,0x4C,0x10,0x38,0xAA,0x4C,0x10,0x38,0xAA,0x4C,0x10,0x34,0xB8,0x4C,0x10,0x54,0xBF,0x4C,0x10,0x48,0xBF,
0x4C,0x10,0x74,0xBB,0x4B,0x10,0xA0,0xA6,0x4C,0x10,0x3C,0xB6,0x4C,0x10,0x28,0xB6,0x4C,0x10,0x14,0xB6,0x4C,0x10,0xDC,0xB6,0x4C,0x10,0xFC,0xBE,0x4C,0x10,0x8C,0xA6,0x4C,0x10,0x8C,0xA6,0x4C,0x10,0x8C,0xA6,0x4C,0x10,0x78,0xA6,0x4C,0x10,0x64,0xA6,0x4C,0x10,
0x64,0xA6,0x4C,0x10,0x50,0xA6,0x4C,0x10,0x3C,0xA6,0x4C,0x10,0x28,0xA6,0x4C,0x10,0x00,0x00,0x00,0x00,0x34,0xB8,0x4C,0x10,0x1C,0xA6,0x4C,0x10,0x48,0xBF,0x4C,0x10,0xD4,0xBA,0x4C,0x10,0x10,0xBF,0x4C,0x10,0xFC,0xBE,0x4C,0x10,0x08,0xA6,0x4C,0x10,0xFC,0xBE,
0x4C,0x10,0xFC,0xBE,0x4C,0x10,0xF4,0xA5,0x4C,0x10,0xE0,0xA5,0x4C,0x10,0xF4,0xA5,0x4C,0x10,0xE0,0xA5,0x4C,0x10,0xF4,0xA5,0x4C,0x10,0xE0,0xA5,0x4C,0x10,0xF4,0xA5,0x4C,0x10,0xE0,0xA5,0x4C,0x10,0xF4,0xA5,0x4C,0x10,0x10,0xBF,0x4C,0x10,0x00,0x00,0x00,0x00,
0xD4,0xA5,0x4C,0x10,0x1C,0xA6,0x4C,0x10,0xC8,0xA5,0x4C,0x10,0xBC,0xA5,0x4C,0x10,0xB0,0xA5,0x4C,0x10,0x10,0xBF,0x4C,0x10,0xFC,0xBE,0x4C,0x10,0x9C,0xA5,0x4C,0x10,0x88,0xA5,0x4C,0x10,0x9C,0xA5,0x4C,0x10,0xFC,0xBE,0x4C,0x10,0x9C,0xA5,0x4C,0x10,0x74,0xA5,
0x4C,0x10,0x9C,0xA5,0x4C,0x10,0xFC,0xBE,0x4C,0x10,0x9C,0xA5,0x4C,0x10,0x60,0xA5,0x4C,0x10,0x9C,0xA5,0x4C,0x10,0xFC,0xBE,0x4C,0x10,0x10,0xBF,0x4C,0x10,0x54,0xA5,0x4C,0x10,0xEC,0xBA,0x4C,0x10,0x48,0xA5,0x4C,0x10,0x3C,0xA5,0x4C,0x10,0x30,0xA5,0x4C,0x10,
0x24,0xA5,0x4C,0x10,0x18,0xA5,0x4C,0x10,0x0C,0xA5,0x4C,0x10,0x00,0xA5,0x4C,0x10,0xF4,0xA4,0x4C,0x10,0xE8,0xA4,0x4C,0x10,0xDC,0xA4,0x4C,0x10,0xD0,0xA4,0x4C,0x10,0xC4,0xA4,0x4C,0x10,0x74,0xBB,0x4B,0x10,0xB8,0xA4,0x4C,0x10,0xAC,0xA4,0x4C,0x10,0xA0,0xA4,
0x4C,0x10,0x94,0xA4,0x4C,0x10,0x88,0xA4,0x4C,0x10,0x7C,0xA4,0x4C,0x10,0x70,0xA4,0x4C,0x10,0x64,0xA4,0x4C,0x10,0x50,0xA4,0x4C,0x10,0x3C,0xA4,0x4C,0x10,0x28,0xA4,0x4C,0x10,0x14,0xA4,0x4C,0x10,0x00,0xA4,0x4C,0x10,0xEC,0xA3,0x4C,0x10,0xD8,0xA3,0x4C,0x10,
0xC4,0xA3,0x4C,0x10,0xB0,0xA3,0x4C,0x10,0x9C,0xA3,0x4C,0x10,0x88,0xA3,0x4C,0x10,0x74,0xA3,0x4C,0x10,0x60,0xA3,0x4C,0x10,0x4C,0xA3,0x4C,0x10,0x10,0xBF,0x4C,0x10,0xA0,0xB2,0x4C,0x10,0x40,0xA3,0x4C,0x10,0x34,0xA3,0x4C,0x10,0x10,0xB5,0x4C,0x10,0x28,0xA3,
0x4C,0x10,0x1C,0xA3,0x4C,0x10,0x10,0xA3,0x4C,0x10,0x04,0xA3,0x4C,0x10,0xF8,0xA2,0x4C,0x10,0xEC,0xA2,0x4C,0x10,0xE0,0xA2,0x4C,0x10,0xD4,0xA2,0x4C,0x10,0xC8,0xA2,0x4C,0x10,0xBC,0xA2,0x4C,0x10,0xB0,0xA2,0x4C,0x10,0xA4,0xA2,0x4C,0x10,0x98,0xA2,0x4C,0x10,
0x8C,0xA2,0x4C,0x10,0x80,0xA2,0x4C,0x10,0x74,0xA2,0x4C,0x10,0x74,0xBB,0x4B,0x10,0x68,0xA2,0x4C,0x10,0x5C,0xA2,0x4C,0x10,0x50,0xA2,0x4C,0x10,0x44,0xA2,0x4C,0x10,0x38,0xA2,0x4C,0x10,0x2C,0xA2,0x4C,0x10,0x20,0xA2,0x4C,0x10,0x14,0xA2,0x4C,0x10,0x08,0xA2,
0x4C,0x10,0xFC,0xA1,0x4C,0x10,0xF0,0xA1,0x4C,0x10,0xE4,0xA1,0x4C,0x10,0xD8,0xA1,0x4C,0x10,0xCC,0xA1,0x4C,0x10,0xC0,0xA1,0x4C,0x10,0xB4,0xA1,0x4C,0x10,0xA8,0xA1,0x4C,0x10,0x9C,0xA1,0x4C,0x10,0x90,0xA1,0x4C,0x10,0x10,0xBF,0x4C,0x10,0x7C,0xA1,0x4C,0x10,
0x68,0xA1,0x4C,0x10,0x54,0xA1,0x4C,0x10,0x40,0xA1,0x4C,0x10,0x2C,0xA1,0x4C,0x10,0x18,0xA1,0x4C,0x10,0x04,0xA1,0x4C,0x10,0xF0,0xA0,0x4C,0x10,0xDC,0xA0,0x4C,0x10,0xC8,0xA0,0x4C,0x10,0xB4,0xA0,0x4C,0x10,0xA0,0xA0,0x4C,0x10,0x8C,0xA0,0x4C,0x10,0x78,0xA0,
0x4C,0x10,0x00,0x00,0x00,0x00,0x40,0xB5,0x4C,0x10,0x6C,0xA0,0x4C,0x10,0x60,0xA0,0x4C,0x10,0x54,0xA0,0x4C,0x10,0x48,0xA0,0x4C,0x10,0x3C,0xA5,0x4C,0x10,0x3C,0xA0,0x4C,0x10,0x30,0xA0,0x4C,0x10,0x24,0xA0,0x4C,0x10,0x18,0xA0,0x4C,0x10,0x0C,0xA0,0x4C,0x10,
0x00,0xA0,0x4C,0x10,0xF4,0x9F,0x4C,0x10,0xE8,0x9F,0x4C,0x10,0xDC,0x9F,0x4C,0x10,0xD0,0x9F,0x4C,0x10,0xC4,0x9F,0x4C,0x10,0xB8,0x9F,0x4C,0x10,0x74,0xBB,0x4B,0x10,0xAC,0x9F,0x4C,0x10,0xA0,0x9F,0x4C,0x10,0x94,0x9F,0x4C,0x10,0x88,0x9F,0x4C,0x10,0x7C,0x9F,
0x4C,0x10,0x70,0x9F,0x4C,0x10,0x64,0x9F,0x4C,0x10,0x58,0x9F,0x4C,0x10,0x4C,0x9F,0x4C,0x10,0x2C,0xB4,0x4C,0x10,0x40,0x9F,0x4C,0x10,0xD8,0xA1,0x4C,0x10,0x34,0x9F,0x4C,0x10,0x28,0x9F,0x4C,0x10,0xD8,0xB3,0x4C,0x10,0x1C,0x9F,0x4C,0x10,0x10,0x9F,0x4C,0x10,
0x04,0x9F,0x4C,0x10,0xF0,0x9E,0x4C,0x10,0xDC,0x9E,0x4C,0x10,0xC8,0x9E,0x4C,0x10,0xB4,0x9E,0x4C,0x10,0xA0,0x9E,0x4C,0x10,0x8C,0x9E,0x4C,0x10,0x78,0x9E,0x4C,0x10,0x64,0x9E,0x4C,0x10,0x50,0x9E,0x4C,0x10,0x3C,0x9E,0x4C,0x10,0x28,0x9E,0x4C,0x10,0x14,0x9E,
0x4C,0x10,0x00,0x9E,0x4C,0x10,0xEC,0x9D,0x4C,0x10,0xD8,0x9D,0x4C,0x10,0xCC,0x9D,0x4C,0x10,0xC0,0x9D,0x4C,0x10,0xB4,0x9D,0x4C,0x10,0xA8,0x9D,0x4C,0x10,0x9C,0x9D,0x4C,0x10,0x90,0x9D,0x4C,0x10,0x84,0x9D,0x4C,0x10,0x74,0xBB,0x4B,0x10,0x78,0x9D,0x4C,0x10,
0xE4,0xA1,0x4C,0x10,0x6C,0x9D,0x4C,0x10,0x60,0x9D,0x4C,0x10,0x54,0x9D,0x4C,0x10,0x48,0x9D,0x4C,0x10,0x3C,0x9D,0x4C,0x10,0x30,0x9D,0x4C,0x10,0x24,0x9D,0x4C,0x10,0x18,0x9D,0x4C,0x10,0x0C,0x9D,0x4C,0x10,0xF8,0x9C,0x4C,0x10,0xE4,0x9C,0x4C,0x10,0xD0,0x9C,
0x4C,0x10,0xE4,0x9C,0x4C,0x10,0xBC,0x9C,0x4C,0x10,0xA8,0x9C,0x4C,0x10,0x94,0x9C,0x4C,0x10,0x80,0x9C,0x4C,0x10,0x80,0x9C,0x4C,0x10,0x6C,0x9C,0x4C,0x10,0x58,0x9C,0x4C,0x10,0x44,0x9C,0x4C,0x10,0x30,0x9C,0x4C,0x10,0x1C,0x9C,0x4C,0x10,0x08,0x9C,0x4C,0x10,
0xFC,0x9B,0x4C,0x10,0xF0,0x9B,0x4C,0x10,0x34,0xA3,0x4C,0x10,0xE4,0x9B,0x4C,0x10,0xD8,0x9B,0x4C,0x10,0xCC,0x9B,0x4C,0x10,0xC0,0x9B,0x4C,0x10,0xB4,0x9B,0x4C,0x10,0xA8,0x9B,0x4C,0x10,0x9C,0x9B,0x4C,0x10,0x90,0x9B,0x4C,0x10,0x84,0x9B,0x4C,0x10,0x74,0xBB,
0x4B,0x10,0x78,0x9B,0x4C,0x10,0x6C,0x9B,0x4C,0x10,0x60,0x9B,0x4C,0x10,0x54,0x9B,0x4C,0x10,0x48,0x9B,0x4C,0x10,0x3C,0x9B,0x4C,0x10,0x30,0x9B,0x4C,0x10,0x24,0x9B,0x4C,0x10,0x18,0x9B,0x4C,0x10,0x0C,0x9B,0x4C,0x10,0x00,0x9B,0x4C,0x10,0x70,0xBD,0x4C,0x10,
0xEC,0x9A,0x4C,0x10,0xEC,0x9A,0x4C,0x10,0xD8,0x9A,0x4C,0x10,0xD8,0x9A,0x4C,0x10,0xC4,0x9A,0x4C,0x10,0xB0,0x9A,0x4C,0x10,0x9C,0x9A,0x4C,0x10,0x88,0x9A,0x4C,0x10,0x74,0x9A,0x4C,0x10,0x60,0x9A,0x4C,0x10,0x4C,0x9A,0x4C,0x10,0x38,0x9A,0x4C,0x10,0x24,0x9A,
0x4C,0x10,0x10,0xBF,0x4C,0x10,0x00,0x00,0x00,0x00,0x54,0xA5,0x4C,0x10,0x48,0xA5,0x4C,0x10,0x28,0xA3,0x4C,0x10,0x30,0xA5,0x4C,0x10,0x18,0x9A,0x4C,0x10,0x18,0xA5,0x4C,0x10,0x00,0xA0,0x4C,0x10,0x00,0xA5,0x4C,0x10,0x0C,0x9A,0x4C,0x10,0x00,0x9A,0x4C,0x10,
0xF4,0x99,0x4C,0x10,0xC4,0xA4,0x4C,0x10,0x74,0xBB,0x4B,0x10,0xE8,0x99,0x4C,0x10,0xDC,0x99,0x4C,0x10,0xD0,0x99,0x4C,0x10,0xC4,0x99,0x4C,0x10,0xB8,0x99,0x4C,0x10,0xAC,0x99,0x4C,0x10,0xA0,0x99,0x4C,0x10,0x7C,0xA4,0x4C,0x10,0x70,0xA4,0x4C,0x10,0x94,0x99,
0x4C,0x10,0x10,0xBF,0x4C,0x10,0x80,0x99,0x4C,0x10,0x6C,0x99,0x4C,0x10,0x58,0x99,0x4C,0x10,0x44,0x99,0x4C,0x10,0x44,0x99,0x4C,0x10,0x30,0x99,0x4C,0x10,0x1C,0x99,0x4C,0x10,0x08,0x99,0x4C,0x10,0xF4,0x98,0x4C,0x10,0xE0,0x98,0x4C,0x10,0xCC,0x98,0x4C,0x10,
0xB8,0x98,0x4C,0x10,0x58,0x99,0x4C,0x10,0x10,0xBF,0x4C,0x10,0xAC,0x98,0x4C,0x10,0x34,0xB5,0x4C,0x10,0xA0,0x98,0x4C,0x10,0x94,0x98,0x4C,0x10,0xF8,0xB4,0x4C,0x10,0x88,0x98,0x4C,0x10,0x7C,0x98,0x4C,0x10,0x70,0x98,0x4C,0x10,0x64,0x98,0x4C,0x10,0xC8,0xA2,
0x4C,0x10,0x58,0x98,0x4C,0x10,0x4C,0x98,0x4C,0x10,0x40,0x98,0x4C,0x10,0x34,0x98,0x4C,0x10,0x28,0x98,0x4C,0x10,0x74,0xBB,0x4B,0x10,0x68,0xB4,0x4C,0x10,0x1C,0x98,0x4C,0x10,0x10,0x98,0x4C,0x10,0x04,0x98,0x4C,0x10,0xF8,0x97,0x4C,0x10,0xEC,0x97,0x4C,0x10,
0xE0,0x97,0x4C,0x10,0xD4,0x97,0x4C,0x10,0xC8,0x97,0x4C,0x10,0xBC,0x97,0x4C,0x10,0xB0,0x97,0x4C,0x10,0xA4,0x97,0x4C,0x10,0x98,0x97,0x4C,0x10,0x8C,0x97,0x4C,0x10,0x80,0x97,0x4C,0x10,0x74,0x97,0x4C,0x10,0x10,0xBF,0x4C,0x10,0x60,0x97,0x4C,0x10,0x4C,0x97,
0x4C,0x10,0x38,0x97,0x4C,0x10,0x24,0x97,0x4C,0x10,0x24,0x97,0x4C,0x10,0x10,0x97,0x4C,0x10,0xFC,0x96,0x4C,0x10,0xE8,0x96,0x4C,0x10,0xD4,0x96,0x4C,0x10,0xC0,0x96,0x4C,0x10,0xAC,0x96,0x4C,0x10,0x98,0x96,0x4C,0x10,0x84,0x96,0x4C,0x10,0x10,0xBF,0x4C,0x10,
0x00,0x00,0x00,0x00,0xAC,0x98,0x4C,0x10,0x34,0xB5,0x4C,0x10,0x78,0x96,0x4C,0x10,0x6C,0x96,0x4C,0x10,0x60,0x96,0x4C,0x10,0x10,0xB5,0x4C,0x10,0x10,0xA3,0x4C,0x10,0x54,0x96,0x4C,0x10,0x48,0x96,0x4C,0x10,0x3C,0x96,0x4C,0x10,0x18,0xA5,0x4C,0x10,0x30,0x96,
0x4C,0x10,0x24,0x96,0x4C,0x10,0x18,0x96,0x4C,0x10,0x0C,0x96,0x4C,0x10,0x00,0x96,0x4C,0x10,0x74,0xB4,0x4C,0x10,0x74,0xBB,0x4B,0x10,0xF4,0x95,0x4C,0x10,0xE8,0x95,0x4C,0x10,0xDC,0x95,0x4C,0x10,0xFC,0xA1,0x4C,0x10,0xD0,0x95,0x4C,0x10,0xC4,0x95,0x4C,0x10,
0xB8,0x95,0x4C,0x10,0xAC,0x95,0x4C,0x10,0xA0,0x95,0x4C,0x10,0x94,0x95,0x4C,0x10,0x88,0x95,0x4C,0x10,0x7C,0x95,0x4C,0x10,0x70,0x95,0x4C,0x10,0x64,0x95,0x4C,0x10,0xA0,0xB6,0x4C,0x10,0x50,0x95,0x4C,0x10,0x3C,0x95,0x4C,0x10,0x28,0x95,0x4C,0x10,0x14,0x95,
0x4C,0x10,0x00,0x95,0x4C,0x10,0xEC,0x94,0x4C,0x10,0xD8,0x94,0x4C,0x10,0xC4,0x94,0x4C,0x10,0xB0,0x94,0x4C,0x10,0x9C,0x94,0x4C,0x10,0x88,0x94,0x4C,0x10,0x74,0x94,0x4C,0x10,0x60,0x94,0x4C,0x10,0x4C,0x94,0x4C,0x10,0x00,0x00,0x00,0x00,0x40,0x94,0x4C,0x10,
0x34,0x94,0x4C,0x10,0x28,0x94,0x4C,0x10,0x1C,0x94,0x4C,0x10,0x10,0x94,0x4C,0x10,0x04,0x94,0x4C,0x10,0xF8,0x93,0x4C,0x10,0xEC,0x93,0x4C,0x10,0xE0,0x93,0x4C,0x10,0xD4,0x93,0x4C,0x10,0xC8,0x93,0x4C,0x10,0xBC,0x93,0x4C,0x10,0xB0,0x93,0x4C,0x10,0xA4,0x93,
0x4C,0x10,0x98,0x93,0x4C,0x10,0x8C,0x93,0x4C,0x10,0x80,0x93,0x4C,0x10,0x74,0x93,0x4C,0x10,0x68,0x93,0x4C,0x10,0x5C,0x93,0x4C,0x10,0x50,0x93,0x4C,0x10,0x44,0x93,0x4C,0x10,0x38,0x93,0x4C,0x10,0x2C,0x93,0x4C,0x10,0x74,0xBB,0x4B,0x10,0x20,0x93,0x4C,0x10,
0x14,0x93,0x4C,0x10,0x08,0x93,0x4C,0x10,0xFC,0x92,0x4C,0x10,0xF0,0x92,0x4C,0x10,0xE4,0x92,0x4C,0x10,0xD8,0x92,0x4C,0x10,0xCC,0x92,0x4C,0x10,0xC0,0x92,0x4C,0x10,0xB4,0x92,0x4C,0x10,0xA8,0x92,0x4C,0x10,0x9C,0x92,0x4C,0x10,0x90,0x92,0x4C,0x10,0x84,0x92,
0x4C,0x10,0x78,0x92,0x4C,0x10,0x6C,0x92,0x4C,0x10,0x60,0x92,0x4C,0x10,0x54,0x92,0x4C,0x10,0x48,0x92,0x4C,0x10,0x3C,0x92,0x4C,0x10,0x30,0x92,0x4C,0x10,0x24,0x92,0x4C,0x10,0x18,0x92,0x4C,0x10,0x0C,0x92,0x4C,0x10,0x00,0x92,0x4C,0x10,0xF4,0x91,0x4C,0x10,
0xE8,0x91,0x4C,0x10,0xD4,0x91,0x4C,0x10,0xC0,0x91,0x4C,0x10,0xAC,0x91,0x4C,0x10,0x98,0x91,0x4C,0x10,0x84,0x91,0x4C,0x10,0x70,0x91,0x4C,0x10,0x5C,0x91,0x4C,0x10,0x48,0x91,0x4C,0x10,0x34,0x91,0x4C,0x10,0x20,0x91,0x4C,0x10,0x0C,0x91,0x4C,0x10,0xF8,0x90,
0x4C,0x10,0xE4,0x90,0x4C,0x10,0xD0,0x90,0x4C,0x10,0xBC,0x90,0x4C,0x10,0xA8,0x90,0x4C,0x10,0x9C,0x90,0x4C,0x10,0x90,0x90,0x4C,0x10,0x84,0x90,0x4C,0x10,0x78,0x90,0x4C,0x10,0x6C,0x90,0x4C,0x10,0x60,0x90,0x4C,0x10,0x54,0x90,0x4C,0x10,0x48,0x90,0x4C,0x10,
0x3C,0x90,0x4C,0x10,0x30,0x90,0x4C,0x10,0x24,0x90,0x4C,0x10,0x18,0x90,0x4C,0x10,0x0C,0x90,0x4C,0x10,0x00,0x90,0x4C,0x10,0xF4,0x8F,0x4C,0x10,0xE8,0x8F,0x4C,0x10,0x74,0xBB,0x4B,0x10,0xDC,0x8F,0x4C,0x10,0xD0,0x8F,0x4C,0x10,0xC4,0x8F,0x4C,0x10,0xB8,0x8F,
0x4C,0x10,0xAC,0x8F,0x4C,0x10,0xA0,0x8F,0x4C,0x10,0x94,0x8F,0x4C,0x10,0x88,0x8F,0x4C,0x10,0x7C,0x8F,0x4C,0x10,0x70,0x8F,0x4C,0x10,0x64,0x8F,0x4C,0x10,0x58,0x8F,0x4C,0x10,0x4C,0x8F,0x4C,0x10,0x40,0x8F,0x4C,0x10,0x34,0x8F,0x4C,0x10,0x28,0x8F,0x4C,0x10,
0x14,0x8F,0x4C,0x10,0x00,0x8F,0x4C,0x10,0xEC,0x8E,0x4C,0x10,0xD8,0x8E,0x4C,0x10,0xC4,0x8E,0x4C,0x10,0xB0,0x8E,0x4C,0x10,0x9C,0x8E,0x4C,0x10,0x88,0x8E,0x4C,0x10,0x74,0x8E,0x4C,0x10,0x60,0x8E,0x4C,0x10,0x4C,0x8E,0x4C,0x10,0x38,0x8E,0x4C,0x10,0x24,0x8E,
0x4C,0x10,0x10,0x8E,0x4C,0x10,0xFC,0x8D,0x4C,0x10,0x10,0xBF,0x4C,0x10,0x00,0x00,0x00,0x00,0x18,0x8D,0x4C,0x10,0xA4,0xAA,0x4C,0x10,0x0C,0x8D,0x4C,0x10,0x00,0x8D,0x4C,0x10,0xF4,0x8C,0x4C,0x10,0xE8,0x8C,0x4C,0x10,0xDC,0x8C,0x4C,0x10,0xD0,0x8C,0x4C,0x10,
0xC4,0x8C,0x4C,0x10,0xB8,0x8C,0x4C,0x10,0xAC,0x8C,0x4C,0x10,0xA0,0x8C,0x4C,0x10,0x94,0x8C,0x4C,0x10,0x88,0x8C,0x4C,0x10,0x7C,0x8C,0x4C,0x10,0x70,0x8C,0x4C,0x10,0x64,0x8C,0x4C,0x10,0x58,0x8C,0x4C,0x10,0x4C,0x8C,0x4C,0x10,0x30,0x9B,0x4C,0x10,0x40,0x8C,
0x4C,0x10,0x34,0x8C,0x4C,0x10,0x20,0x8C,0x4C,0x10,0x0C,0x8C,0x4C,0x10,0xF8,0x8B,0x4C,0x10,0xE4,0x8B,0x4C,0x10,0xF8,0x8B,0x4C,0x10,0xE4,0x8B,0x4C,0x10,0xD0,0x8B,0x4C,0x10,0xBC,0x8B,0x4C,0x10,0xA8,0x8B,0x4C,0x10,0x94,0x8B,0x4C,0x10,0x80,0x8B,0x4C,0x10,
0x6C,0x8B,0x4C,0x10,0x58,0x8B,0x4C,0x10,0x44,0x8B,0x4C,0x10,0x30,0x8B,0x4C,0x10,0x00,0x00,0x00,0x00,0xFC,0x9B,0x4C,0x10,0xEC,0xBA,0x4C,0x10,0xB4,0x9D,0x4C,0x10,0x24,0x8B,0x4C,0x10,0x18,0x8B,0x4C,0x10,0x0C,0x8B,0x4C,0x10,0x00,0x8B,0x4C,0x10,0xDC,0x8C,
0x4C,0x10,0xF4,0x8A,0x4C,0x10,0xE8,0x8A,0x4C,0x10,0xDC,0x8A,0x4C,0x10,0xD0,0x8A,0x4C,0x10,0xC4,0x8A,0x4C,0x10,0xD0,0xA4,0x4C,0x10,0xB8,0x8A,0x4C,0x10,0xAC,0x8A,0x4C,0x10,0xA0,0x8A,0x4C,0x10,0x94,0x8A,0x4C,0x10,0x88,0x8A,0x4C,0x10,0x7C,0x8A,0x4C,0x10,
0x70,0x8A,0x4C,0x10,0x64,0x8A,0x4C,0x10,0x58,0x8A,0x4C,0x10,0x4C,0x8A,0x4C,0x10,0x50,0xA4,0x4C,0x10,0x38,0x8A,0x4C,0x10,0x24,0x8A,0x4C,0x10,0x10,0x8A,0x4C,0x10,0x24,0x8A,0x4C,0x10,0xFC,0x89,0x4C,0x10,0xE8,0x89,0x4C,0x10,0xD4,0x89,0x4C,0x10,0xC0,0x89,
0x4C,0x10,0xAC,0x89,0x4C,0x10,0x98,0x89,0x4C,0x10,0x84,0x89,0x4C,0x10,0x70,0x89,0x4C,0x10,0x5C,0x89,0x4C,0x10,0x48,0x89,0x4C,0x10,0x00,0x00,0x00,0x00,0xFC,0x9B,0x4C,0x10,0x3C,0x89,0x4C,0x10,0x30,0x89,0x4C,0x10,0x24,0x89,0x4C,0x10,0x18,0x89,0x4C,0x10,
0x0C,0x89,0x4C,0x10,0x00,0x89,0x4C,0x10,0x74,0xBB,0x4B,0x10,0xF4,0x88,0x4C,0x10,0xE8,0x88,0x4C,0x10,0xDC,0x88,0x4C,0x10,0xD0,0x88,0x4C,0x10,0xC4,0x88,0x4C,0x10,0xB8,0x88,0x4C,0x10,0xAC,0x88,0x4C,0x10,0xA0,0x88,0x4C,0x10,0x94,0x88,0x4C,0x10,0x88,0x88,
0x4C,0x10,0x7C,0x88,0x4C,0x10,0x70,0x88,0x4C,0x10,0x64,0x88,0x4C,0x10,0x58,0x88,0x4C,0x10,0x4C,0x88,0x4C,0x10,0x40,0x88,0x4C,0x10,0x2C,0x88,0x4C,0x10,0x18,0x88,0x4C,0x10,0x04,0x88,0x4C,0x10,0xF0,0x87,0x4C,0x10,0xDC,0x87,0x4C,0x10,0xC8,0x87,0x4C,0x10,
0xB4,0x87,0x4C,0x10,0xA0,0x87,0x4C,0x10,0x8C,0x87,0x4C,0x10,0x78,0x87,0x4C,0x10,0x64,0x87,0x4C,0x10,0x50,0x87,0x4C,0x10,0x3C,0x87,0x4C,0x10,0x28,0x87,0x4C,0x10,0x14,0x87,0x4C,0x10,0x00,0x00,0x00,0x00,0x08,0x87,0x4C,0x10,0xFC,0x86,0x4C,0x10,0xF0,0x86,
0x4C,0x10,0xE4,0x86,0x4C,0x10,0xD8,0x86,0x4C,0x10,0xCC,0x86,0x4C,0x10,0xC0,0x86,0x4C,0x10,0xB4,0x86,0x4C,0x10,0xA8,0x86,0x4C,0x10,0x9C,0x86,0x4C,0x10,0x90,0x86,0x4C,0x10,0x84,0x86,0x4C,0x10,0x74,0xBB,0x4B,0x10,0x68,0xA2,0x4C,0x10,0x78,0x86,0x4C,0x10,
0x6C,0x86,0x4C,0x10,0x60,0x86,0x4C,0x10,0x54,0x86,0x4C,0x10,0x48,0x86,0x4C,0x10,0x64,0x8A,0x4C,0x10,0x3C,0x86,0x4C,0x10,0x30,0x86,0x4C,0x10,0x24,0x86,0x4C,0x10,0x18,0x86,0x4C,0x10,0x0C,0x86,0x4C,0x10,0x00,0x86,0x4C,0x10,0xEC,0x85,0x4C,0x10,0xD8,0x85,
0x4C,0x10,0xC4,0x85,0x4C,0x10,0xB0,0x85,0x4C,0x10,0x9C,0x85,0x4C,0x10,0x88,0x85,0x4C,0x10,0x74,0x85,0x4C,0x10,0x60,0x85,0x4C,0x10,0x4C,0x85,0x4C,0x10,0x38,0x85,0x4C,0x10,0x24,0x85,0x4C,0x10,0x10,0x85,0x4C,0x10,0xFC,0x84,0x4C,0x10,0xE8,0x84,0x4C,0x10,
0xD4,0x84,0x4C,0x10,0x00,0x00,0x00,0x00,0x08,0x87,0x4C,0x10,0xC8,0x84,0x4C,0x10,0xBC,0x84,0x4C,0x10,0xA4,0xAA,0x4C,0x10,0xB0,0x84,0x4C,0x10,0xA4,0x84,0x4C,0x10,0x98,0x84,0x4C,0x10,0x8C,0x84,0x4C,0x10,0x80,0x84,0x4C,0x10,0x74,0x84,0x4C,0x10,0x68,0x84,
0x4C,0x10,0x5C,0x84,0x4C,0x10,0x74,0xBB,0x4B,0x10,0x50,0x84,0x4C,0x10,0xDC,0x88,0x4C,0x10,0x44,0x84,0x4C,0x10,0x38,0x84,0x4C,0x10,0x2C,0x84,0x4C,0x10,0x20,0x84,0x4C,0x10,0x14,0x84,0x4C,0x10,0x08,0x84,0x4C,0x10,0xFC,0x83,0x4C,0x10,0xF0,0x83,0x4C,0x10,
0xE4,0x83,0x4C,0x10,0xD8,0x83,0x4C,0x10,0xCC,0x83,0x4C,0x10,0xB8,0x83,0x4C,0x10,0xA4,0x83,0x4C,0x10,0x90,0x83,0x4C,0x10,0x7C,0x83,0x4C,0x10,0x68,0x83,0x4C,0x10,0x54,0x83,0x4C,0x10,0x40,0x83,0x4C,0x10,0x2C,0x83,0x4C,0x10,0x18,0x83,0x4C,0x10,0x04,0x83,
0x4C,0x10,0xF0,0x82,0x4C,0x10,0xDC,0x82,0x4C,0x10,0xC8,0x82,0x4C,0x10,0xB4,0x82,0x4C,0x10,0xA0,0x82,0x4C,0x10,0x00,0x00,0x00,0x00,0x18,0x8D,0x4C,0x10,0x94,0x82,0x4C,0x10,0x88,0x82,0x4C,0x10,0x7C,0x82,0x4C,0x10,0x70,0x82,0x4C,0x10,0x64,0x82,0x4C,0x10,
0x58,0x82,0x4C,0x10,0x4C,0x82,0x4C,0x10,0x40,0x82,0x4C,0x10,0x34,0x82,0x4C,0x10,0x74,0xBB,0x4B,0x10,0x28,0x82,0x4C,0x10,0x1C,0x82,0x4C,0x10,0x10,0x82,0x4C,0x10,0x04,0x82,0x4C,0x10,0xF8,0x81,0x4C,0x10,0xEC,0x81,0x4C,0x10,0xE0,0x81,0x4C,0x10,0xD4,0x81,
0x4C,0x10,0xC8,0x81,0x4C,0x10,0xBC,0x81,0x4C,0x10,0xB0,0x81,0x4C,0x10,0x10,0xBF,0x4C,0x10,0x9C,0x81,0x4C,0x10,0x88,0x81,0x4C,0x10,0x74,0x81,0x4C,0x10,0x60,0x81,0x4C,0x10,0x4C,0x81,0x4C,0x10,0x38,0x81,0x4C,0x10,0x24,0x81,0x4C,0x10,0x10,0x81,0x4C,0x10,
0xFC,0x80,0x4C,0x10,0xE8,0x80,0x4C,0x10,0xD4,0x80,0x4C,0x10,0xC0,0x80,0x4C,0x10,0xAC,0x80,0x4C,0x10,0x10,0xBF,0x4C,0x10,0x00,0x00,0x00,0x00,0xA0,0x80,0x4C,0x10,0x94,0x80,0x4C,0x10,0x88,0x80,0x4C,0x10,0x7C,0x80,0x4C,0x10,0x70,0x80,0x4C,0x10,0x64,0x80,
0x4C,0x10,0x58,0x80,0x4C,0x10,0x4C,0x80,0x4C,0x10,0x3C,0x90,0x4C,0x10,0x40,0x80,0x4C,0x10,0x34,0x80,0x4C,0x10,0x28,0x80,0x4C,0x10,0xE8,0x8F,0x4C,0x10,0x74,0xBB,0x4B,0x10,0x1C,0x80,0x4C,0x10,0x10,0x80,0x4C,0x10,0x04,0x80,0x4C,0x10,0xF8,0x7F,0x4C,0x10,
0xEC,0x7F,0x4C,0x10,0xE0,0x7F,0x4C,0x10,0xD4,0x7F,0x4C,0x10,0xC8,0x7F,0x4C,0x10,0xBC,0x7F,0x4C,0x10,0x88,0x88,0x4C,0x10,0x34,0x9F,0x4C,0x10,0x70,0x88,0x4C,0x10,0xB0,0x7F,0x4C,0x10,0xA4,0x7F,0x4C,0x10,0x40,0x88,0x4C,0x10,0x98,0x7F,0x4C,0x10,0x84,0x7F,
0x4C,0x10,0x70,0x7F,0x4C,0x10,0x5C,0x7F,0x4C,0x10,0x48,0x7F,0x4C,0x10,0x34,0x7F,0x4C,0x10,0x20,0x7F,0x4C,0x10,0x0C,0x7F,0x4C,0x10,0xF8,0x7E,0x4C,0x10,0xE4,0x7E,0x4C,0x10,0xD0,0x7E,0x4C,0x10,0xBC,0x7E,0x4C,0x10,0xA8,0x7E,0x4C,0x10,0x94,0x7E,0x4C,0x10,
0x80,0x7E,0x4C,0x10,0x6C,0x7E,0x4C,0x10,0x00,0x00,0x00,0x00,0x60,0x7E,0x4C,0x10,0x54,0x7E,0x4C,0x10,0x48,0x7E,0x4C,0x10,0x3C,0x7E,0x4C,0x10,0x30,0x7E,0x4C,0x10,0x24,0x7E,0x4C,0x10,0x18,0x7E,0x4C,0x10,0x0C,0x7E,0x4C,0x10,0x00,0x7E,0x4C,0x10,0xF4,0x7D,
0x4C,0x10,0xE8,0x7D,0x4C,0x10,0xDC,0x7D,0x4C,0x10,0xD0,0x7D,0x4C,0x10,0xC4,0x7D,0x4C,0x10,0xB8,0x7D,0x4C,0x10,0xAC,0x7D,0x4C,0x10,0xA0,0x7D,0x4C,0x10,0x94,0x7D,0x4C,0x10,0x88,0x7D,0x4C,0x10,0x7C,0x7D,0x4C,0x10,0x70,0x7D,0x4C,0x10,0x74,0xBB,0x4B,0x10,
0xF4,0x95,0x4C,0x10,0x64,0x7D,0x4C,0x10,0x58,0x7D,0x4C,0x10,0x4C,0x7D,0x4C,0x10,0x40,0x7D,0x4C,0x10,0x34,0x7D,0x4C,0x10,0x28,0x7D,0x4C,0x10,0x1C,0x7D,0x4C,0x10,0x10,0x7D,0x4C,0x10,0x04,0x7D,0x4C,0x10,0xF8,0x7C,0x4C,0x10,0xEC,0x7C,0x4C,0x10,0xE0,0x7C,
0x4C,0x10,0xD4,0x7C,0x4C,0x10,0xC8,0x7C,0x4C,0x10,0xBC,0x7C,0x4C,0x10,0xA8,0x7C,0x4C,0x10,0x94,0x7C,0x4C,0x10,0x80,0x7C,0x4C,0x10,0x6C,0x7C,0x4C,0x10,0x58,0x7C,0x4C,0x10,0x44,0x7C,0x4C,0x10,0x30,0x7C,0x4C,0x10,0x1C,0x7C,0x4C,0x10,0x08,0x7C,0x4C,0x10,
0xF4,0x7B,0x4C,0x10,0xE0,0x7B,0x4C,0x10,0xCC,0x7B,0x4C,0x10,0xB8,0x7B,0x4C,0x10,0xA4,0x7B,0x4C,0x10,0x10,0xBF,0x4C,0x10,0x00,0x00,0x00,0x00,0x60,0x7E,0x4C,0x10,0x54,0x7E,0x4C,0x10,0x98,0x7B,0x4C,0x10,0x8C,0x7B,0x4C,0x10,0x80,0x7B,0x4C,0x10,0x64,0xB2,
0x4C,0x10,0x18,0x7E,0x4C,0x10,0x74,0x7B,0x4C,0x10,0x00,0x7E,0x4C,0x10,0x68,0x7B,0x4C,0x10,0x5C,0x7B,0x4C,0x10,0xDC,0x7D,0x4C,0x10,0xD0,0x7D,0x4C,0x10,0x50,0x7B,0x4C,0x10,0x44,0x7B,0x4C,0x10,0xAC,0x7D,0x4C,0x10,0xA0,0x7D,0x4C,0x10,0x38,0x7B,0x4C,0x10,
0x2C,0x7B,0x4C,0x10,0x7C,0x7D,0x4C,0x10,0x20,0x7B,0x4C,0x10,0x74,0xBB,0x4B,0x10,0xF4,0x95,0x4C,0x10,0x14,0x7B,0x4C,0x10,0x58,0x7D,0x4C,0x10,0x08,0x7B,0x4C,0x10,0xF8,0x7F,0x4C,0x10,0xFC,0x7A,0x4C,0x10,0xF0,0x7A,0x4C,0x10,0x1C,0x7D,0x4C,0x10,0xE4,0x7A,
0x4C,0x10,0xD8,0x7A,0x4C,0x10,0xCC,0x7A,0x4C,0x10,0xC0,0x7A,0x4C,0x10,0xE0,0x7C,0x4C,0x10,0xB4,0x7A,0x4C,0x10,0xA8,0x7A,0x4C,0x10,0x9C,0x7A,0x4C,0x10,0x88,0x7A,0x4C,0x10,0x74,0x7A,0x4C,0x10,0x60,0x7A,0x4C,0x10,0x4C,0x7A,0x4C,0x10,0x38,0x7A,0x4C,0x10,
0x24,0x7A,0x4C,0x10,0x10,0x7A,0x4C,0x10,0xFC,0x79,0x4C,0x10,0xE8,0x79,0x4C,0x10,0xD4,0x79,0x4C,0x10,0xC0,0x79,0x4C,0x10,0xAC,0x79,0x4C,0x10,0x98,0x79,0x4C,0x10,0x84,0x79,0x4C,0x10,0x10,0xBF,0x4C,0x10,0x00,0x00,0x00,0x00,0x78,0x79,0x4C,0x10,0x6C,0x79,
0x4C,0x10,0x60,0x79,0x4C,0x10,0x54,0x79,0x4C,0x10,0x48,0x79,0x4C,0x10,0x3C,0x79,0x4C,0x10,0x30,0x79,0x4C,0x10,0x24,0x79,0x4C,0x10,0x18,0x79,0x4C,0x10,0x0C,0x79,0x4C,0x10,0x00,0x79,0x4C,0x10,0xF4,0x78,0x4C,0x10,0xE8,0x78,0x4C,0x10,0xDC,0x78,0x4C,0x10,
0xD0,0x78,0x4C,0x10,0xC4,0x78,0x4C,0x10,0xB8,0x78,0x4C,0x10,0xAC,0x78,0x4C,0x10,0xA0,0x78,0x4C,0x10,0x94,0x78,0x4C,0x10,0x88,0x78,0x4C,0x10,0x7C,0x78,0x4C,0x10,0x70,0x78,0x4C,0x10,0x64,0x78,0x4C,0x10,0x58,0x78,0x4C,0x10,0x4C,0x78,0x4C,0x10,0x40,0x78,
0x4C,0x10,0x34,0x78,0x4C,0x10,0x28,0x78,0x4C,0x10,0x1C,0x78,0x4C,0x10,0x10,0x78,0x4C,0x10,0x04,0x78,0x4C,0x10,0xF8,0x77,0x4C,0x10,0xEC,0x77,0x4C,0x10,0xE0,0x77,0x4C,0x10,0x74,0xBB,0x4B,0x10,0xD4,0x77,0x4C,0x10,0xC8,0x77,0x4C,0x10,0xBC,0x77,0x4C,0x10,
0xB0,0x77,0x4C,0x10,0xA4,0x77,0x4C,0x10,0x98,0x77,0x4C,0x10,0x8C,0x77,0x4C,0x10,0x80,0x77,0x4C,0x10,0x74,0x77,0x4C,0x10,0x68,0x77,0x4C,0x10,0x5C,0x77,0x4C,0x10,0x50,0x77,0x4C,0x10,0x44,0x77,0x4C,0x10,0x38,0x77,0x4C,0x10,0x2C,0x77,0x4C,0x10,0x20,0x77,
0x4C,0x10,0x14,0x77,0x4C,0x10,0x08,0x77,0x4C,0x10,0xFC,0x76,0x4C,0x10,0xF0,0x76,0x4C,0x10,0xE4,0x76,0x4C,0x10,0xD8,0x76,0x4C,0x10,0xCC,0x76,0x4C,0x10,0xC0,0x76,0x4C,0x10,0xB4,0x76,0x4C,0x10,0xA8,0x76,0x4C,0x10,0x9C,0x76,0x4C,0x10,0x90,0x76,0x4C,0x10,
0x84,0x76,0x4C,0x10,0x78,0x76,0x4C,0x10,0x6C,0x76,0x4C,0x10,0x60,0x76,0x4C,0x10,0x54,0x76,0x4C,0x10,0x48,0x76,0x4C,0x10,0x34,0x76,0x4C,0x10,0x20,0x76,0x4C,0x10,0x0C,0x76,0x4C,0x10,0xF8,0x75,0x4C,0x10,0xE4,0x75,0x4C,0x10,0xD0,0x75,0x4C,0x10,0xBC,0x75,
0x4C,0x10,0xA8,0x75,0x4C,0x10,0x94,0x75,0x4C,0x10,0x80,0x75,0x4C,0x10,0x6C,0x75,0x4C,0x10,0x58,0x75,0x4C,0x10,0x44,0x75,0x4C,0x10,0x30,0x75,0x4C,0x10,0x1C,0x75,0x4C,0x10,0x00,0x00,0x00,0x00,0x10,0x75,0x4C,0x10,0x04,0x75,0x4C,0x10,0xF8,0x74,0x4C,0x10,
0xEC,0x74,0x4C,0x10,0xE0,0x74,0x4C,0x10,0xD4,0x74,0x4C,0x10,0xC8,0x74,0x4C,0x10,0xBC,0x74,0x4C,0x10,0xB0,0x74,0x4C,0x10,0xA4,0x74,0x4C,0x10,0x98,0x74,0x4C,0x10,0x8C,0x74,0x4C,0x10,0x80,0x74,0x4C,0x10,0x74,0x74,0x4C,0x10,0x68,0x74,0x4C,0x10,0x5C,0x74,
0x4C,0x10,0x50,0x74,0x4C,0x10,0x44,0x74,0x4C,0x10,0x38,0x74,0x4C,0x10,0x2C,0x74,0x4C,0x10,0x20,0x74,0x4C,0x10,0x14,0x74,0x4C,0x10,0x74,0xBB,0x4B,0x10,0x08,0x74,0x4C,0x10,0xFC,0x73,0x4C,0x10,0xF0,0x73,0x4C,0x10,0xE4,0x73,0x4C,0x10,0xD8,0x73,0x4C,0x10,
0xCC,0x73,0x4C,0x10,0xC0,0x73,0x4C,0x10,0xB4,0x73,0x4C,0x10,0xA8,0x73,0x4C,0x10,0x9C,0x73,0x4C,0x10,0x90,0x73,0x4C,0x10,0x84,0x73,0x4C,0x10,0xC0,0x7A,0x4C,0x10,0x78,0x73,0x4C,0x10,0x6C,0x73,0x4C,0x10,0x60,0x73,0x4C,0x10,0x54,0x73,0x4C,0x10,0x48,0x73,
0x4C,0x10,0xBC,0x7C,0x4C,0x10,0x34,0x73,0x4C,0x10,0x20,0x73,0x4C,0x10,0x0C,0x73,0x4C,0x10,0xF8,0x72,0x4C,0x10,0xE4,0x72,0x4C,0x10,0xD0,0x72,0x4C,0x10,0xBC,0x72,0x4C,0x10,0xA8,0x72,0x4C,0x10,0x94,0x72,0x4C,0x10,0x80,0x72,0x4C,0x10,0x6C,0x72,0x4C,0x10,
0x58,0x72,0x4C,0x10,0x44,0x72,0x4C,0x10,0x30,0x72,0x4C,0x10,0x1C,0x72,0x4C,0x10,0x00,0x00,0x00,0x00,0x10,0x72,0x4C,0x10,0x04,0x75,0x4C,0x10,0xF8,0x74,0x4C,0x10,0xEC,0x74,0x4C,0x10,0xE0,0x74,0x4C,0x10,0xD4,0x74,0x4C,0x10,0xC8,0x74,0x4C,0x10,0xBC,0x74,
0x4C,0x10,0xB0,0x74,0x4C,0x10,0xA4,0x74,0x4C,0x10,0x98,0x74,0x4C,0x10,0x04,0x72,0x4C,0x10,0x8C,0x74,0x4C,0x10,0x80,0x74,0x4C,0x10,0xF8,0x71,0x4C,0x10,0x68,0x74,0x4C,0x10,0x5C,0x74,0x4C,0x10,0x50,0x74,0x4C,0x10,0x44,0x74,0x4C,0x10,0x38,0x74,0x4C,0x10,
0x2C,0x74,0x4C,0x10,0x20,0x74,0x4C,0x10,0x14,0x74,0x4C,0x10,0x74,0xBB,0x4B,0x10,0x08,0x74,0x4C,0x10,0xFC,0x73,0x4C,0x10,0xF0,0x73,0x4C,0x10,0xE4,0x73,0x4C,0x10,0xD8,0x73,0x4C,0x10,0xCC,0x73,0x4C,0x10,0xC0,0x73,0x4C,0x10,0xB4,0x73,0x4C,0x10,0xA8,0x73,
0x4C,0x10,0x9C,0x73,0x4C,0x10,0x90,0x73,0x4C,0x10,0x84,0x73,0x4C,0x10,0xC0,0x7A,0x4C,0x10,0x78,0x73,0x4C,0x10,0x6C,0x73,0x4C,0x10,0x60,0x73,0x4C,0x10,0x54,0x73,0x4C,0x10,0x48,0x73,0x4C,0x10,0xBC,0x7C,0x4C,0x10,0xE4,0x71,0x4C,0x10,0xD0,0x71,0x4C,0x10,
0xBC,0x71,0x4C,0x10,0xA8,0x71,0x4C,0x10,0x94,0x71,0x4C,0x10,0x80,0x71,0x4C,0x10,0x6C,0x71,0x4C,0x10,0x58,0x71,0x4C,0x10,0x44,0x71,0x4C,0x10,0x30,0x71,0x4C,0x10,0x1C,0x71,0x4C,0x10,0x08,0x71,0x4C,0x10,0xF4,0x70,0x4C,0x10,0xE0,0x70,0x4C,0x10,0xCC,0x70,
0x4C,0x10,0xE0,0x23,0x4D,0x10,0x00,0x00,0x00,0x00,0x2E,0x3F,0x41,0x56,0x77,0x78,0x44,0x65,0x66,0x61,0x75,0x6C,0x74,0x41,0x72,0x74,0x50,0x72,0x6F,0x76,0x69,0x64,0x65,0x72,0x40,0x40,0x00,0x00,0xE0,0x23,0x4D,0x10,0x00,0x00,0x00,0x00,0x2E,0x3F,0x41,0x56,
0x77,0x78,0x50,0x6F,0x70,0x75,0x70,0x57,0x69,0x6E,0x64,0x6F,0x77,0x48,0x61,0x6E,0x64,0x6C,0x65,0x72,0x40,0x40,0x00,0x00,0xE0,0x23,0x4D,0x10,0x00,0x00,0x00,0x00,0x2E,0x3F,0x41,0x56,0x77,0x78,0x50,0x6F,0x70,0x75,0x70,0x46,0x6F,0x63,0x75,0x73,0x48,0x61,
0x6E,0x64,0x6C,0x65,0x72,0x40,0x40,0x00,0x00,0x00,0x38,0xCB,0x4C,0x10,0x44,0x01,0x00,0x00,0x80,0xC1,0x36,0x10,0x88,0xB4,0x56,0x10,0x00,0x00,0x00,0x00,0x00,0x00,0x00,0x00,0x48,0xCB,0x4C,0x10,0x54,0x01,0x00,0x00,0x20,0xC2,0x36,0x10,0x54,0x16,0x57,0x10,
0x00,0x00,0x00,0x00,0x00,0x00,0x00,0x00,0xFF,0xFF,0xFF,0xFF,0xFF,0xFF,0xFF,0xFF,0x40,0xC7,0x36,0x10,0x00,0x00,0x00,0x00,0x88,0x83,0x57,0x10,0x00,0x00,0x00,0x00,0x00,0x00,0x00,0x00,0x00,0x00,0x00,0x00,0x00,0x00,0x00,0x00,0xEC,0x5A,0x57,0x10,0xFF,0xFF,
0xFF,0xFF,0xFF,0xFF,0xFF,0xFF,0x70,0xC8,0x36,0x10,0x00,0x00,0x00,0x00,0xBC,0x83,0x57,0x10,0xFF,0xFF,0xFF,0xFF,0xFF,0xFF,0xFF,0xFF,0xA0,0xC8,0x36,0x10,0x00,0x00,0x00,0x00,0x04,0x84,0x57,0x10,0x00,0x00,0x00,0x00,0x00,0x00,0x00,0x00,0x00,0x00,0x00,0x00,
0x00,0x00,0x00,0x00,0xEC,0x5A,0x57,0x10,0xFF,0xFF,0xFF,0xFF,0xFF,0xFF,0xFF,0xFF,0x60,0xC6,0x36,0x10,0x00,0x00,0x00,0x00,0xF0,0x5A,0x57,0x10,0x00,0x00,0x00,0x00,0x00,0x00,0x00,0x00,0x00,0x00,0x00,0x00,0x00,0x00,0x00,0x00,0xEC,0x5A,0x57,0x10,0x60,0xCB,
0x4C,0x10,0x0C,0x00,0x00,0x00,0x00,0x00,0x00,0x00,0xB0,0x5A,0x57,0x10,0x00,0x00,0x00,0x00,0x00,0x00,0x00,0x00,0xE0,0x23,0x4D,0x10,0x00,0x00,0x00,0x00,0x2E,0x3F,0x41,0x56,0x77,0x78,0x53,0x63,0x72,0x6F,0x6C,0x6C,0x48,0x65,0x6C,0x70,0x65,0x72,0x45,0x76,
0x74,0x48,0x61,0x6E,0x64,0x6C,0x65,0x72,0x40,0x40,0x00,0x00,0xE0,0x23,0x4D,0x10,0x00,0x00,0x00,0x00,0x2E,0x3F,0x41,0x56,0x77,0x78,0x41,0x75,0x74,0x6F,0x53,0x63,0x72,0x6F,0x6C,0x6C,0x54,0x69,0x6D,0x65,0x72,0x40,0x40,0x00,0x4C,0xCC,0x4C,0x10,0xB0,0x01,
0x00,0x00,0x80,0xE5,0x36,0x10,0xE0,0xC2,0x56,0x10,0x00,0x00,0x00,0x00,0x00,0x00,0x00,0x00,0xFF,0xFF,0xFF,0xFF,0xFF,0xFF,0xFF,0xFF,0x70,0xE2,0x36,0x10,0x00,0x00,0x00,0x00,0xA0,0x84,0x57,0x10,0x00,0x00,0x00,0x00,0x00,0x00,0x00,0x00,0x00,0x00,0x00,0x00,
0x00,0x00,0x00,0x00,0xEC,0x5A,0x57,0x10,0xE0,0x23,0x4D,0x10,0x00,0x00,0x00,0x00,0x2E,0x3F,0x41,0x56,0x77,0x78,0x57,0x69,0x6E,0x64,0x6F,0x77,0x73,0x50,0x72,0x69,0x6E,0x74,0x65,0x72,0x40,0x40,0x00,0x00,0xE0,0x23,0x4D,0x10,0x00,0x00,0x00,0x00,0x2E,0x3F,
0x41,0x56,0x77,0x78,0x57,0x69,0x6E,0x64,0x6F,0x77,0x73,0x50,0x72,0x69,0x6E,0x74,0x50,0x72,0x65,0x76,0x69,0x65,0x77,0x40,0x40,0x00,0x20,0xCD,0x4C,0x10,0x80,0x00,0x00,0x00,0xC0,0xF2,0x36,0x10,0x28,0xEE,0x56,0x10,0x00,0x00,0x00,0x00,0x00,0x00,0x00,0x00,
0x34,0xCD,0x4C,0x10,0xB8,0x00,0x00,0x00,0x00,0x00,0x00,0x00,0x98,0xF0,0x56,0x10,0x00,0x00,0x00,0x00,0x00,0x00,0x00,0x00,0xE0,0x23,0x4D,0x10,0x00,0x00,0x00,0x00,0x2E,0x3F,0x41,0x56,0x77,0x78,0x57,0x69,0x6E,0x64,0x6F,0x77,0x73,0x50,0x72,0x69,0x6E,0x74,
0x44,0x69,0x61,0x6C,0x6F,0x67,0x40,0x40,0x00,0x00,0xE0,0x23,0x4D,0x10,0x00,0x00,0x00,0x00,0x2E,0x3F,0x41,0x56,0x77,0x78,0x57,0x69,0x6E,0x64,0x6F,0x77,0x73,0x50,0x61,0x67,0x65,0x53,0x65,0x74,0x75,0x70,0x44,0x69,0x61,0x6C,0x6F,0x67,0x40,0x40,0x00,0x00,
0xE0,0x23,0x4D,0x10,0x00,0x00,0x00,0x00,0x2E,0x3F,0x41,0x56,0x77,0x78,0x57,0x69,0x6E,0x64,0x6F,0x77,0x73,0x50,0x72,0x69,0x6E,0x74,0x4E,0x61,0x74,0x69,0x76,0x65,0x44,0x61,0x74,0x61,0x40,0x40,0x00,0x00,0xB8,0xD3,0x4C,0x10,0x18,0x00,0x00,0x00,0x00,0x00,
0x00,0x00,0xF8,0xED,0x56,0x10,0x00,0x00,0x00,0x00,0x00,0x00,0x00,0x00,0xD4,0xD3,0x4C,0x10,0x20,0x02,0x00,0x00,0x00,0x00,0x00,0x00,0x58,0xEE,0x56,0x10,0x00,0x00,0x00,0x00,0x00,0x00,0x00,0x00,0xEC,0xD3,0x4C,0x10,0x2C,0x02,0x00,0x00,0x00,0x00,0x00,0x00,
0x88,0xEE,0x56,0x10,0x00,0x00,0x00,0x00,0x00,0x00,0x00,0x00,0xE0,0x23,0x4D,0x10,0x00,0x00,0x00,0x00,0x2E,0x3F,0x41,0x56,0x77,0x78,0x50,0x72,0x69,0x6E,0x74,0x65,0x72,0x44,0x43,0x40,0x40,0x00,0x00,0x00,0x64,0xD5,0x4C,0x10,0x50,0x01,0x00,0x00,0x00,0x00,
0x00,0x00,0xE8,0xCD,0x56,0x10,0x00,0x00,0x00,0x00,0x00,0x00,0x00,0x00,0xE0,0x23,0x4D,0x10,0x00,0x00,0x00,0x00,0x2E,0x3F,0x41,0x56,0x77,0x78,0x41,0x6E,0x69,0x6D,0x61,0x74,0x69,0x6F,0x6E,0x44,0x65,0x63,0x6F,0x64,0x65,0x72,0x40,0x40,0x00,0x00,0x00,0x00,
0xE0,0x23,0x4D,0x10,0x00,0x00,0x00,0x00,0x2E,0x3F,0x41,0x56,0x77,0x78,0x41,0x4E,0x49,0x44,0x65,0x63,0x6F,0x64,0x65,0x72,0x40,0x40,0x00,0x00,0xE0,0x23,0x4D,0x10,0x00,0x00,0x00,0x00,0x2E,0x3F,0x41,0x56,0x77,0x78,0x51,0x75,0x61,0x6E,0x74,0x69,0x7A,0x65,
0x40,0x40,0x00,0x00,0x00,0x00,0xE4,0xD5,0x4C,0x10,0x08,0x00,0x00,0x00,0x30,0x43,0x37,0x10,0xB0,0x5A,0x57,0x10,0x00,0x00,0x00,0x00,0x00,0x00,0x00,0x00,0xE0,0x23,0x4D,0x10,0x00,0x00,0x00,0x00,0x2E,0x3F,0x41,0x56,0x77,0x78,0x43,0x6C,0x69,0x70,0x62,0x6F,
0x61,0x72,0x64,0x4D,0x6F,0x64,0x75,0x6C,0x65,0x40,0x40,0x00,0x0C,0xD6,0x4C,0x10,0x18,0x00,0x00,0x00,0x50,0x49,0x37,0x10,0xD8,0xA2,0x56,0x10,0x00,0x00,0x00,0x00,0x00,0x00,0x00,0x00,0x20,0xD6,0x4C,0x10,0x00,0x00,0x00,0x00,0xFF,0xFF,0xFF,0xFF,0xFF,0xFF,
0xFF,0xFF,0xA0,0x00,0x38,0x10,0x00,0x00,0x00,0x00,0xF8,0x83,0x57,0x10,0xFF,0xFF,0xFF,0xFF,0xFF,0xFF,0xFF,0xFF,0x80,0x67,0x37,0x10,0x00,0x00,0x00,0x00,0x08,0x84,0x57,0x10,0xFF,0xFF,0xFF,0xFF,0xFF,0xFF,0xFF,0xFF,0xF0,0x00,0x38,0x10,0x00,0x00,0x00,0x00,
0xBC,0x83,0x57,0x10,0x00,0x00,0x00,0x00,0x00,0x00,0x00,0x00,0x00,0x00,0x00,0x00,0x00,0x00,0x00,0x00,0xEC,0x5A,0x57,0x10,0x88,0xE1,0x4C,0x10,0x78,0x01,0x00,0x00,0x50,0xDC,0x37,0x10,0x88,0xB4,0x56,0x10,0x00,0x00,0x00,0x00,0x00,0x00,0x00,0x00,0xFF,0xFF,
0xFF,0xFF,0xFF,0xFF,0xFF,0xFF,0x50,0xDD,0x37,0x10,0x00,0x00,0x00,0x00,0xA0,0x84,0x57,0x10,0xFF,0xFF,0xFF,0xFF,0xFF,0xFF,0xFF,0xFF,0x00,0x4E,0x37,0x10,0x00,0x00,0x00,0x00,0xA4,0x84,0x57,0x10,0xFF,0xFF,0xFF,0xFF,0xFF,0xFF,0xFF,0xFF,0xE0,0x1D,0x38,0x10,
0x00,0x00,0x00,0x00,0x88,0x83,0x57,0x10,0xFF,0xFF,0xFF,0xFF,0xFF,0xFF,0xFF,0xFF,0xE0,0x1D,0x38,0x10,0x00,0x00,0x00,0x00,0x8C,0x83,0x57,0x10,0xFF,0xFF,0xFF,0xFF,0xFF,0xFF,0xFF,0xFF,0xE0,0x1D,0x38,0x10,0x00,0x00,0x00,0x00,0x90,0x83,0x57,0x10,0xFF,0xFF,
0xFF,0xFF,0xFF,0xFF,0xFF,0xFF,0xE0,0x1D,0x38,0x10,0x00,0x00,0x00,0x00,0x94,0x83,0x57,0x10,0xFF,0xFF,0xFF,0xFF,0xFF,0xFF,0xFF,0xFF,0xE0,0x1D,0x38,0x10,0x00,0x00,0x00,0x00,0x98,0x83,0x57,0x10,0xFF,0xFF,0xFF,0xFF,0xFF,0xFF,0xFF,0xFF,0xE0,0x1D,0x38,0x10,
0x00,0x00,0x00,0x00,0x9C,0x83,0x57,0x10,0xFF,0xFF,0xFF,0xFF,0xFF,0xFF,0xFF,0xFF,0xE0,0x1D,0x38,0x10,0x00,0x00,0x00,0x00,0xA0,0x83,0x57,0x10,0xFF,0xFF,0xFF,0xFF,0xFF,0xFF,0xFF,0xFF,0xE0,0x1D,0x38,0x10,0x00,0x00,0x00,0x00,0xAC,0x83,0x57,0x10,0xFF,0xFF,
0xFF,0xFF,0xFF,0xFF,0xFF,0xFF,0xE0,0x1D,0x38,0x10,0x00,0x00,0x00,0x00,0xB0,0x83,0x57,0x10,0xFF,0xFF,0xFF,0xFF,0xFF,0xFF,0xFF,0xFF,0xE0,0x1D,0x38,0x10,0x00,0x00,0x00,0x00,0xB4,0x83,0x57,0x10,0xFF,0xFF,0xFF,0xFF,0xFF,0xFF,0xFF,0xFF,0xE0,0x1D,0x38,0x10,
0x00,0x00,0x00,0x00,0xA8,0x83,0x57,0x10,0xFF,0xFF,0xFF,0xFF,0xFF,0xFF,0xFF,0xFF,0xE0,0x1D,0x38,0x10,0x00,0x00,0x00,0x00,0xA4,0x83,0x57,0x10,0xFF,0xFF,0xFF,0xFF,0xFF,0xFF,0xFF,0xFF,0xE0,0x1D,0x38,0x10,0x00,0x00,0x00,0x00,0xC4,0x83,0x57,0x10,0xFF,0xFF,
0xFF,0xFF,0xFF,0xFF,0xFF,0xFF,0xF0,0x51,0x37,0x10,0x00,0x00,0x00,0x00,0xB8,0x83,0x57,0x10,0x00,0x00,0x00,0x00,0x00,0x00,0x00,0x00,0x00,0x00,0x00,0x00,0x00,0x00,0x00,0x00,0xEC,0x5A,0x57,0x10,0xA0,0xE1,0x4C,0x10,0x70,0x02,0x00,0x00,0xA0,0xE2,0x37,0x10,
0x70,0x17,0x57,0x10,0x00,0x00,0x00,0x00,0x00,0x00,0x00,0x00,0x00,0x00,0x00,0x00,0xFF,0xFF,0xFF,0xFF,0xFF,0xFF,0xFF,0xFF,0x80,0xF4,0x37,0x10,0x00,0x00,0x00,0x00,0xA0,0x84,0x57,0x10,0xFF,0xFF,0xFF,0xFF,0xFF,0xFF,0xFF,0xFF,0xB0,0x4E,0x37,0x10,0x00,0x00,
0x00,0x00,0xA4,0x84,0x57,0x10,0xFF,0xFF,0xFF,0xFF,0xFF,0xFF,0xFF,0xFF,0xE0,0x12,0x38,0x10,0x00,0x00,0x00,0x00,0x88,0x83,0x57,0x10,0xFF,0xFF,0xFF,0xFF,0xFF,0xFF,0xFF,0xFF,0xE0,0x12,0x38,0x10,0x00,0x00,0x00,0x00,0x8C,0x83,0x57,0x10,0xFF,0xFF,0xFF,0xFF,
0xFF,0xFF,0xFF,0xFF,0xE0,0x12,0x38,0x10,0x00,0x00,0x00,0x00,0x90,0x83,0x57,0x10,0xFF,0xFF,0xFF,0xFF,0xFF,0xFF,0xFF,0xFF,0xE0,0x12,0x38,0x10,0x00,0x00,0x00,0x00,0x94,0x83,0x57,0x10,0xFF,0xFF,0xFF,0xFF,0xFF,0xFF,0xFF,0xFF,0xE0,0x12,0x38,0x10,0x00,0x00,
0x00,0x00,0x98,0x83,0x57,0x10,0xFF,0xFF,0xFF,0xFF,0xFF,0xFF,0xFF,0xFF,0xE0,0x12,0x38,0x10,0x00,0x00,0x00,0x00,0x9C,0x83,0x57,0x10,0xFF,0xFF,0xFF,0xFF,0xFF,0xFF,0xFF,0xFF,0xE0,0x12,0x38,0x10,0x00,0x00,0x00,0x00,0xA0,0x83,0x57,0x10,0xFF,0xFF,0xFF,0xFF,
0xFF,0xFF,0xFF,0xFF,0xE0,0x12,0x38,0x10,0x00,0x00,0x00,0x00,0xAC,0x83,0x57,0x10,0xFF,0xFF,0xFF,0xFF,0xFF,0xFF,0xFF,0xFF,0xE0,0x12,0x38,0x10,0x00,0x00,0x00,0x00,0xB0,0x83,0x57,0x10,0xFF,0xFF,0xFF,0xFF,0xFF,0xFF,0xFF,0xFF,0xE0,0x12,0x38,0x10,0x00,0x00,
0x00,0x00,0xB4,0x83,0x57,0x10,0xFF,0xFF,0xFF,0xFF,0xFF,0xFF,0xFF,0xFF,0xE0,0x12,0x38,0x10,0x00,0x00,0x00,0x00,0xA8,0x83,0x57,0x10,0xFF,0xFF,0xFF,0xFF,0xFF,0xFF,0xFF,0xFF,0xE0,0x12,0x38,0x10,0x00,0x00,0x00,0x00,0xA4,0x83,0x57,0x10,0xFF,0xFF,0xFF,0xFF,
0xFF,0xFF,0xFF,0xFF,0xE0,0x12,0x38,0x10,0x00,0x00,0x00,0x00,0xC4,0x83,0x57,0x10,0xFF,0xFF,0xFF,0xFF,0xFF,0xFF,0xFF,0xFF,0xC0,0x05,0x38,0x10,0x00,0x00,0x00,0x00,0xF8,0x83,0x57,0x10,0xFF,0xFF,0xFF,0xFF,0xFF,0xFF,0xFF,0xFF,0x00,0xF7,0x37,0x10,0x00,0x00,
0x00,0x00,0xB8,0x83,0x57,0x10,0xFF,0xFF,0xFF,0xFF,0xFF,0xFF,0xFF,0xFF,0x80,0xF7,0x37,0x10,0x00,0x00,0x00,0x00,0xBC,0x83,0x57,0x10,0xFF,0xFF,0xFF,0xFF,0xFF,0xFF,0xFF,0xFF,0x10,0xF9,0x37,0x10,0x00,0x00,0x00,0x00,0xF0,0x5A,0x57,0x10,0xFF,0xFF,0xFF,0xFF,
0xFF,0xFF,0xFF,0xFF,0xE0,0x7D,0x37,0x10,0x00,0x00,0x00,0x00,0x38,0x84,0x57,0x10,0xFF,0xFF,0xFF,0xFF,0xFF,0xFF,0xFF,0xFF,0xE0,0x7D,0x37,0x10,0x00,0x00,0x00,0x00,0x3C,0x84,0x57,0x10,0xFF,0xFF,0xFF,0xFF,0xFF,0xFF,0xFF,0xFF,0xE0,0x7D,0x37,0x10,0x00,0x00,
0x00,0x00,0x40,0x84,0x57,0x10,0xFF,0xFF,0xFF,0xFF,0xFF,0xFF,0xFF,0xFF,0xE0,0x7D,0x37,0x10,0x00,0x00,0x00,0x00,0x44,0x84,0x57,0x10,0xFF,0xFF,0xFF,0xFF,0xFF,0xFF,0xFF,0xFF,0xE0,0x7D,0x37,0x10,0x00,0x00,0x00,0x00,0x48,0x84,0x57,0x10,0xFF,0xFF,0xFF,0xFF,
0xFF,0xFF,0xFF,0xFF,0xE0,0x7D,0x37,0x10,0x00,0x00,0x00,0x00,0x4C,0x84,0x57,0x10,0xFF,0xFF,0xFF,0xFF,0xFF,0xFF,0xFF,0xFF,0xE0,0x7D,0x37,0x10,0x00,0x00,0x00,0x00,0x50,0x84,0x57,0x10,0xFF,0xFF,0xFF,0xFF,0xFF,0xFF,0xFF,0xFF,0xE0,0x7D,0x37,0x10,0x00,0x00,
0x00,0x00,0x54,0x84,0x57,0x10,0xFF,0xFF,0xFF,0xFF,0xFF,0xFF,0xFF,0xFF,0xC0,0x4E,0x37,0x10,0x00,0x00,0x00,0x00,0x9C,0x84,0x57,0x10,0x00,0x00,0x00,0x00,0x00,0x00,0x00,0x00,0x00,0x00,0x00,0x00,0x00,0x00,0x00,0x00,0xEC,0x5A,0x57,0x10,0xB8,0xE1,0x4C,0x10,
0x5C,0x01,0x00,0x00,0x80,0x80,0x37,0x10,0xDC,0xB8,0x56,0x10,0x00,0x00,0x00,0x00,0x00,0x00,0x00,0x00,0xFF,0xFF,0xFF,0xFF,0xFF,0xFF,0xFF,0xFF,0x80,0x81,0x37,0x10,0x00,0x00,0x00,0x00,0x58,0x84,0x57,0x10,0x00,0x00,0x00,0x00,0x00,0x00,0x00,0x00,0x00,0x00,
0x00,0x00,0x00,0x00,0x00,0x00,0xEC,0x5A,0x57,0x10,0xE0,0x23,0x4D,0x10,0x00,0x00,0x00,0x00,0x2E,0x3F,0x41,0x56,0x77,0x78,0x42,0x75,0x66,0x66,0x65,0x72,0x65,0x64,0x50,0x61,0x69,0x6E,0x74,0x44,0x43,0x40,0x40,0x00,0xE0,0x23,0x4D,0x10,0x00,0x00,0x00,0x00,
0x2E,0x3F,0x41,0x56,0x77,0x78,0x54,0x72,0x65,0x65,0x4C,0x69,0x73,0x74,0x52,0x65,0x6E,0x61,0x6D,0x65,0x54,0x69,0x6D,0x65,0x72,0x40,0x40,0x00,0xE0,0x23,0x4D,0x10,0x00,0x00,0x00,0x00,0x2E,0x3F,0x41,0x56,0x77,0x78,0x45,0x64,0x69,0x74,0x54,0x65,0x78,0x74,
0x43,0x74,0x72,0x6C,0x40,0x40,0x00,0x00,0x00,0x00,0xE0,0x23,0x4D,0x10,0x00,0x00,0x00,0x00,0x2E,0x3F,0x41,0x56,0x77,0x78,0x54,0x72,0x65,0x65,0x4C,0x69,0x73,0x74,0x48,0x65,0x61,0x64,0x65,0x72,0x57,0x69,0x6E,0x64,0x6F,0x77,0x40,0x40,0x00,0x00,0x00,0x00,
0xE0,0x23,0x4D,0x10,0x00,0x00,0x00,0x00,0x2E,0x3F,0x41,0x56,0x77,0x78,0x54,0x72,0x65,0x65,0x4C,0x69,0x73,0x74,0x4D,0x61,0x69,0x6E,0x57,0x69,0x6E,0x64,0x6F,0x77,0x40,0x40,0x00,0x00,0xE0,0x23,0x4D,0x10,0x00,0x00,0x00,0x00,0x2E,0x3F,0x41,0x56,0x6F,0x76,
0x65,0x72,0x66,0x6C,0x6F,0x77,0x5F,0x65,0x72,0x72,0x6F,0x72,0x40,0x73,0x74,0x64,0x40,0x40,0x00,0x00,0x00,0x00,0xFF,0xFF,0xFF,0xFF,0xE0,0x23,0x4D,0x10,0x00,0x00,0x00,0x00,0x2E,0x3F,0x41,0x56,0x65,0x72,0x72,0x6F,0x72,0x5F,0x63,0x61,0x74,0x65,0x67,0x6F,
0x72,0x79,0x40,0x73,0x74,0x64,0x40,0x40,0x00,0x00,0x00,0x00,0xE0,0x23,0x4D,0x10,0x00,0x00,0x00,0x00,0x2E,0x3F,0x41,0x56,0x5F,0x47,0x65,0x6E,0x65,0x72,0x69,0x63,0x5F,0x65,0x72,0x72,0x6F,0x72,0x5F,0x63,0x61,0x74,0x65,0x67,0x6F,0x72,0x79,0x40,0x73,0x74,
0x64,0x40,0x40,0x00,0x00,0x00,0xE0,0x23,0x4D,0x10,0x00,0x00,0x00,0x00,0x2E,0x3F,0x41,0x56,0x5F,0x49,0x6F,0x73,0x74,0x72,0x65,0x61,0x6D,0x5F,0x65,0x72,0x72,0x6F,0x72,0x5F,0x63,0x61,0x74,0x65,0x67,0x6F,0x72,0x79,0x40,0x73,0x74,0x64,0x40,0x40,0x00,0x00,
0xE0,0x23,0x4D,0x10,0x00,0x00,0x00,0x00,0x2E,0x3F,0x41,0x56,0x5F,0x53,0x79,0x73,0x74,0x65,0x6D,0x5F,0x65,0x72,0x72,0x6F,0x72,0x5F,0x63,0x61,0x74,0x65,0x67,0x6F,0x72,0x79,0x40,0x73,0x74,0x64,0x40,0x40,0x00,0x00,0x00,0x00,0xE4,0x1A,0x4D,0x10,0x10,0x5D,
0x4A,0x10,0x0C,0x1B,0x4D,0x10,0xFC,0x1A,0x4D,0x10,0x28,0x1B,0x4D,0x10,0x10,0x5D,0x4A,0x10,0x18,0x5D,0x4A,0x10,0x01,0x00,0x00,0x00,0x00,0x00,0x00,0x00,0x01,0x00,0x00,0x00,0x00,0x00,0x00,0x00,0x00,0x00,0x00,0x00,0x00,0x00,0x00,0x00,0x00,0x00,0x00,0x00,
0x00,0x00,0x90,0x3C,0x00,0x00,0x00,0x00,0x00,0x00,0x00,0x00,0x00,0x00,0x00,0x00,0x00,0x00,0xF0,0x7F,0x00,0x00,0x00,0x00,0x00,0x00,0x00,0x00,0x00,0x00,0x00,0x00,0x00,0x00,0xF0,0x7F,0x00,0x00,0x00,0x00,0x00,0x00,0x00,0x00,0x00,0x00,0x00,0x00,0x00,0x00,
0xF8,0x7F,0x00,0x00,0x00,0x00,0x00,0x00,0x00,0x00,0x01,0x00,0x00,0x00,0x00,0x00,0xF0,0x7F,0x00,0x00,0x00,0x00,0x00,0x00,0x00,0x00,0x00,0x00,0x00,0x00,0x00,0x00,0x40,0x3E,0x00,0x00,0x00,0x00,0x00,0x00,0x00,0x00,0x00,0x00,0x00,0x00,0x00,0x00,0x32,0x40,
0x0A,0x00,0x00,0x00,0x00,0x00,0x00,0x00,0x43,0x6F,0x70,0x79,0x72,0x69,0x67,0x68,0x74,0x20,0x28,0x63,0x29,0x20,0x31,0x39,0x39,0x32,0x2D,0x32,0x30,0x30,0x34,0x20,0x62,0x79,0x20,0x50,0x2E,0x4A,0x2E,0x20,0x50,0x6C,0x61,0x75,0x67,0x65,0x72,0x2C,0x20,0x6C,
0x69,0x63,0x65,0x6E,0x73,0x65,0x64,0x20,0x62,0x79,0x20,0x44,0x69,0x6E,0x6B,0x75,0x6D,0x77,0x61,0x72,0x65,0x2C,0x20,0x4C,0x74,0x64,0x2E,0x20,0x41,0x4C,0x4C,0x20,0x52,0x49,0x47,0x48,0x54,0x53,0x20,0x52,0x45,0x53,0x45,0x52,0x56,0x45,0x44,0x2E,0x00,0x00,
0xE0,0x23,0x4D,0x10,0x00,0x00,0x00,0x00,0x2E,0x3F,0x41,0x55,0x6D,0x65,0x73,0x73,0x61,0x67,0x65,0x73,0x5F,0x62,0x61,0x73,0x65,0x40,0x73,0x74,0x64,0x40,0x40,0x00,0xE0,0x23,0x4D,0x10,0x00,0x00,0x00,0x00,0x2E,0x3F,0x41,0x55,0x6D,0x6F,0x6E,0x65,0x79,0x5F,
0x62,0x61,0x73,0x65,0x40,0x73,0x74,0x64,0x40,0x40,0x00,0x00,0x00,0x00,0xE0,0x23,0x4D,0x10,0x00,0x00,0x00,0x00,0x2E,0x3F,0x41,0x55,0x74,0x69,0x6D,0x65,0x5F,0x62,0x61,0x73,0x65,0x40,0x73,0x74,0x64,0x40,0x40,0x00,0xE0,0x23,0x4D,0x10,0x00,0x00,0x00,0x00,
0x2E,0x3F,0x41,0x56,0x3F,0x24,0x63,0x6F,0x64,0x65,0x63,0x76,0x74,0x40,0x47,0x44,0x48,0x40,0x73,0x74,0x64,0x40,0x40,0x00,0xE0,0x23,0x4D,0x10,0x00,0x00,0x00,0x00,0x2E,0x3F,0x41,0x56,0x3F,0x24,0x63,0x74,0x79,0x70,0x65,0x40,0x5F,0x57,0x40,0x73,0x74,0x64,
0x40,0x40,0x00,0x00,0x00,0x00,0xE0,0x23,0x4D,0x10,0x00,0x00,0x00,0x00,0x2E,0x3F,0x41,0x56,0x3F,0x24,0x63,0x74,0x79,0x70,0x65,0x40,0x47,0x40,0x73,0x74,0x64,0x40,0x40,0x00,0x00,0x00,0x00,0x00,0xE0,0x23,0x4D,0x10,0x00,0x00,0x00,0x00,0x2E,0x3F,0x41,0x56,
0x3F,0x24,0x74,0x69,0x6D,0x65,0x5F,0x70,0x75,0x74,0x40,0x5F,0x57,0x56,0x3F,0x24,0x6F,0x73,0x74,0x72,0x65,0x61,0x6D,0x62,0x75,0x66,0x5F,0x69,0x74,0x65,0x72,0x61,0x74,0x6F,0x72,0x40,0x5F,0x57,0x55,0x3F,0x24,0x63,0x68,0x61,0x72,0x5F,0x74,0x72,0x61,0x69,
0x74,0x73,0x40,0x5F,0x57,0x40,0x73,0x74,0x64,0x40,0x40,0x40,0x73,0x74,0x64,0x40,0x40,0x40,0x73,0x74,0x64,0x40,0x40,0x00,0x00,0x00,0xE0,0x23,0x4D,0x10,0x00,0x00,0x00,0x00,0x2E,0x3F,0x41,0x56,0x3F,0x24,0x6E,0x75,0x6D,0x5F,0x67,0x65,0x74,0x40,0x5F,0x57,
0x56,0x3F,0x24,0x69,0x73,0x74,0x72,0x65,0x61,0x6D,0x62,0x75,0x66,0x5F,0x69,0x74,0x65,0x72,0x61,0x74,0x6F,0x72,0x40,0x5F,0x57,0x55,0x3F,0x24,0x63,0x68,0x61,0x72,0x5F,0x74,0x72,0x61,0x69,0x74,0x73,0x40,0x5F,0x57,0x40,0x73,0x74,0x64,0x40,0x40,0x40,0x73,
0x74,0x64,0x40,0x40,0x40,0x73,0x74,0x64,0x40,0x40,0x00,0x00,0x00,0x00,0xE0,0x23,0x4D,0x10,0x00,0x00,0x00,0x00,0x2E,0x3F,0x41,0x56,0x3F,0x24,0x6E,0x75,0x6D,0x5F,0x70,0x75,0x74,0x40,0x5F,0x57,0x56,0x3F,0x24,0x6F,0x73,0x74,0x72,0x65,0x61,0x6D,0x62,0x75,
0x66,0x5F,0x69,0x74,0x65,0x72,0x61,0x74,0x6F,0x72,0x40,0x5F,0x57,0x55,0x3F,0x24,0x63,0x68,0x61,0x72,0x5F,0x74,0x72,0x61,0x69,0x74,0x73,0x40,0x5F,0x57,0x40,0x73,0x74,0x64,0x40,0x40,0x40,0x73,0x74,0x64,0x40,0x40,0x40,0x73,0x74,0x64,0x40,0x40,0x00,0x00,
0x00,0x00,0xE0,0x23,0x4D,0x10,0x00,0x00,0x00,0x00,0x2E,0x3F,0x41,0x56,0x3F,0x24,0x63,0x6F,0x6C,0x6C,0x61,0x74,0x65,0x40,0x5F,0x57,0x40,0x73,0x74,0x64,0x40,0x40,0x00,0x00,0xE0,0x23,0x4D,0x10,0x00,0x00,0x00,0x00,0x2E,0x3F,0x41,0x56,0x3F,0x24,0x6D,0x65,
0x73,0x73,0x61,0x67,0x65,0x73,0x40,0x5F,0x57,0x40,0x73,0x74,0x64,0x40,0x40,0x00,0xE0,0x23,0x4D,0x10,0x00,0x00,0x00,0x00,0x2E,0x3F,0x41,0x56,0x3F,0x24,0x6D,0x6F,0x6E,0x65,0x79,0x5F,0x67,0x65,0x74,0x40,0x5F,0x57,0x56,0x3F,0x24,0x69,0x73,0x74,0x72,0x65,
0x61,0x6D,0x62,0x75,0x66,0x5F,0x69,0x74,0x65,0x72,0x61,0x74,0x6F,0x72,0x40,0x5F,0x57,0x55,0x3F,0x24,0x63,0x68,0x61,0x72,0x5F,0x74,0x72,0x61,0x69,0x74,0x73,0x40,0x5F,0x57,0x40,0x73,0x74,0x64,0x40,0x40,0x40,0x73,0x74,0x64,0x40,0x40,0x40,0x73,0x74,0x64,
0x40,0x40,0x00,0x00,0xE0,0x23,0x4D,0x10,0x00,0x00,0x00,0x00,0x2E,0x3F,0x41,0x56,0x3F,0x24,0x6D,0x6F,0x6E,0x65,0x79,0x5F,0x70,0x75,0x74,0x40,0x5F,0x57,0x56,0x3F,0x24,0x6F,0x73,0x74,0x72,0x65,0x61,0x6D,0x62,0x75,0x66,0x5F,0x69,0x74,0x65,0x72,0x61,0x74,
0x6F,0x72,0x40,0x5F,0x57,0x55,0x3F,0x24,0x63,0x68,0x61,0x72,0x5F,0x74,0x72,0x61,0x69,0x74,0x73,0x40,0x5F,0x57,0x40,0x73,0x74,0x64,0x40,0x40,0x40,0x73,0x74,0x64,0x40,0x40,0x40,0x73,0x74,0x64,0x40,0x40,0x00,0x00,0xE0,0x23,0x4D,0x10,0x00,0x00,0x00,0x00,
0x2E,0x3F,0x41,0x56,0x3F,0x24,0x5F,0x4D,0x70,0x75,0x6E,0x63,0x74,0x40,0x5F,0x57,0x40,0x73,0x74,0x64,0x40,0x40,0x00,0x00,0xE0,0x23,0x4D,0x10,0x00,0x00,0x00,0x00,0x2E,0x3F,0x41,0x56,0x3F,0x24,0x6E,0x75,0x6D,0x5F,0x67,0x65,0x74,0x40,0x47,0x56,0x3F,0x24,
0x69,0x73,0x74,0x72,0x65,0x61,0x6D,0x62,0x75,0x66,0x5F,0x69,0x74,0x65,0x72,0x61,0x74,0x6F,0x72,0x40,0x47,0x55,0x3F,0x24,0x63,0x68,0x61,0x72,0x5F,0x74,0x72,0x61,0x69,0x74,0x73,0x40,0x47,0x40,0x73,0x74,0x64,0x40,0x40,0x40,0x73,0x74,0x64,0x40,0x40,0x40,
0x73,0x74,0x64,0x40,0x40,0x00,0x00,0x00,0x00,0x00,0x00,0x00,0xE0,0x23,0x4D,0x10,0x00,0x00,0x00,0x00,0x2E,0x3F,0x41,0x56,0x3F,0x24,0x6E,0x75,0x6D,0x5F,0x70,0x75,0x74,0x40,0x47,0x56,0x3F,0x24,0x6F,0x73,0x74,0x72,0x65,0x61,0x6D,0x62,0x75,0x66,0x5F,0x69,
0x74,0x65,0x72,0x61,0x74,0x6F,0x72,0x40,0x47,0x55,0x3F,0x24,0x63,0x68,0x61,0x72,0x5F,0x74,0x72,0x61,0x69,0x74,0x73,0x40,0x47,0x40,0x73,0x74,0x64,0x40,0x40,0x40,0x73,0x74,0x64,0x40,0x40,0x40,0x73,0x74,0x64,0x40,0x40,0x00,0x00,0x00,0xE0,0x23,0x4D,0x10,
0x00,0x00,0x00,0x00,0x2E,0x3F,0x41,0x56,0x3F,0x24,0x63,0x6F,0x6C,0x6C,0x61,0x74,0x65,0x40,0x47,0x40,0x73,0x74,0x64,0x40,0x40,0x00,0x00,0x00,0xE0,0x23,0x4D,0x10,0x00,0x00,0x00,0x00,0x2E,0x3F,0x41,0x56,0x3F,0x24,0x6D,0x65,0x73,0x73,0x61,0x67,0x65,0x73,
0x40,0x47,0x40,0x73,0x74,0x64,0x40,0x40,0x00,0x00,0x00,0x00,0x00,0x00,0xE0,0x23,0x4D,0x10,0x00,0x00,0x00,0x00,0x2E,0x3F,0x41,0x56,0x3F,0x24,0x6D,0x6F,0x6E,0x65,0x79,0x5F,0x67,0x65,0x74,0x40,0x47,0x56,0x3F,0x24,0x69,0x73,0x74,0x72,0x65,0x61,0x6D,0x62,
0x75,0x66,0x5F,0x69,0x74,0x65,0x72,0x61,0x74,0x6F,0x72,0x40,0x47,0x55,0x3F,0x24,0x63,0x68,0x61,0x72,0x5F,0x74,0x72,0x61,0x69,0x74,0x73,0x40,0x47,0x40,0x73,0x74,0x64,0x40,0x40,0x40,0x73,0x74,0x64,0x40,0x40,0x40,0x73,0x74,0x64,0x40,0x40,0x00,0x00,0x00,
0x00,0x00,0xE0,0x23,0x4D,0x10,0x00,0x00,0x00,0x00,0x2E,0x3F,0x41,0x56,0x3F,0x24,0x6D,0x6F,0x6E,0x65,0x79,0x5F,0x70,0x75,0x74,0x40,0x47,0x56,0x3F,0x24,0x6F,0x73,0x74,0x72,0x65,0x61,0x6D,0x62,0x75,0x66,0x5F,0x69,0x74,0x65,0x72,0x61,0x74,0x6F,0x72,0x40,
0x47,0x55,0x3F,0x24,0x63,0x68,0x61,0x72,0x5F,0x74,0x72,0x61,0x69,0x74,0x73,0x40,0x47,0x40,0x73,0x74,0x64,0x40,0x40,0x40,0x73,0x74,0x64,0x40,0x40,0x40,0x73,0x74,0x64,0x40,0x40,0x00,0xE0,0x23,0x4D,0x10,0x00,0x00,0x00,0x00,0x2E,0x3F,0x41,0x56,0x3F,0x24,
0x5F,0x4D,0x70,0x75,0x6E,0x63,0x74,0x40,0x47,0x40,0x73,0x74,0x64,0x40,0x40,0x00,0x00,0x00,0x00,0x00,0x00,0x00,0xE0,0x23,0x4D,0x10,0x00,0x00,0x00,0x00,0x2E,0x3F,0x41,0x56,0x3F,0x24,0x74,0x69,0x6D,0x65,0x5F,0x70,0x75,0x74,0x40,0x47,0x56,0x3F,0x24,0x6F,
0x73,0x74,0x72,0x65,0x61,0x6D,0x62,0x75,0x66,0x5F,0x69,0x74,0x65,0x72,0x61,0x74,0x6F,0x72,0x40,0x47,0x55,0x3F,0x24,0x63,0x68,0x61,0x72,0x5F,0x74,0x72,0x61,0x69,0x74,0x73,0x40,0x47,0x40,0x73,0x74,0x64,0x40,0x40,0x40,0x73,0x74,0x64,0x40,0x40,0x40,0x73,
0x74,0x64,0x40,0x40,0x00,0x00,0xE0,0x23,0x4D,0x10,0x00,0x00,0x00,0x00,0x2E,0x3F,0x41,0x56,0x3F,0x24,0x6E,0x75,0x6D,0x70,0x75,0x6E,0x63,0x74,0x40,0x5F,0x57,0x40,0x73,0x74,0x64,0x40,0x40,0x00,0xE0,0x23,0x4D,0x10,0x00,0x00,0x00,0x00,0x2E,0x3F,0x41,0x56,
0x3F,0x24,0x6E,0x75,0x6D,0x70,0x75,0x6E,0x63,0x74,0x40,0x47,0x40,0x73,0x74,0x64,0x40,0x40,0x00,0x00,0xE0,0x23,0x4D,0x10,0x00,0x00,0x00,0x00,0x2E,0x3F,0x41,0x56,0x3F,0x24,0x6D,0x6F,0x6E,0x65,0x79,0x70,0x75,0x6E,0x63,0x74,0x40,0x5F,0x57,0x24,0x30,0x41,
0x40,0x40,0x73,0x74,0x64,0x40,0x40,0x00,0x00,0x00,0xE0,0x23,0x4D,0x10,0x00,0x00,0x00,0x00,0x2E,0x3F,0x41,0x56,0x3F,0x24,0x6D,0x6F,0x6E,0x65,0x79,0x70,0x75,0x6E,0x63,0x74,0x40,0x5F,0x57,0x24,0x30,0x30,0x40,0x73,0x74,0x64,0x40,0x40,0x00,0x00,0x00,0x00,
0x00,0x00,0x00,0x00,0xE0,0x23,0x4D,0x10,0x00,0x00,0x00,0x00,0x2E,0x3F,0x41,0x56,0x3F,0x24,0x74,0x69,0x6D,0x65,0x5F,0x67,0x65,0x74,0x40,0x5F,0x57,0x56,0x3F,0x24,0x69,0x73,0x74,0x72,0x65,0x61,0x6D,0x62,0x75,0x66,0x5F,0x69,0x74,0x65,0x72,0x61,0x74,0x6F,
0x72,0x40,0x5F,0x57,0x55,0x3F,0x24,0x63,0x68,0x61,0x72,0x5F,0x74,0x72,0x61,0x69,0x74,0x73,0x40,0x5F,0x57,0x40,0x73,0x74,0x64,0x40,0x40,0x40,0x73,0x74,0x64,0x40,0x40,0x40,0x73,0x74,0x64,0x40,0x40,0x00,0x00,0x00,0xE0,0x23,0x4D,0x10,0x00,0x00,0x00,0x00,
0x2E,0x3F,0x41,0x56,0x3F,0x24,0x6D,0x6F,0x6E,0x65,0x79,0x70,0x75,0x6E,0x63,0x74,0x40,0x47,0x24,0x30,0x41,0x40,0x40,0x73,0x74,0x64,0x40,0x40,0x00,0x00,0x00,0x00,0xE0,0x23,0x4D,0x10,0x00,0x00,0x00,0x00,0x2E,0x3F,0x41,0x56,0x3F,0x24,0x6D,0x6F,0x6E,0x65,
0x79,0x70,0x75,0x6E,0x63,0x74,0x40,0x47,0x24,0x30,0x30,0x40,0x73,0x74,0x64,0x40,0x40,0x00,0x00,0x00,0x00,0x00,0xE0,0x23,0x4D,0x10,0x00,0x00,0x00,0x00,0x2E,0x3F,0x41,0x56,0x3F,0x24,0x74,0x69,0x6D,0x65,0x5F,0x67,0x65,0x74,0x40,0x47,0x56,0x3F,0x24,0x69,
0x73,0x74,0x72,0x65,0x61,0x6D,0x62,0x75,0x66,0x5F,0x69,0x74,0x65,0x72,0x61,0x74,0x6F,0x72,0x40,0x47,0x55,0x3F,0x24,0x63,0x68,0x61,0x72,0x5F,0x74,0x72,0x61,0x69,0x74,0x73,0x40,0x47,0x40,0x73,0x74,0x64,0x40,0x40,0x40,0x73,0x74,0x64,0x40,0x40,0x40,0x73,
0x74,0x64,0x40,0x40,0x00,0x00,0xE0,0x23,0x4D,0x10,0x00,0x00,0x00,0x00,0x2E,0x3F,0x41,0x56,0x3F,0x24,0x63,0x6F,0x6C,0x6C,0x61,0x74,0x65,0x40,0x44,0x40,0x73,0x74,0x64,0x40,0x40,0x00,0x00,0x00,0xE0,0x23,0x4D,0x10,0x00,0x00,0x00,0x00,0x2E,0x3F,0x41,0x56,
0x3F,0x24,0x6D,0x65,0x73,0x73,0x61,0x67,0x65,0x73,0x40,0x44,0x40,0x73,0x74,0x64,0x40,0x40,0x00,0x00,0x00,0x00,0x00,0x00,0xE0,0x23,0x4D,0x10,0x00,0x00,0x00,0x00,0x2E,0x3F,0x41,0x56,0x3F,0x24,0x6D,0x6F,0x6E,0x65,0x79,0x5F,0x67,0x65,0x74,0x40,0x44,0x56,
0x3F,0x24,0x69,0x73,0x74,0x72,0x65,0x61,0x6D,0x62,0x75,0x66,0x5F,0x69,0x74,0x65,0x72,0x61,0x74,0x6F,0x72,0x40,0x44,0x55,0x3F,0x24,0x63,0x68,0x61,0x72,0x5F,0x74,0x72,0x61,0x69,0x74,0x73,0x40,0x44,0x40,0x73,0x74,0x64,0x40,0x40,0x40,0x73,0x74,0x64,0x40,
0x40,0x40,0x73,0x74,0x64,0x40,0x40,0x00,0x00,0x00,0x00,0x00,0xE0,0x23,0x4D,0x10,0x00,0x00,0x00,0x00,0x2E,0x3F,0x41,0x56,0x3F,0x24,0x6D,0x6F,0x6E,0x65,0x79,0x5F,0x70,0x75,0x74,0x40,0x44,0x56,0x3F,0x24,0x6F,0x73,0x74,0x72,0x65,0x61,0x6D,0x62,0x75,0x66,
0x5F,0x69,0x74,0x65,0x72,0x61,0x74,0x6F,0x72,0x40,0x44,0x55,0x3F,0x24,0x63,0x68,0x61,0x72,0x5F,0x74,0x72,0x61,0x69,0x74,0x73,0x40,0x44,0x40,0x73,0x74,0x64,0x40,0x40,0x40,0x73,0x74,0x64,0x40,0x40,0x40,0x73,0x74,0x64,0x40,0x40,0x00,0xE0,0x23,0x4D,0x10,
0x00,0x00,0x00,0x00,0x2E,0x3F,0x41,0x56,0x3F,0x24,0x5F,0x4D,0x70,0x75,0x6E,0x63,0x74,0x40,0x44,0x40,0x73,0x74,0x64,0x40,0x40,0x00,0x00,0x00,0x00,0x00,0x00,0x00,0xE0,0x23,0x4D,0x10,0x00,0x00,0x00,0x00,0x2E,0x3F,0x41,0x56,0x3F,0x24,0x74,0x69,0x6D,0x65,
0x5F,0x70,0x75,0x74,0x40,0x44,0x56,0x3F,0x24,0x6F,0x73,0x74,0x72,0x65,0x61,0x6D,0x62,0x75,0x66,0x5F,0x69,0x74,0x65,0x72,0x61,0x74,0x6F,0x72,0x40,0x44,0x55,0x3F,0x24,0x63,0x68,0x61,0x72,0x5F,0x74,0x72,0x61,0x69,0x74,0x73,0x40,0x44,0x40,0x73,0x74,0x64,
0x40,0x40,0x40,0x73,0x74,0x64,0x40,0x40,0x40,0x73,0x74,0x64,0x40,0x40,0x00,0x00,0xE0,0x23,0x4D,0x10,0x00,0x00,0x00,0x00,0x2E,0x3F,0x41,0x56,0x3F,0x24,0x6D,0x6F,0x6E,0x65,0x79,0x70,0x75,0x6E,0x63,0x74,0x40,0x44,0x24,0x30,0x41,0x40,0x40,0x73,0x74,0x64,
0x40,0x40,0x00,0x00,0x00,0x00,0xE0,0x23,0x4D,0x10,0x00,0x00,0x00,0x00,0x2E,0x3F,0x41,0x56,0x3F,0x24,0x6D,0x6F,0x6E,0x65,0x79,0x70,0x75,0x6E,0x63,0x74,0x40,0x44,0x24,0x30,0x30,0x40,0x73,0x74,0x64,0x40,0x40,0x00,0xE0,0x23,0x4D,0x10,0x00,0x00,0x00,0x00,
0x2E,0x3F,0x41,0x56,0x3F,0x24,0x74,0x69,0x6D,0x65,0x5F,0x67,0x65,0x74,0x40,0x44,0x56,0x3F,0x24,0x69,0x73,0x74,0x72,0x65,0x61,0x6D,0x62,0x75,0x66,0x5F,0x69,0x74,0x65,0x72,0x61,0x74,0x6F,0x72,0x40,0x44,0x55,0x3F,0x24,0x63,0x68,0x61,0x72,0x5F,0x74,0x72,
0x61,0x69,0x74,0x73,0x40,0x44,0x40,0x73,0x74,0x64,0x40,0x40,0x40,0x73,0x74,0x64,0x40,0x40,0x40,0x73,0x74,0x64,0x40,0x40,0x00,0x00,0x75,0x98,0x00,0x00,0x73,0x98,0x00,0x00,0xE0,0x23,0x4D,0x10,0x00,0x00,0x00,0x00,0x2E,0x3F,0x41,0x56,0x74,0x79,0x70,0x65,
0x5F,0x69,0x6E,0x66,0x6F,0x40,0x40,0x00,0xE0,0x23,0x4D,0x10,0x00,0x00,0x00,0x00,0x2E,0x3F,0x41,0x56,0x62,0x61,0x64,0x5F,0x74,0x79,0x70,0x65,0x69,0x64,0x40,0x73,0x74,0x64,0x40,0x40,0x00,0x00,0x00,0x00,0xE0,0x23,0x4D,0x10,0x00,0x00,0x00,0x00,0x2E,0x3F,
0x41,0x56,0x5F,0x5F,0x6E,0x6F,0x6E,0x5F,0x72,0x74,0x74,0x69,0x5F,0x6F,0x62,0x6A,0x65,0x63,0x74,0x40,0x73,0x74,0x64,0x40,0x40,0x00,0x00,0x00,0x00,0x00,0x00,0x00,0x00,0x00,0x4E,0xE6,0x40,0xBB,0xB1,0x19,0xBF,0x44,0x00,0x00,0x00,0x00,0x00,0x00,0x00,0x00,
0x01,0x00,0x00,0x00,0x16,0x00,0x00,0x00,0x02,0x00,0x00,0x00,0x02,0x00,0x00,0x00,0x03,0x00,0x00,0x00,0x02,0x00,0x00,0x00,0x04,0x00,0x00,0x00,0x18,0x00,0x00,0x00,0x05,0x00,0x00,0x00,0x0D,0x00,0x00,0x00,0x06,0x00,0x00,0x00,0x09,0x00,0x00,0x00,0x07,0x00,
0x00,0x00,0x0C,0x00,0x00,0x00,0x08,0x00,0x00,0x00,0x0C,0x00,0x00,0x00,0x09,0x00,0x00,0x00,0x0C,0x00,0x00,0x00,0x0A,0x00,0x00,0x00,0x07,0x00,0x00,0x00,0x0B,0x00,0x00,0x00,0x08,0x00,0x00,0x00,0x0C,0x00,0x00,0x00,0x16,0x00,0x00,0x00,0x0D,0x00,0x00,0x00,
0x16,0x00,0x00,0x00,0x0F,0x00,0x00,0x00,0x02,0x00,0x00,0x00,0x10,0x00,0x00,0x00,0x0D,0x00,0x00,0x00,0x11,0x00,0x00,0x00,0x12,0x00,0x00,0x00,0x12,0x00,0x00,0x00,0x02,0x00,0x00,0x00,0x21,0x00,0x00,0x00,0x0D,0x00,0x00,0x00,0x35,0x00,0x00,0x00,0x02,0x00,
0x00,0x00,0x41,0x00,0x00,0x00,0x0D,0x00,0x00,0x00,0x43,0x00,0x00,0x00,0x02,0x00,0x00,0x00,0x50,0x00,0x00,0x00,0x11,0x00,0x00,0x00,0x52,0x00,0x00,0x00,0x0D,0x00,0x00,0x00,0x53,0x00,0x00,0x00,0x0D,0x00,0x00,0x00,0x57,0x00,0x00,0x00,0x16,0x00,0x00,0x00,
0x59,0x00,0x00,0x00,0x0B,0x00,0x00,0x00,0x6C,0x00,0x00,0x00,0x0D,0x00,0x00,0x00,0x6D,0x00,0x00,0x00,0x20,0x00,0x00,0x00,0x70,0x00,0x00,0x00,0x1C,0x00,0x00,0x00,0x72,0x00,0x00,0x00,0x09,0x00,0x00,0x00,0x06,0x00,0x00,0x00,0x16,0x00,0x00,0x00,0x80,0x00,
0x00,0x00,0x0A,0x00,0x00,0x00,0x81,0x00,0x00,0x00,0x0A,0x00,0x00,0x00,0x82,0x00,0x00,0x00,0x09,0x00,0x00,0x00,0x83,0x00,0x00,0x00,0x16,0x00,0x00,0x00,0x84,0x00,0x00,0x00,0x0D,0x00,0x00,0x00,0x91,0x00,0x00,0x00,0x29,0x00,0x00,0x00,0x9E,0x00,0x00,0x00,
0x0D,0x00,0x00,0x00,0xA1,0x00,0x00,0x00,0x02,0x00,0x00,0x00,0xA4,0x00,0x00,0x00,0x0B,0x00,0x00,0x00,0xA7,0x00,0x00,0x00,0x0D,0x00,0x00,0x00,0xB7,0x00,0x00,0x00,0x11,0x00,0x00,0x00,0xCE,0x00,0x00,0x00,0x02,0x00,0x00,0x00,0xD7,0x00,0x00,0x00,0x0B,0x00,
0x00,0x00,0x18,0x07,0x00,0x00,0x0C,0x00,0x00,0x00,0x0C,0x00,0x00,0x00,0x08,0x00,0x00,0x00,0x6C,0x2C,0x4D,0x10,0x00,0x00,0x00,0x00,0x00,0x00,0x00,0x00,0x00,0x00,0x00,0x00,0x2E,0x00,0x00,0x00,0x2E,0x00,0x00,0x00,0x20,0x2B,0x57,0x10,0x28,0xA5,0x58,0x10,
0x28,0xA5,0x58,0x10,0x28,0xA5,0x58,0x10,0x28,0xA5,0x58,0x10,0x28,0xA5,0x58,0x10,0x28,0xA5,0x58,0x10,0x28,0xA5,0x58,0x10,0x28,0xA5,0x58,0x10,0x28,0xA5,0x58,0x10,0x7F,0x7F,0x7F,0x7F,0x7F,0x7F,0x7F,0x7F,0x24,0x2B,0x57,0x10,0x2C,0xA5,0x58,0x10,0x2C,0xA5,
0x58,0x10,0x2C,0xA5,0x58,0x10,0x2C,0xA5,0x58,0x10,0x2C,0xA5,0x58,0x10,0x2C,0xA5,0x58,0x10,0x2C,0xA5,0x58,0x10,0x28,0x2B,0x57,0x10,0x00,0x00,0x00,0x00,0xC0,0xB4,0x58,0x10,0x00,0x00,0x00,0x00,0xC0,0xB4,0x58,0x10,0x01,0x01,0x00,0x00,0x00,0x00,0x00,0x00,
0x00,0x00,0x00,0x00,0x00,0x10,0x00,0x00,0x00,0x00,0x00,0x00,0x00,0x00,0x00,0x00,0x00,0x00,0x00,0x00,0x00,0x00,0x00,0x00,0x02,0x00,0x00,0x00,0x01,0x00,0x00,0x00,0x00,0x00,0x00,0x00,0x00,0x00,0x00,0x00,0x00,0x00,0x00,0x00,0x00,0x00,0x00,0x00,0x00,0x00,
0x00,0x00,0x00,0x00,0x00,0x00,0x02,0x00,0x00,0x00,0x02,0x00,0x00,0x00,0x00,0x00,0x00,0x00,0x00,0x00,0x00,0x00,0x00,0x00,0x00,0x00,0x00,0x00,0x00,0x00,0x00,0x00,0x00,0x00,0x00,0x00,0x00,0x00,0x00,0x00,0x00,0x00,0x00,0x00,0x00,0x00,0x00,0x00,0x00,0x00,
0x00,0x00,0x00,0x00,0x00,0x00,0x00,0x00,0x00,0x00,0x00,0x00,0x00,0x00,0x00,0x00,0x00,0x00,0x00,0x00,0x00,0x00,0x00,0x00,0x00,0x00,0x00,0x00,0x00,0x00,0x00,0x00,0x00,0x00,0x00,0x00,0x00,0x00,0x00,0x00,0x00,0x00,0x00,0x00,0x00,0x00,0x00,0x00,0x00,0x00,
0x00,0x00,0x00,0x00,0x00,0x00,0x00,0x00,0x00,0x00,0x00,0x00,0x00,0x00,0x00,0x00,0x00,0x00,0x00,0x00,0x00,0x00,0x00,0x00,0x00,0x00,0x00,0x00,0x00,0x00,0x00,0x00,0x00,0x00,0x00,0x00,0x00,0x00,0x00,0x00,0x00,0x00,0x00,0x00,0x00,0x00,0x00,0x00,0x00,0x00,
0x00,0x00,0x00,0x00,0x00,0x00,0x00,0x00,0x00,0x00,0x00,0x00,0x00,0x00,0x00,0x00,0x00,0x00,0x00,0x00,0x00,0x00,0x00,0x00,0x00,0x00,0x00,0x00,0x00,0x00,0x00,0x00,0x00,0x00,0x00,0x00,0x00,0x00,0x00,0x00,0x00,0x00,0x00,0x00,0x00,0x00,0x00,0x00,0x00,0x00,
0x00,0x00,0x00,0x00,0x00,0x00,0x00,0x00,0x00,0x00,0x00,0x00,0x00,0x00,0x00,0x00,0x00,0x00,0x00,0x00,0x00,0x00,0x00,0x00,0x00,0x00,0x00,0x00,0x00,0x00,0x00,0x00,0x00,0x00,0x00,0x00,0x00,0x00,0x00,0x00,0x00,0x00,0x00,0x00,0x00,0x00,0x00,0x00,0x00,0x00,
0x00,0x00,0x00,0x00,0x00,0x00,0x00,0x00,0x00,0x00,0x00,0x00,0x00,0x00,0x00,0x00,0x00,0x00,0x00,0x00,0x00,0x00,0x00,0x00,0x00,0x00,0x00,0x00,0x00,0x00,0x00,0x00,0x00,0x00,0x00,0x00,0x00,0x00,0x00,0x00,0x00,0x00,0x00,0x00,0x00,0x00,0x00,0x00,0x00,0x00,
0x00,0x00,0x00,0x00,0x00,0x00,0x00,0x00,0x00,0x00,0x00,0x00,0x00,0x00,0x00,0x00,0x00,0x00,0x00,0x00,0x00,0x00,0x00,0x00,0x00,0x00,0x00,0x00,0x00,0x00,0x00,0x00,0x00,0x00,0x00,0x00,0x00,0x00,0x00,0x00,0x00,0x00,0x00,0x00,0x00,0x00,0x00,0x00,0x00,0x00,
0x00,0x00,0x00,0x00,0x00,0x00,0x00,0x00,0x00,0x00,0x00,0x00,0x00,0x00,0x00,0x00,0x00,0x00,0x00,0x00,0x00,0x00,0x00,0x00,0x00,0x00,0x00,0x00,0x00,0x00,0x00,0x00,0x00,0x00,0x00,0x00,0x00,0x00,0x00,0x00,0x00,0x00,0x00,0x00,0x00,0x00,0x00,0x00,0x00,0x00,
0x00,0x00,0x00,0x00,0x00,0x00,0x00,0x00,0x00,0x00,0x00,0x00,0x00,0x00,0x00,0x00,0x00,0x00,0x00,0x00,0x00,0x00,0x00,0x00,0x00,0x00,0x00,0x00,0x00,0x00,0x00,0x00,0x00,0x00,0x00,0x00,0x00,0x00,0x00,0x00,0x00,0x00,0x00,0x00,0x00,0x00,0x00,0x00,0x00,0x00,
0x00,0x00,0x00,0x00,0x00,0x00,0x00,0x00,0x00,0x00,0x00,0x00,0x00,0x00,0x00,0x00,0x00,0x00,0x00,0x00,0x00,0x00,0x00,0x00,0x00,0x00,0x00,0x00,0x00,0x00,0x00,0x00,0x00,0x00,0x00,0x00,0x00,0x00,0x00,0x00,0x00,0x00,0x00,0x00,0x00,0x00,0x00,0x00,0x00,0x00,
0x00,0x00,0x00,0x00,0x00,0x00,0x00,0x00,0x00,0x00,0x00,0x00,0x00,0x00,0x00,0x00,0x00,0x00,0x00,0x00,0x00,0x00,0x00,0x00,0x00,0x00,0x00,0x00,0x00,0x00,0x00,0x00,0x00,0x00,0x00,0x00,0x00,0x00,0x00,0x00,0x00,0x00,0x00,0x00,0x00,0x00,0x00,0x00,0x00,0x00,
0x00,0x00,0x00,0x00,0x00,0x00,0x00,0x00,0x00,0x00,0x00,0x00,0x00,0x00,0x00,0x00,0x00,0x00,0x00,0x00,0x00,0x00,0x00,0x00,0x00,0x00,0x00,0x00,0x00,0x00,0x00,0x00,0x00,0x00,0x00,0x00,0x00,0x00,0x00,0x00,0x00,0x00,0x00,0x00,0x00,0x00,0x00,0x00,0x00,0x00,
0x00,0x00,0x00,0x00,0x00,0x00,0x00,0x00,0x00,0x00,0x00,0x00,0x00,0x00,0x00,0x00,0x00,0x00,0x00,0x00,0x00,0x00,0x00,0x00,0x00,0x00,0x00,0x00,0x00,0x00,0x00,0x00,0x00,0x00,0x00,0x00,0x00,0x00,0x00,0x00,0x00,0x00,0x00,0x00,0x00,0x00,0x00,0x00,0x00,0x00,
0x00,0x00,0x00,0x00,0x00,0x00,0x00,0x00,0x00,0x00,0x00,0x00,0x00,0x00,0x00,0x00,0x00,0x00,0x00,0x00,0x00,0x00,0x00,0x00,0x00,0x00,0x00,0x00,0x00,0x00,0x00,0x00,0x00,0x00,0x00,0x00,0x00,0x00,0x00,0x00,0x00,0x00,0x00,0x00,0x00,0x00,0x00,0x00,0x00,0x00,
0x00,0x00,0x00,0x00,0x00,0x00,0x00,0x00,0x00,0x00,0x00,0x00,0x00,0x00,0x00,0x00,0x00,0x00,0x00,0x00,0x00,0x00,0x00,0x00,0x00,0x00,0x00,0x00,0x00,0x00,0x00,0x00,0x00,0x00,0x00,0x00,0x00,0x00,0x00,0x00,0x00,0x00,0x00,0x00,0x00,0x00,0x00,0x00,0x00,0x00,
0x00,0x00,0x00,0x00,0x00,0x00,0x00,0x00,0x00,0x00,0x00,0x00,0x01,0x01,0x01,0x01,0x01,0x01,0x01,0x01,0x01,0x01,0x01,0x01,0x01,0x01,0x01,0x01,0x01,0x01,0x01,0x01,0x01,0x01,0x01,0x01,0x01,0x01,0x01,0x01,0x01,0x01,0x01,0x01,0x02,0x02,0x02,0x02,0x02,0x02,
0x02,0x02,0x02,0x02,0x02,0x02,0x02,0x02,0x02,0x02,0x03,0x03,0x03,0x03,0x03,0x03,0x03,0x03,0x00,0x00,0x00,0x00,0x00,0x00,0x00,0x00,0x02,0x00,0x00,0x00,0x00,0x00,0x00,0x00,0x00,0x00,0x00,0x00,0x00,0x00,0x00,0x00,0xFF,0xFF,0xFF,0xFF,0x00,0x00,0x00,0x00,
0x00,0x00,0x00,0x00,0x00,0x00,0x00,0x00,0x73,0x71,0x72,0x74,0x00,0x00,0x00,0x00,0x00,0x00,0x00,0x00,0x00,0x00,0x00,0x00,0x73,0x69,0x6E,0x00,0x00,0x00,0x00,0x00,0x00,0x00,0x00,0x00,0x00,0x00,0x00,0x00,0x63,0x6F,0x73,0x00,0x00,0x00,0x00,0x00,0x41,0x00,
0x73,0x00,0x73,0x00,0x65,0x00,0x72,0x00,0x74,0x00,0x69,0x00,0x6F,0x00,0x6E,0x00,0x20,0x00,0x66,0x00,0x61,0x00,0x69,0x00,0x6C,0x00,0x65,0x00,0x64,0x00,0x3A,0x00,0x20,0x00,0x25,0x00,0x73,0x00,0x2C,0x00,0x20,0x00,0x66,0x00,0x69,0x00,0x6C,0x00,0x65,0x00,
0x20,0x00,0x25,0x00,0x73,0x00,0x2C,0x00,0x20,0x00,0x6C,0x00,0x69,0x00,0x6E,0x00,0x65,0x00,0x20,0x00,0x25,0x00,0x64,0x00,0x0A,0x00,0x00,0x00,0xB4,0x26,0x4D,0x10,0xB0,0x26,0x4D,0x10,0xA8,0x26,0x4D,0x10,0x00,0x00,0x00,0x00,0x00,0x00,0x00,0x00,0x00,0x00,
0x00,0x00,0x68,0x2A,0x4D,0x10,0x6A,0x2C,0x4D,0x10,0x00,0x00,0x00,0x00,0x00,0x00,0x00,0x00,0xE0,0x23,0x4D,0x10,0x00,0x00,0x00,0x00,0x2E,0x3F,0x41,0x56,0x62,0x61,0x64,0x5F,0x65,0x78,0x63,0x65,0x70,0x74,0x69,0x6F,0x6E,0x40,0x73,0x74,0x64,0x40,0x40,0x00,
0x0F,0xCC,0x3B,0x10,0x0F,0xCC,0x3B,0x10,0x0F,0xCC,0x3B,0x10,0x0F,0xCC,0x3B,0x10,0x0F,0xCC,0x3B,0x10,0x0F,0xCC,0x3B,0x10,0x0F,0xCC,0x3B,0x10,0x0F,0xCC,0x3B,0x10,0x0F,0xCC,0x3B,0x10,0x0F,0xCC,0x3B,0x10,0xFF,0xFF,0xFF,0xFF,0xFF,0xFF,0xFF,0xFF,0x5C,0x3B,
0x4D,0x10,0x4C,0x3B,0x4D,0x10,0x00,0x00,0x00,0x00,0x00,0x00,0x00,0x00,0x00,0x00,0x00,0x00,0x00,0x00,0x00,0x00,0x00,0x00,0x00,0x00,0x00,0x00,0x00,0x00,0x00,0x00,0x00,0x00,0x00,0x00,0x00,0x00,0x00,0x00,0x00,0x00,0x00,0x00,0x00,0x00,0x00,0x00,0x00,0x00,
0x00,0x00,0x00,0x00,0x00,0x00,0x00,0x00,0x00,0x00,0x00,0x00,0x00,0x00,0x00,0x00,0x00,0x00,0x00,0x00,0x00,0x00,0x00,0x00,0x00,0x00,0x00,0x00,0x00,0x00,0x00,0x00,0x00,0x00,0x00,0x00,0x00,0x00,0x00,0x00,0x00,0x00,0x00,0x00,0x00,0x00,0x00,0x00,0x00,0x00,
0x10,0x10,0x10,0x10,0x10,0x10,0x10,0x10,0x10,0x10,0x10,0x10,0x10,0x10,0x10,0x10,0x10,0x10,0x10,0x10,0x10,0x10,0x10,0x10,0x10,0x10,0x00,0x00,0x00,0x00,0x00,0x00,0x20,0x20,0x20,0x20,0x20,0x20,0x20,0x20,0x20,0x20,0x20,0x20,0x20,0x20,0x20,0x20,0x20,0x20,
0x20,0x20,0x20,0x20,0x20,0x20,0x20,0x20,0x00,0x00,0x00,0x00,0x00,0x00,0x00,0x00,0x00,0x00,0x00,0x00,0x00,0x00,0x00,0x00,0x00,0x00,0x00,0x00,0x00,0x00,0x00,0x00,0x00,0x00,0x00,0x00,0x00,0x00,0x00,0x00,0x00,0x00,0x00,0x00,0x00,0x00,0x00,0x00,0x00,0x00,
0x00,0x00,0x00,0x00,0x00,0x00,0x00,0x00,0x00,0x00,0x00,0x00,0x00,0x00,0x00,0x00,0x00,0x00,0x00,0x00,0x00,0x00,0x00,0x00,0x00,0x00,0x00,0x00,0x00,0x00,0x00,0x00,0x00,0x00,0x00,0x00,0x00,0x00,0x00,0x00,0x00,0x00,0x00,0x00,0x00,0x00,0x00,0x00,0x00,0x00,
0x00,0x00,0x00,0x00,0x00,0x00,0x00,0x00,0x00,0x00,0x00,0x00,0x00,0x00,0x00,0x00,0x00,0x00,0x00,0x00,0x00,0x00,0x00,0x00,0x00,0x00,0x00,0x00,0x00,0x00,0x00,0x00,0x00,0x00,0x00,0x00,0x00,0x00,0x00,0x00,0x00,0x00,0x00,0x00,0x00,0x00,0x00,0x00,0x00,0x00,
0x00,0x00,0x00,0x00,0x00,0x00,0x00,0x00,0x00,0x00,0x00,0x00,0x00,0x00,0x00,0x00,0x00,0x00,0x00,0x00,0x00,0x00,0x00,0x00,0x00,0x00,0x00,0x00,0x00,0x00,0x00,0x00,0x00,0x00,0x00,0x00,0x00,0x00,0x00,0x00,0x00,0x00,0x00,0x00,0x00,0x00,0x00,0x00,0x00,0x00,
0x00,0x00,0x00,0x00,0x00,0x00,0x61,0x62,0x63,0x64,0x65,0x66,0x67,0x68,0x69,0x6A,0x6B,0x6C,0x6D,0x6E,0x6F,0x70,0x71,0x72,0x73,0x74,0x75,0x76,0x77,0x78,0x79,0x7A,0x00,0x00,0x00,0x00,0x00,0x00,0x41,0x42,0x43,0x44,0x45,0x46,0x47,0x48,0x49,0x4A,0x4B,0x4C,
0x4D,0x4E,0x4F,0x50,0x51,0x52,0x53,0x54,0x55,0x56,0x57,0x58,0x59,0x5A,0x00,0x00,0x00,0x00,0x00,0x00,0x00,0x00,0x00,0x00,0x00,0x00,0x00,0x00,0x00,0x00,0x00,0x00,0x00,0x00,0x00,0x00,0x00,0x00,0x00,0x00,0x00,0x00,0x00,0x00,0x00,0x00,0x00,0x00,0x00,0x00,
0x00,0x00,0x00,0x00,0x00,0x00,0x00,0x00,0x00,0x00,0x00,0x00,0x00,0x00,0x00,0x00,0x00,0x00,0x00,0x00,0x00,0x00,0x00,0x00,0x00,0x00,0x00,0x00,0x00,0x00,0x00,0x00,0x00,0x00,0x00,0x00,0x00,0x00,0x00,0x00,0x00,0x00,0x00,0x00,0x00,0x00,0x00,0x00,0x00,0x00,
0x00,0x00,0x00,0x00,0x00,0x00,0x00,0x00,0x00,0x00,0x00,0x00,0x00,0x00,0x00,0x00,0x00,0x00,0x00,0x00,0x00,0x00,0x00,0x00,0x00,0x00,0x00,0x00,0x00,0x00,0x00,0x00,0x00,0x00,0x00,0x00,0x00,0x00,0x00,0x00,0x00,0x00,0x00,0x00,0x00,0x00,0x00,0x00,0x00,0x00,
0x00,0x00,0x00,0x00,0x00,0x00,0x00,0x00,0x00,0x00,0x00,0x00,0x00,0x00,0x00,0x00,0x00,0x00,0x00,0x00,0x00,0x00,0x00,0x00,0x00,0x00,0x00,0x00,0x00,0x00,0x00,0x00,0x00,0x00,0x00,0x00,0x00,0x00,0x00,0x00,0x00,0x00,0x00,0x00,0x00,0x00,0x00,0x00,0x00,0x00,
0x00,0x00,0x00,0x00,0x00,0x00,0x00,0x00,0x00,0x00,0x00,0x00,0x00,0x00,0x00,0x00,0x10,0x10,0x10,0x10,0x10,0x10,0x10,0x10,0x10,0x10,0x10,0x10,0x10,0x10,0x10,0x10,0x10,0x10,0x10,0x10,0x10,0x10,0x10,0x10,0x10,0x10,0x00,0x00,0x00,0x00,0x00,0x00,0x20,0x20,
0x20,0x20,0x20,0x20,0x20,0x20,0x20,0x20,0x20,0x20,0x20,0x20,0x20,0x20,0x20,0x20,0x20,0x20,0x20,0x20,0x20,0x20,0x20,0x20,0x00,0x00,0x00,0x00,0x00,0x00,0x00,0x00,0x00,0x00,0x00,0x00,0x00,0x00,0x00,0x00,0x00,0x00,0x00,0x00,0x00,0x00,0x00,0x00,0x00,0x00,
0x00,0x00,0x00,0x00,0x00,0x00,0x00,0x00,0x00,0x00,0x00,0x00,0x00,0x00,0x00,0x00,0x00,0x00,0x00,0x00,0x00,0x00,0x00,0x00,0x00,0x00,0x00,0x00,0x00,0x00,0x00,0x00,0x00,0x00,0x00,0x00,0x00,0x00,0x00,0x00,0x00,0x00,0x00,0x00,0x00,0x00,0x00,0x00,0x00,0x00,
0x00,0x00,0x00,0x00,0x00,0x00,0x00,0x00,0x00,0x00,0x00,0x00,0x00,0x00,0x00,0x00,0x00,0x00,0x00,0x00,0x00,0x00,0x00,0x00,0x00,0x00,0x00,0x00,0x00,0x00,0x00,0x00,0x00,0x00,0x00,0x00,0x00,0x00,0x00,0x00,0x00,0x00,0x00,0x00,0x00,0x00,0x00,0x00,0x00,0x00,
0x00,0x00,0x00,0x00,0x00,0x00,0x00,0x00,0x00,0x00,0x00,0x00,0x00,0x00,0x00,0x00,0x00,0x00,0x00,0x00,0x00,0x00,0x00,0x00,0x00,0x00,0x00,0x00,0x00,0x00,0x00,0x00,0x00,0x00,0x00,0x00,0x00,0x00,0x00,0x00,0x00,0x00,0x00,0x00,0x00,0x00,0x00,0x00,0x00,0x00,
0x00,0x00,0x00,0x00,0x00,0x00,0x00,0x00,0x00,0x00,0x00,0x00,0x00,0x00,0x00,0x00,0x00,0x00,0x00,0x00,0x00,0x00,0x00,0x00,0x00,0x00,0x00,0x00,0x00,0x61,0x62,0x63,0x64,0x65,0x66,0x67,0x68,0x69,0x6A,0x6B,0x6C,0x6D,0x6E,0x6F,0x70,0x71,0x72,0x73,0x74,0x75,
0x76,0x77,0x78,0x79,0x7A,0x00,0x00,0x00,0x00,0x00,0x00,0x41,0x42,0x43,0x44,0x45,0x46,0x47,0x48,0x49,0x4A,0x4B,0x4C,0x4D,0x4E,0x4F,0x50,0x51,0x52,0x53,0x54,0x55,0x56,0x57,0x58,0x59,0x5A,0x00,0x00,0x00,0x00,0x00,0x00,0x00,0x00,0x00,0x00,0x00,0x00,0x00,
0x00,0x00,0x00,0x00,0x00,0x00,0x00,0x00,0x00,0x00,0x00,0x00,0x00,0x00,0x00,0x00,0x00,0x00,0x00,0x00,0x00,0x00,0x00,0x00,0x00,0x00,0x00,0x00,0x00,0x00,0x00,0x00,0x00,0x00,0x00,0x00,0x00,0x00,0x00,0x00,0x00,0x00,0x00,0x00,0x00,0x00,0x00,0x00,0x00,0x00,
0x00,0x00,0x00,0x00,0x00,0x00,0x00,0x00,0x00,0x00,0x00,0x00,0x00,0x00,0x00,0x00,0x00,0x00,0x00,0x00,0x00,0x00,0x00,0x00,0x00,0x00,0x00,0x00,0x00,0x00,0x00,0x00,0x00,0x00,0x00,0x00,0x00,0x00,0x00,0x00,0x00,0x00,0x00,0x00,0x00,0x00,0x00,0x00,0x00,0x00,
0x00,0x00,0x00,0x00,0x00,0x00,0x00,0x00,0x00,0x00,0x00,0x00,0x00,0x00,0x00,0x00,0x00,0x00,0x00,0x00,0x18,0x30,0x57,0x10,0x01,0x02,0x04,0x08,0xA4,0x03,0x00,0x00,0x60,0x82,0x79,0x82,0x21,0x00,0x00,0x00,0x00,0x00,0x00,0x00,0xA6,0xDF,0x00,0x00,0x00,0x00,
0x00,0x00,0xA1,0xA5,0x00,0x00,0x00,0x00,0x00,0x00,0x81,0x9F,0xE0,0xFC,0x00,0x00,0x00,0x00,0x40,0x7E,0x80,0xFC,0x00,0x00,0x00,0x00,0xA8,0x03,0x00,0x00,0xC1,0xA3,0xDA,0xA3,0x20,0x00,0x00,0x00,0x00,0x00,0x00,0x00,0x00,0x00,0x00,0x00,0x00,0x00,0x00,0x00,
0x00,0x00,0x00,0x00,0x00,0x00,0x00,0x00,0x81,0xFE,0x00,0x00,0x00,0x00,0x00,0x00,0x40,0xFE,0x00,0x00,0x00,0x00,0x00,0x00,0xB5,0x03,0x00,0x00,0xC1,0xA3,0xDA,0xA3,0x20,0x00,0x00,0x00,0x00,0x00,0x00,0x00,0x00,0x00,0x00,0x00,0x00,0x00,0x00,0x00,0x00,0x00,
0x00,0x00,0x00,0x00,0x00,0x00,0x81,0xFE,0x00,0x00,0x00,0x00,0x00,0x00,0x41,0xFE,0x00,0x00,0x00,0x00,0x00,0x00,0xB6,0x03,0x00,0x00,0xCF,0xA2,0xE4,0xA2,0x1A,0x00,0xE5,0xA2,0xE8,0xA2,0x5B,0x00,0x00,0x00,0x00,0x00,0x00,0x00,0x00,0x00,0x00,0x00,0x00,0x00,
0x00,0x00,0x00,0x00,0x81,0xFE,0x00,0x00,0x00,0x00,0x00,0x00,0x40,0x7E,0xA1,0xFE,0x00,0x00,0x00,0x00,0x51,0x05,0x00,0x00,0x51,0xDA,0x5E,0xDA,0x20,0x00,0x5F,0xDA,0x6A,0xDA,0x32,0x00,0x00,0x00,0x00,0x00,0x00,0x00,0x00,0x00,0x00,0x00,0x00,0x00,0x00,0x00,
0x00,0x00,0x81,0xD3,0xD8,0xDE,0xE0,0xF9,0x00,0x00,0x31,0x7E,0x81,0xFE,0x00,0x00,0x00,0x00,0xFE,0xFF,0xFF,0xFF,0x43,0x00,0x00,0x00,0xE0,0x3E,0x4D,0x10,0xDC,0x3E,0x4D,0x10,0xD8,0x3E,0x4D,0x10,0xD4,0x3E,0x4D,0x10,0xD0,0x3E,0x4D,0x10,0xCC,0x3E,0x4D,0x10,
0xC8,0x3E,0x4D,0x10,0xC0,0x3E,0x4D,0x10,0xB8,0x3E,0x4D,0x10,0xB0,0x3E,0x4D,0x10,0xA4,0x3E,0x4D,0x10,0x98,0x3E,0x4D,0x10,0x90,0x3E,0x4D,0x10,0x84,0x3E,0x4D,0x10,0x24,0xE2,0x4A,0x10,0x20,0xE2,0x4A,0x10,0x1C,0xE2,0x4A,0x10,0x18,0xE2,0x4A,0x10,0x14,0xE2,
0x4A,0x10,0x10,0xE2,0x4A,0x10,0x0C,0xE2,0x4A,0x10,0x08,0xE2,0x4A,0x10,0x04,0xE2,0x4A,0x10,0x00,0xE2,0x4A,0x10,0xFC,0xE1,0x4A,0x10,0xF8,0xE1,0x4A,0x10,0x7C,0x3E,0x4D,0x10,0x70,0x3E,0x4D,0x10,0x68,0x3E,0x4D,0x10,0x60,0x3E,0x4D,0x10,0x14,0xE2,0x4A,0x10,
0x58,0x3E,0x4D,0x10,0x50,0x3E,0x4D,0x10,0x48,0x3E,0x4D,0x10,0x3C,0x3E,0x4D,0x10,0x34,0x3E,0x4D,0x10,0x28,0x3E,0x4D,0x10,0x1C,0x3E,0x4D,0x10,0x18,0x3E,0x4D,0x10,0x14,0x3E,0x4D,0x10,0x08,0x3E,0x4D,0x10,0xF4,0x3D,0x4D,0x10,0xE8,0x3D,0x4D,0x10,0x09,0x04,
0x00,0x00,0x01,0x00,0x00,0x00,0x00,0x00,0x00,0x00,0xE0,0x3D,0x4D,0x10,0xD8,0x3D,0x4D,0x10,0xD0,0x3D,0x4D,0x10,0xC8,0x3D,0x4D,0x10,0xC0,0x3D,0x4D,0x10,0xB8,0x3D,0x4D,0x10,0xB0,0x3D,0x4D,0x10,0xA0,0x3D,0x4D,0x10,0x90,0x3D,0x4D,0x10,0x80,0x3D,0x4D,0x10,
0x6C,0x3D,0x4D,0x10,0x58,0x3D,0x4D,0x10,0x48,0x3D,0x4D,0x10,0x34,0x3D,0x4D,0x10,0x2C,0x3D,0x4D,0x10,0x24,0x3D,0x4D,0x10,0x1C,0x3D,0x4D,0x10,0x14,0x3D,0x4D,0x10,0x0C,0x3D,0x4D,0x10,0x04,0x3D,0x4D,0x10,0xFC,0x3C,0x4D,0x10,0xF4,0x3C,0x4D,0x10,0xEC,0x3C,
0x4D,0x10,0xE4,0x3C,0x4D,0x10,0xDC,0x3C,0x4D,0x10,0xD4,0x3C,0x4D,0x10,0xC4,0x3C,0x4D,0x10,0xB0,0x3C,0x4D,0x10,0xA4,0x3C,0x4D,0x10,0x98,0x3C,0x4D,0x10,0x0C,0x3D,0x4D,0x10,0x8C,0x3C,0x4D,0x10,0x80,0x3C,0x4D,0x10,0x70,0x3C,0x4D,0x10,0x5C,0x3C,0x4D,0x10,
0x4C,0x3C,0x4D,0x10,0x38,0x3C,0x4D,0x10,0x24,0x3C,0x4D,0x10,0x1C,0x3C,0x4D,0x10,0x14,0x3C,0x4D,0x10,0x00,0x3C,0x4D,0x10,0xD8,0x3B,0x4D,0x10,0xC4,0x3B,0x4D,0x10,0x00,0x00,0x00,0x00,0x01,0x00,0x00,0x00,0x00,0x00,0x00,0x00,0x00,0x00,0x00,0x00,0x00,0x00,
0x00,0x00,0x00,0x00,0x00,0x00,0x00,0x00,0x00,0x00,0x00,0x00,0x00,0x00,0x00,0x00,0x00,0x00,0x00,0x00,0x00,0x00,0x00,0x00,0x00,0x00,0x00,0x00,0x00,0x00,0x00,0x00,0x00,0x00,0x00,0x00,0x00,0x00,0x00,0x00,0x00,0x00,0x00,0x00,0x00,0x00,0x00,0x00,0x00,0x00,
0x00,0x00,0x00,0x00,0x00,0x00,0x00,0x00,0x00,0x00,0x00,0x00,0x00,0x00,0x00,0x00,0x00,0x00,0x00,0x00,0x00,0x00,0x00,0x00,0x3C,0x35,0x57,0x10,0x00,0x00,0x00,0x00,0x00,0x00,0x00,0x00,0x00,0x00,0x00,0x00,0x3C,0x35,0x57,0x10,0x00,0x00,0x00,0x00,0x00,0x00,
0x00,0x00,0x00,0x00,0x00,0x00,0x3C,0x35,0x57,0x10,0x00,0x00,0x00,0x00,0x00,0x00,0x00,0x00,0x00,0x00,0x00,0x00,0x3C,0x35,0x57,0x10,0x00,0x00,0x00,0x00,0x00,0x00,0x00,0x00,0x00,0x00,0x00,0x00,0x3C,0x35,0x57,0x10,0x00,0x00,0x00,0x00,0x00,0x00,0x00,0x00,
0x00,0x00,0x00,0x00,0x01,0x00,0x00,0x00,0x01,0x00,0x00,0x00,0x00,0x00,0x00,0x00,0x00,0x00,0x00,0x00,0x00,0x00,0x00,0x00,0x28,0x2B,0x57,0x10,0x00,0x00,0x00,0x00,0x00,0x00,0x00,0x00,0x68,0x2A,0x4D,0x10,0xF0,0x2E,0x4D,0x10,0x70,0x30,0x4D,0x10,0x40,0x35,
0x57,0x10,0xA8,0x36,0x57,0x10,0xA8,0x36,0x57,0x10,0x18,0x30,0x57,0x10,0x01,0x00,0x00,0x00,0x2E,0x00,0x00,0x00,0x01,0x00,0x00,0x00,0x00,0x00,0x00,0x00,0x01,0x00,0x00,0x00,0x00,0x00,0x00,0x00,0x01,0x00,0x00,0x00,0x00,0x00,0x00,0x00,0x00,0x00,0x00,0x00,
0x00,0x00,0x00,0x00,0x01,0x00,0x00,0x00,0x00,0x00,0x00,0x00,0x01,0x00,0x00,0x00,0x00,0x00,0x00,0x00,0x00,0x00,0x00,0x00,0x00,0x00,0x00,0x00,0x01,0x00,0x00,0x00,0x00,0x00,0x00,0x00,0x01,0x00,0x00,0x00,0x00,0x00,0x00,0x00,0x01,0x00,0x00,0x00,0x00,0x00,
0x00,0x00,0x00,0x00,0x00,0x00,0x00,0x00,0x00,0x00,0x01,0x00,0x00,0x00,0x00,0x00,0x00,0x00,0x00,0x00,0x00,0x00,0x00,0x00,0x00,0x00,0x01,0x00,0x00,0x00,0x00,0x00,0x00,0x00,0x01,0x00,0x00,0x00,0x00,0x00,0x00,0x00,0x01,0x00,0x00,0x00,0x00,0x00,0x00,0x00,
0x00,0x00,0x00,0x00,0x00,0x00,0x00,0x00,0x01,0x00,0x00,0x00,0x00,0x00,0x00,0x00,0x01,0x00,0x00,0x00,0x00,0x00,0x00,0x00,0x01,0x00,0x00,0x00,0x00,0x00,0x00,0x00,0x00,0x00,0x00,0x00,0x00,0x00,0x00,0x00,0x00,0x00,0x00,0x00,0x00,0x00,0x00,0x00,0x00,0x00,
0x00,0x00,0x00,0x00,0x00,0x00,0x00,0x00,0x00,0x00,0x00,0x00,0x00,0x00,0x00,0x00,0x00,0x00,0x00,0x00,0x00,0x00,0x00,0x00,0x00,0x00,0x00,0x00,0x00,0x00,0x00,0x00,0x00,0x00,0x00,0x00,0x00,0x00,0x00,0x00,0x00,0x00,0x00,0x00,0x00,0x00,0x00,0x00,0x00,0x00,
0x00,0x00,0x00,0x00,0x00,0x00,0x00,0x00,0x00,0x00,0x00,0x00,0x00,0x00,0x00,0x00,0x00,0x00,0x00,0x00,0x00,0x00,0x00,0x00,0x00,0x00,0x00,0x00,0x00,0x00,0x00,0x00,0x00,0x00,0x00,0x00,0x00,0x00,0x00,0x00,0x00,0x00,0x00,0x00,0x00,0x00,0x00,0x00,0x00,0x00,
0x00,0x00,0x00,0x00,0x00,0x00,0x00,0x00,0x00,0x00,0x00,0x00,0x00,0x00,0x00,0x00,0x00,0x00,0x00,0x00,0x00,0x00,0xFF,0xFF,0xFF,0xFF,0x1E,0x00,0x00,0x00,0x3B,0x00,0x00,0x00,0x5A,0x00,0x00,0x00,0x78,0x00,0x00,0x00,0x97,0x00,0x00,0x00,0xB5,0x00,0x00,0x00,
0xD4,0x00,0x00,0x00,0xF3,0x00,0x00,0x00,0x11,0x01,0x00,0x00,0x30,0x01,0x00,0x00,0x4E,0x01,0x00,0x00,0x6D,0x01,0x00,0x00,0xFF,0xFF,0xFF,0xFF,0x1E,0x00,0x00,0x00,0x3A,0x00,0x00,0x00,0x59,0x00,0x00,0x00,0x77,0x00,0x00,0x00,0x96,0x00,0x00,0x00,0xB4,0x00,
0x00,0x00,0xD3,0x00,0x00,0x00,0xF2,0x00,0x00,0x00,0x10,0x01,0x00,0x00,0x2F,0x01,0x00,0x00,0x4D,0x01,0x00,0x00,0x6C,0x01,0x00,0x00,0x00,0x00,0x00,0x00,0x00,0x00,0x00,0x00,0xFF,0xFF,0xFF,0xFF,0x00,0x00,0x00,0x00,0x00,0x00,0x00,0x00,0xFF,0xFF,0xFF,0xFF,
0x00,0x00,0x00,0x00,0x00,0x00,0x00,0x00,0x80,0x70,0x00,0x00,0x01,0x00,0x00,0x00,0xF0,0xF1,0xFF,0xFF,0x00,0x00,0x00,0x00,0x50,0x53,0x54,0x00,0x00,0x00,0x00,0x00,0x00,0x00,0x00,0x00,0x00,0x00,0x00,0x00,0x00,0x00,0x00,0x00,0x00,0x00,0x00,0x00,0x00,0x00,
0x00,0x00,0x00,0x00,0x00,0x00,0x00,0x00,0x00,0x00,0x00,0x00,0x00,0x00,0x00,0x00,0x00,0x00,0x00,0x00,0x00,0x00,0x00,0x00,0x00,0x00,0x00,0x00,0x00,0x00,0x00,0x00,0x00,0x00,0x00,0x00,0x00,0x00,0x50,0x44,0x54,0x00,0x00,0x00,0x00,0x00,0x00,0x00,0x00,0x00,
0x00,0x00,0x00,0x00,0x00,0x00,0x00,0x00,0x00,0x00,0x00,0x00,0x00,0x00,0x00,0x00,0x00,0x00,0x00,0x00,0x00,0x00,0x00,0x00,0x00,0x00,0x00,0x00,0x00,0x00,0x00,0x00,0x00,0x00,0x00,0x00,0x00,0x00,0x00,0x00,0x00,0x00,0x00,0x00,0x00,0x00,0x00,0x00,0x00,0x00,
0x00,0x00,0x58,0x39,0x57,0x10,0x98,0x39,0x57,0x10,0xFF,0xFF,0xFF,0xFF,0x80,0x0A,0x00,0x00,0x00,0x00,0x00,0x00,0x00,0x00,0x00,0x00,0x00,0x00,0x00,0x00,0x00,0x00,0x00,0x00,0x00,0x00,0x00,0x00,0x00,0x00,0x00,0x00,0x00,0x00,0x00,0x00,0x00,0x00,0x00,0x00,
0x00,0x00,0x00,0x00,0x00,0x00,0x00,0x00,0x00,0x00,0x00,0x00,0x00,0x00,0x00,0x00,0x00,0x00,0x00,0x00,0x00,0x00,0x00,0x00,0x00,0x00,0x00,0x00,0x00,0x00,0xF0,0x7F,0x00,0x00,0x00,0x00,0x00,0x00,0xF8,0xFF,0xFF,0xFF,0xFF,0xFF,0xFF,0xFF,0xEF,0x7F,0x00,0x00,
0x00,0x00,0x00,0x00,0x10,0x00,0x00,0x00,0x00,0x00,0x00,0x00,0x00,0x80,0x14,0x00,0x00,0x00,0x00,0x48,0x4D,0x10,0x1D,0x00,0x00,0x00,0xFC,0x47,0x4D,0x10,0x1A,0x00,0x00,0x00,0x08,0xB6,0x4B,0x10,0x1B,0x00,0x00,0x00,0xF4,0x47,0x4D,0x10,0x1F,0x00,0x00,0x00,
0xEC,0x47,0x4D,0x10,0x13,0x00,0x00,0x00,0xE4,0x47,0x4D,0x10,0x21,0x00,0x00,0x00,0xDC,0x47,0x4D,0x10,0x0E,0x00,0x00,0x00,0xD4,0x47,0x4D,0x10,0x0D,0x00,0x00,0x00,0xCC,0x47,0x4D,0x10,0x0F,0x00,0x00,0x00,0xC4,0x47,0x4D,0x10,0x10,0x00,0x00,0x00,0xBC,0x47,
0x4D,0x10,0x05,0x00,0x00,0x00,0xB4,0x47,0x4D,0x10,0x1E,0x00,0x00,0x00,0xB0,0x47,0x4D,0x10,0x12,0x00,0x00,0x00,0xAC,0x47,0x4D,0x10,0x20,0x00,0x00,0x00,0x10,0x5F,0x4C,0x10,0x0C,0x00,0x00,0x00,0xA4,0x47,0x4D,0x10,0x0B,0x00,0x00,0x00,0x9C,0x47,0x4D,0x10,
0x15,0x00,0x00,0x00,0x94,0x47,0x4D,0x10,0x1C,0x00,0x00,0x00,0x8C,0x47,0x4D,0x10,0x19,0x00,0x00,0x00,0x84,0x47,0x4D,0x10,0x11,0x00,0x00,0x00,0x7C,0x47,0x4D,0x10,0x18,0x00,0x00,0x00,0x74,0x47,0x4D,0x10,0x16,0x00,0x00,0x00,0x6C,0x47,0x4D,0x10,0x17,0x00,
0x00,0x00,0x64,0x47,0x4D,0x10,0x22,0x00,0x00,0x00,0x60,0x47,0x4D,0x10,0x23,0x00,0x00,0x00,0x5C,0x47,0x4D,0x10,0x24,0x00,0x00,0x00,0x58,0x47,0x4D,0x10,0x25,0x00,0x00,0x00,0x50,0x47,0x4D,0x10,0x26,0x00,0x00,0x00,0x44,0x47,0x4D,0x10,0x00,0x00,0x00,0x00,
0x00,0x00,0x00,0x80,0x10,0x44,0x00,0x00,0x01,0x00,0x00,0x00,0x00,0x00,0x00,0x80,0x00,0x30,0x00,0x00,0x01,0x00,0x00,0x00,0x3F,0x17,0x00,0x00,0x84,0xF3,0x49,0x10,0x4C,0x4C,0x4D,0x10,0x30,0x4C,0x4D,0x10,0x20,0x4C,0x4D,0x10,0x04,0x4C,0x4D,0x10,0xF0,0x4B,
0x4D,0x10,0xD4,0x4B,0x4D,0x10,0xC0,0x4B,0x4D,0x10,0xAC,0x4B,0x4D,0x10,0x98,0x4B,0x4D,0x10,0x84,0x4B,0x4D,0x10,0x60,0x4B,0x4D,0x10,0x4C,0x4B,0x4D,0x10,0x38,0x4B,0x4D,0x10,0x2C,0x4B,0x4D,0x10,0x3C,0x5D,0x4A,0x10,0x1C,0x4B,0x4D,0x10,0x10,0x4B,0x4D,0x10,
0x00,0x4B,0x4D,0x10,0xF0,0x4A,0x4D,0x10,0xE0,0x4A,0x4D,0x10,0xD0,0x4A,0x4D,0x10,0xBC,0x4A,0x4D,0x10,0x9C,0x4A,0x4D,0x10,0x88,0x4A,0x4D,0x10,0x64,0x4A,0x4D,0x10,0x3C,0x5D,0x4A,0x10,0x54,0x4A,0x4D,0x10,0x3C,0x4A,0x4D,0x10,0x2C,0x4A,0x4D,0x10,0x14,0x4A,
0x4D,0x10,0x04,0x4A,0x4D,0x10,0xF8,0x49,0x4D,0x10,0xE8,0x49,0x4D,0x10,0xD4,0x49,0x4D,0x10,0x3C,0x5D,0x4A,0x10,0xB8,0x49,0x4D,0x10,0x3C,0x5D,0x4A,0x10,0xA4,0x49,0x4D,0x10,0x90,0x49,0x4D,0x10,0x74,0x49,0x4D,0x10,0x60,0x49,0x4D,0x10,0x48,0x49,0x4D,0x10,
0x3C,0x5D,0x4A,0x10,0x2B,0x00,0x00,0x00,0x00,0x00,0x00,0x00,0x00,0x00,0x00,0x00,0x00,0x00,0x00,0x00,0x00,0x00,0x00,0x00,0x00,0x00,0xF0,0x7F,0x00,0x00,0x00,0x00,0x00,0x00,0x00,0x00,0x3F,0x1B,0x00,0x00,0x00,0x00,0x00,0x00,0x00,0x00,0x00,0x00,0x00,0x00,
0x00,0x00,0x20,0x05,0x93,0x19,0x00,0x00,0x00,0x00,0x00,0x00,0x00,0x00,0x00,0x00,0x00,0x00,0x00,0x04,0x00,0x00,0x01,0xFC,0xFF,0xFF,0x35,0x00,0x00,0x00,0x0B,0x00,0x00,0x00,0x40,0x00,0x00,0x00,0xFF,0x03,0x00,0x00,0x80,0x00,0x00,0x00,0x81,0xFF,0xFF,0xFF,
0x18,0x00,0x00,0x00,0x08,0x00,0x00,0x00,0x20,0x00,0x00,0x00,0x7F,0x00,0x00,0x00,0x00,0x00,0x00,0x00,0x00,0x00,0x00,0x00,0x00,0xA0,0x02,0x40,0x00,0x00,0x00,0x00,0x00,0x00,0x00,0x00,0x00,0xC8,0x05,0x40,0x00,0x00,0x00,0x00,0x00,0x00,0x00,0x00,0x00,0xFA,
0x08,0x40,0x00,0x00,0x00,0x00,0x00,0x00,0x00,0x00,0x40,0x9C,0x0C,0x40,0x00,0x00,0x00,0x00,0x00,0x00,0x00,0x00,0x50,0xC3,0x0F,0x40,0x00,0x00,0x00,0x00,0x00,0x00,0x00,0x00,0x24,0xF4,0x12,0x40,0x00,0x00,0x00,0x00,0x00,0x00,0x00,0x80,0x96,0x98,0x16,0x40,
0x00,0x00,0x00,0x00,0x00,0x00,0x00,0x20,0xBC,0xBE,0x19,0x40,0x00,0x00,0x00,0x00,0x00,0x04,0xBF,0xC9,0x1B,0x8E,0x34,0x40,0x00,0x00,0x00,0xA1,0xED,0xCC,0xCE,0x1B,0xC2,0xD3,0x4E,0x40,0x20,0xF0,0x9E,0xB5,0x70,0x2B,0xA8,0xAD,0xC5,0x9D,0x69,0x40,0xD0,0x5D,
0xFD,0x25,0xE5,0x1A,0x8E,0x4F,0x19,0xEB,0x83,0x40,0x71,0x96,0xD7,0x95,0x43,0x0E,0x05,0x8D,0x29,0xAF,0x9E,0x40,0xF9,0xBF,0xA0,0x44,0xED,0x81,0x12,0x8F,0x81,0x82,0xB9,0x40,0xBF,0x3C,0xD5,0xA6,0xCF,0xFF,0x49,0x1F,0x78,0xC2,0xD3,0x40,0x6F,0xC6,0xE0,0x8C,
0xE9,0x80,0xC9,0x47,0xBA,0x93,0xA8,0x41,0xBC,0x85,0x6B,0x55,0x27,0x39,0x8D,0xF7,0x70,0xE0,0x7C,0x42,0xBC,0xDD,0x8E,0xDE,0xF9,0x9D,0xFB,0xEB,0x7E,0xAA,0x51,0x43,0xA1,0xE6,0x76,0xE3,0xCC,0xF2,0x29,0x2F,0x84,0x81,0x26,0x44,0x28,0x10,0x17,0xAA,0xF8,0xAE,
0x10,0xE3,0xC5,0xC4,0xFA,0x44,0xEB,0xA7,0xD4,0xF3,0xF7,0xEB,0xE1,0x4A,0x7A,0x95,0xCF,0x45,0x65,0xCC,0xC7,0x91,0x0E,0xA6,0xAE,0xA0,0x19,0xE3,0xA3,0x46,0x0D,0x65,0x17,0x0C,0x75,0x81,0x86,0x75,0x76,0xC9,0x48,0x4D,0x58,0x42,0xE4,0xA7,0x93,0x39,0x3B,0x35,
0xB8,0xB2,0xED,0x53,0x4D,0xA7,0xE5,0x5D,0x3D,0xC5,0x5D,0x3B,0x8B,0x9E,0x92,0x5A,0xFF,0x5D,0xA6,0xF0,0xA1,0x20,0xC0,0x54,0xA5,0x8C,0x37,0x61,0xD1,0xFD,0x8B,0x5A,0x8B,0xD8,0x25,0x5D,0x89,0xF9,0xDB,0x67,0xAA,0x95,0xF8,0xF3,0x27,0xBF,0xA2,0xC8,0x5D,0xDD,
0x80,0x6E,0x4C,0xC9,0x9B,0x97,0x20,0x8A,0x02,0x52,0x60,0xC4,0x25,0x75,0x00,0x00,0x00,0x00,0xCD,0xCC,0xCD,0xCC,0xCC,0xCC,0xCC,0xCC,0xCC,0xCC,0xFB,0x3F,0x71,0x3D,0x0A,0xD7,0xA3,0x70,0x3D,0x0A,0xD7,0xA3,0xF8,0x3F,0x5A,0x64,0x3B,0xDF,0x4F,0x8D,0x97,0x6E,
0x12,0x83,0xF5,0x3F,0xC3,0xD3,0x2C,0x65,0x19,0xE2,0x58,0x17,0xB7,0xD1,0xF1,0x3F,0xD0,0x0F,0x23,0x84,0x47,0x1B,0x47,0xAC,0xC5,0xA7,0xEE,0x3F,0x40,0xA6,0xB6,0x69,0x6C,0xAF,0x05,0xBD,0x37,0x86,0xEB,0x3F,0x33,0x3D,0xBC,0x42,0x7A,0xE5,0xD5,0x94,0xBF,0xD6,
0xE7,0x3F,0xC2,0xFD,0xFD,0xCE,0x61,0x84,0x11,0x77,0xCC,0xAB,0xE4,0x3F,0x2F,0x4C,0x5B,0xE1,0x4D,0xC4,0xBE,0x94,0x95,0xE6,0xC9,0x3F,0x92,0xC4,0x53,0x3B,0x75,0x44,0xCD,0x14,0xBE,0x9A,0xAF,0x3F,0xDE,0x67,0xBA,0x94,0x39,0x45,0xAD,0x1E,0xB1,0xCF,0x94,0x3F,
0x24,0x23,0xC6,0xE2,0xBC,0xBA,0x3B,0x31,0x61,0x8B,0x7A,0x3F,0x61,0x55,0x59,0xC1,0x7E,0xB1,0x53,0x7C,0x12,0xBB,0x5F,0x3F,0xD7,0xEE,0x2F,0x8D,0x06,0xBE,0x92,0x85,0x15,0xFB,0x44,0x3F,0x24,0x3F,0xA5,0xE9,0x39,0xA5,0x27,0xEA,0x7F,0xA8,0x2A,0x3F,0x7D,0xAC,
0xA1,0xE4,0xBC,0x64,0x7C,0x46,0xD0,0xDD,0x55,0x3E,0x63,0x7B,0x06,0xCC,0x23,0x54,0x77,0x83,0xFF,0x91,0x81,0x3D,0x91,0xFA,0x3A,0x19,0x7A,0x63,0x25,0x43,0x31,0xC0,0xAC,0x3C,0x21,0x89,0xD1,0x38,0x82,0x47,0x97,0xB8,0x00,0xFD,0xD7,0x3B,0xDC,0x88,0x58,0x08,
0x1B,0xB1,0xE8,0xE3,0x86,0xA6,0x03,0x3B,0xC6,0x84,0x45,0x42,0x07,0xB6,0x99,0x75,0x37,0xDB,0x2E,0x3A,0x33,0x71,0x1C,0xD2,0x23,0xDB,0x32,0xEE,0x49,0x90,0x5A,0x39,0xA6,0x87,0xBE,0xC0,0x57,0xDA,0xA5,0x82,0xA6,0xA2,0xB5,0x32,0xE2,0x68,0xB2,0x11,0xA7,0x52,
0x9F,0x44,0x59,0xB7,0x10,0x2C,0x25,0x49,0xE4,0x2D,0x36,0x34,0x4F,0x53,0xAE,0xCE,0x6B,0x25,0x8F,0x59,0x04,0xA4,0xC0,0xDE,0xC2,0x7D,0xFB,0xE8,0xC6,0x1E,0x9E,0xE7,0x88,0x5A,0x57,0x91,0x3C,0xBF,0x50,0x83,0x22,0x18,0x4E,0x4B,0x65,0x62,0xFD,0x83,0x8F,0xAF,
0x06,0x94,0x7D,0x11,0xE4,0x2D,0xDE,0x9F,0xCE,0xD2,0xC8,0x04,0xDD,0xA6,0xD8,0x0A,0x94,0x26,0x00,0x00,0xFE,0xFF,0xFF,0xFF,0x00,0x00,0x00,0x00,0x00,0x00,0x00,0x00,0x00,0x00,0x00,0x00,0xE0,0x69,0x4D,0x10,0x28,0x00,0x00,0x00,0x00,0x00,0x00,0x00,0xCC,0x95,
0x56,0x10,0x00,0x00,0x00,0x00,0x00,0x00,0x00,0x00,0xE0,0x23,0x4D,0x10,0x00,0x00,0x00,0x00,0x2E,0x3F,0x41,0x56,0x77,0x78,0x56,0x61,0x72,0x69,0x61,0x6E,0x74,0x40,0x40,0x00,0xE0,0x23,0x4D,0x10,0x00,0x00,0x00,0x00,0x2E,0x3F,0x41,0x56,0x77,0x78,0x56,0x61,
0x72,0x69,0x61,0x6E,0x74,0x44,0x61,0x74,0x61,0x4C,0x6F,0x6E,0x67,0x40,0x40,0x00,0xE0,0x23,0x4D,0x10,0x00,0x00,0x00,0x00,0x2E,0x3F,0x41,0x56,0x77,0x78,0x56,0x61,0x72,0x69,0x61,0x6E,0x74,0x44,0x6F,0x75,0x62,0x6C,0x65,0x44,0x61,0x74,0x61,0x40,0x40,0x00,
0x00,0x00,0xE0,0x23,0x4D,0x10,0x00,0x00,0x00,0x00,0x2E,0x3F,0x41,0x56,0x77,0x78,0x56,0x61,0x72,0x69,0x61,0x6E,0x74,0x44,0x61,0x74,0x61,0x42,0x6F,0x6F,0x6C,0x40,0x40,0x00,0xE0,0x23,0x4D,0x10,0x00,0x00,0x00,0x00,0x2E,0x3F,0x41,0x56,0x77,0x78,0x56,0x61,
0x72,0x69,0x61,0x6E,0x74,0x44,0x61,0x74,0x61,0x43,0x68,0x61,0x72,0x40,0x40,0x00,0xE0,0x23,0x4D,0x10,0x00,0x00,0x00,0x00,0x2E,0x3F,0x41,0x56,0x77,0x78,0x56,0x61,0x72,0x69,0x61,0x6E,0x74,0x44,0x61,0x74,0x61,0x53,0x74,0x72,0x69,0x6E,0x67,0x40,0x40,0x00,
0x00,0x00,0xE0,0x23,0x4D,0x10,0x00,0x00,0x00,0x00,0x2E,0x3F,0x41,0x56,0x77,0x78,0x56,0x61,0x72,0x69,0x61,0x6E,0x74,0x44,0x61,0x74,0x61,0x57,0x78,0x4F,0x62,0x6A,0x65,0x63,0x74,0x50,0x74,0x72,0x40,0x40,0x00,0x00,0xE0,0x23,0x4D,0x10,0x00,0x00,0x00,0x00,
0x2E,0x3F,0x41,0x56,0x77,0x78,0x56,0x61,0x72,0x69,0x61,0x6E,0x74,0x44,0x61,0x74,0x61,0x56,0x6F,0x69,0x64,0x50,0x74,0x72,0x40,0x40,0x00,0x00,0xE0,0x23,0x4D,0x10,0x00,0x00,0x00,0x00,0x2E,0x3F,0x41,0x56,0x77,0x78,0x56,0x61,0x72,0x69,0x61,0x6E,0x74,0x44,
0x61,0x74,0x61,0x44,0x61,0x74,0x65,0x54,0x69,0x6D,0x65,0x40,0x40,0x00,0xE0,0x23,0x4D,0x10,0x00,0x00,0x00,0x00,0x2E,0x3F,0x41,0x56,0x77,0x78,0x56,0x61,0x72,0x69,0x61,0x6E,0x74,0x44,0x61,0x74,0x61,0x41,0x72,0x72,0x61,0x79,0x53,0x74,0x72,0x69,0x6E,0x67,
0x40,0x40,0x00,0x00,0xE0,0x23,0x4D,0x10,0x00,0x00,0x00,0x00,0x2E,0x3F,0x41,0x56,0x77,0x78,0x56,0x61,0x72,0x69,0x61,0x6E,0x74,0x44,0x61,0x74,0x61,0x4C,0x69,0x73,0x74,0x40,0x40,0x00,0x2C,0x6C,0x4D,0x10,0x0C,0x00,0x00,0x00,0x00,0x00,0x00,0x00,0xB0,0x5A,
0x57,0x10,0x00,0x00,0x00,0x00,0x00,0x00,0x00,0x00,0x3C,0x6C,0x4D,0x10,0x10,0x00,0x00,0x00,0xE0,0xDF,0x3C,0x10,0xB0,0x5A,0x57,0x10,0x00,0x00,0x00,0x00,0x00,0x00,0x00,0x00,0x48,0x6C,0x4D,0x10,0x10,0x00,0x00,0x00,0x10,0xB7,0x3C,0x10,0xD0,0x40,0x57,0x10,
0x00,0x00,0x00,0x00,0x00,0x00,0x00,0x00,0x5C,0x6C,0x4D,0x10,0x18,0x00,0x00,0x00,0x70,0xBB,0x3C,0x10,0xD0,0x40,0x57,0x10,0x00,0x00,0x00,0x00,0x00,0x00,0x00,0x00,0x70,0x6C,0x4D,0x10,0x10,0x00,0x00,0x00,0xD0,0xBE,0x3C,0x10,0xD0,0x40,0x57,0x10,0x00,0x00,
0x00,0x00,0x00,0x00,0x00,0x00,0x84,0x6C,0x4D,0x10,0x10,0x00,0x00,0x00,0x10,0xC2,0x3C,0x10,0xD0,0x40,0x57,0x10,0x00,0x00,0x00,0x00,0x00,0x00,0x00,0x00,0x98,0x6C,0x4D,0x10,0x10,0x00,0x00,0x00,0x40,0xC7,0x3C,0x10,0xD0,0x40,0x57,0x10,0x00,0x00,0x00,0x00,
0x00,0x00,0x00,0x00,0xAC,0x6C,0x4D,0x10,0x10,0x00,0x00,0x00,0x70,0xCC,0x3C,0x10,0xD0,0x40,0x57,0x10,0x00,0x00,0x00,0x00,0x00,0x00,0x00,0x00,0xC8,0x6C,0x4D,0x10,0x10,0x00,0x00,0x00,0xE0,0xCE,0x3C,0x10,0xD0,0x40,0x57,0x10,0x00,0x00,0x00,0x00,0x00,0x00,
0x00,0x00,0xE0,0x6C,0x4D,0x10,0x18,0x00,0x00,0x00,0x70,0xD1,0x3C,0x10,0xD0,0x40,0x57,0x10,0x00,0x00,0x00,0x00,0x00,0x00,0x00,0x00,0xF8,0x6C,0x4D,0x10,0x1C,0x00,0x00,0x00,0x00,0xD6,0x3C,0x10,0xD0,0x40,0x57,0x10,0x00,0x00,0x00,0x00,0x00,0x00,0x00,0x00,
0x14,0x6D,0x4D,0x10,0x28,0x00,0x00,0x00,0xD0,0xDA,0x3C,0x10,0xD0,0x40,0x57,0x10,0x00,0x00,0x00,0x00,0x00,0x00,0x00,0x00,0xE0,0x23,0x4D,0x10,0x00,0x00,0x00,0x00,0x2E,0x3F,0x41,0x56,0x77,0x78,0x53,0x68,0x61,0x72,0x65,0x64,0x44,0x43,0x42,0x75,0x66,0x66,
0x65,0x72,0x4D,0x61,0x6E,0x61,0x67,0x65,0x72,0x40,0x40,0x00,0x00,0x00,0x44,0x6D,0x4D,0x10,0x18,0x00,0x00,0x00,0xB0,0xF7,0x3C,0x10,0xD8,0xA2,0x56,0x10,0x00,0x00,0x00,0x00,0x00,0x00,0x00,0x00,0xE0,0x23,0x4D,0x10,0x00,0x00,0x00,0x00,0x2E,0x3F,0x41,0x56,
0x77,0x78,0x52,0x65,0x6E,0x64,0x65,0x72,0x65,0x72,0x4E,0x61,0x74,0x69,0x76,0x65,0x40,0x40,0x00,0x00,0xE0,0x23,0x4D,0x10,0x00,0x00,0x00,0x00,0x2E,0x3F,0x41,0x56,0x77,0x78,0x44,0x65,0x6C,0x65,0x67,0x61,0x74,0x65,0x52,0x65,0x6E,0x64,0x65,0x72,0x65,0x72,
0x4E,0x61,0x74,0x69,0x76,0x65,0x40,0x40,0x00,0x00,0xE0,0x23,0x4D,0x10,0x00,0x00,0x00,0x00,0x2E,0x3F,0x41,0x56,0x77,0x78,0x52,0x65,0x6E,0x64,0x65,0x72,0x65,0x72,0x4D,0x53,0x57,0x40,0x40,0x00,0xE0,0x23,0x4D,0x10,0x00,0x00,0x00,0x00,0x2E,0x3F,0x41,0x56,
0x77,0x78,0x52,0x65,0x6E,0x64,0x65,0x72,0x65,0x72,0x58,0x50,0x40,0x40,0x00,0x00,0xE0,0x23,0x4D,0x10,0x00,0x00,0x00,0x00,0x2E,0x3F,0x41,0x56,0x77,0x78,0x52,0x65,0x6E,0x64,0x65,0x72,0x65,0x72,0x46,0x72,0x6F,0x6D,0x44,0x79,0x6E,0x4C,0x69,0x62,0x40,0x40,
0x00,0x00,0xE0,0x23,0x4D,0x10,0x00,0x00,0x00,0x00,0x2E,0x3F,0x41,0x56,0x77,0x78,0x52,0x65,0x6E,0x64,0x65,0x72,0x65,0x72,0x47,0x65,0x6E,0x65,0x72,0x69,0x63,0x40,0x40,0x00,0xE0,0x23,0x4D,0x10,0x00,0x00,0x00,0x00,0x2E,0x3F,0x41,0x56,0x77,0x78,0x47,0x65,
0x6E,0x65,0x72,0x69,0x63,0x52,0x65,0x6E,0x64,0x65,0x72,0x65,0x72,0x4D,0x6F,0x64,0x75,0x6C,0x65,0x40,0x40,0x00,0x00,0x00,0xE0,0x23,0x4D,0x10,0x00,0x00,0x00,0x00,0x2E,0x3F,0x41,0x56,0x77,0x78,0x4D,0x69,0x72,0x72,0x6F,0x72,0x44,0x43,0x40,0x40,0x00,0x00,
0x00,0x00,0xD4,0x70,0x4D,0x10,0x18,0x00,0x00,0x00,0x30,0x1A,0x3D,0x10,0xD8,0xA2,0x56,0x10,};